ID,Tipo,SKU,"GTIN, UPC, EAN, or ISBN",Nombre,Publicado,"¿Está destacado?","Visibilidad en el catálogo","Descripción corta",Descripción,"Día en que empieza el precio rebajado","Día en que termina el precio rebajado","Estado del impuesto","Clase de impuesto","¿En inventario?",Inventario,"Cantidad de bajo inventario","¿Permitir reservas de productos agotados?","¿Vendido individualmente?","Peso (kg)","Longitud (cm)","Ancho (cm)","Altura (cm)","¿Permitir valoraciones de clientes?","Nota de compra","Precio rebajado","Precio normal",Categorías,Etiquetas,"Clase de envío",Imágenes,"Límite de descargas","Días de caducidad de la descarga",Superior,"Productos agrupados","Ventas dirigidas","Ventas cruzadas","URL externa","Texto del botón",Posición,Brands,"Nombre del atributo 1","Valor(es) del atributo 1","Atributo visible 1","Atributo global 1","Nombre del atributo 2","Valor(es) del atributo 2","Atributo visible 2","Atributo global 2","Nombre del atributo 3","Valor(es) del atributo 3","Atributo visible 3","Atributo global 3","Nombre del atributo 4","Valor(es) del atributo 4","Atributo visible 4","Atributo global 4","Nombre del atributo 5","Valor(es) del atributo 5","Atributo visible 5","Atributo global 5","Nombre del atributo 6","Valor(es) del atributo 6","Atributo visible 6","Atributo global 6","Nombre del atributo 7","Valor(es) del atributo 7","Atributo visible 7","Atributo global 7","Nombre del atributo 8","Valor(es) del atributo 8","Atributo visible 8","Atributo global 8","Meta: _file_path","Meta: _product_url","Meta: _button_text","Meta: _max_variation_sale_price","Meta: _min_variation_sale_price","Meta: _max_variation_regular_price","Meta: _min_variation_regular_price","Meta: _max_variation_price","Meta: _min_variation_price","Meta: _wc_gla_visibility","Meta: _wc_gla_notification_status","Meta: _wc_gla_sync_status","Meta: _wc_gla_synced_at","Meta: fb_color","Meta: _wc_gla_mc_status","Meta: _wc_facebook_sync_enabled","Meta: fb_visibility","Meta: _wc_facebook_sync_enabled_v2","Meta: fb_product_description","Meta: fb_product_image","Meta: fb_product_price","Meta: wpr_secondary_image_id","Meta: _wp_page_template","Meta: sib_push_meta_box_present","Meta: sib_push_send_notification","Meta: sib_push_target_segment_ids","Meta: _last_editor_used_jetpack","Meta: _vi_woo_product_variation_swatches_product_attribute","Meta: _wcfm_product_views","Meta: _wc_facebook_product_image_source","Meta: _wc_facebook_commerce_enabled","Meta: fb_brand","Meta: fb_mpn","Meta: fb_size","Meta: fb_material","Meta: fb_pattern","Meta: fb_age_group","Meta: fb_gender","Meta: fb_product_condition","Meta: fb_rich_text_description","Meta: _last_change_time","Meta: _eael_post_view_count","Meta: fb_product_group_id","Meta: fb_product_item_id","Meta: fb_product_images","Atributo por defecto 1","Atributo por defecto 2","Atributo por defecto 3","Meta: _wp_old_date"
4295,simple,80225A51686,,"Mochila MINI Circle Sage",1,0,visible,,"Mochila MINI logo circulo\n\n- Mochila con solapa superior\n- Cremallera repelente al agua en 2 vías\n- Bloque de color tono sobre tono en la parte inferior\n- Correas de hombro acolchadas y ajustables\n- Bolsillo exterior con cremallera\n- Interior: bolsillo con cremallera en la solapa superior, 1 bolsillo abierto en el compartimento principal\n- Asa de transporte en la parte superior\n- Impresión MINI Wordmark negra (caucho en aumento) en círculo blanco en el centro delantero\n- Forro de mano suave en Sage (sin patrón de sello)\n- Tirador de cremallera personalizado\n- Dimensiones: 23 x 16 x 35 cm",,,taxable,,1,1,,0,0,,,,,0,,,964.39,"Life Style, Life Style > Mochilas",MOTO,,"https://vecsaboutique.com/wp-content/uploads/2024/09/80225A51686-3.avif, https://vecsaboutique.com/wp-content/uploads/2024/09/80225A51686_B.avif, https://vecsaboutique.com/wp-content/uploads/2024/09/80225A51686_C.avif",,,,,,,,,0,MINI,Color,Salvia,0,0,Edad,Adulto,0,0,Genero,Unisex,0,0,Talla,N/A,0,0,color,Salvia,1,1,edades,Adulto,1,1,genero,Unisex,1,1,talla,N/A,1,1,,,,,,,,,,sync-and-show,created,synced,1773198512,Salvia,approved,,,,,,
4434,variable,80142864025,,"Polo Offset, para caballero",1,0,visible,,"BMW polo caballeroInk blue M",,,taxable,,1,1,,0,0,,,,,0,,,,"Life Style",Promoción,,"https://vecsaboutique.com/wp-content/uploads/2024/09/80142864025-3.avif, https://vecsaboutique.com/wp-content/uploads/2024/09/80142864025_2.avif, https://vecsaboutique.com/wp-content/uploads/2024/09/80142864025_3.avif",,,,,,,,,0,BMW,talla,"L, M, S",1,1,genero,Hombre,1,1,edades,Adulto,1,1,color,Azul,1,1,,,,,,,,,,,,,,,,,,,,,,,,,,sync-and-show,updated,synced,1773716486,Azul,approved,yes,yes,yes,,,
4589,variation,76117913483,,"main header",1,0,visible,,"Chaqueta para el deporte y la relajación en viajes largos: la chaqueta de moto BMW XRide GTX para hombre con detalles de seguridad avanzados y gran comodidad de uso. Gracias al material exterior elástico, los cortes de cuero en forma de pliegues ergonómicos y las correas elásticas preestablecidas, la chaqueta ofrece una gran libertad de movimiento y un ajuste cómodo en cualquier situación de conducción.\n\nEl material y el diseño garantizan la máxima libertad de movimiento.\nCon una chaqueta exterior impermeable (columna de agua 10.000 mm) y transpirable con un tamaño de paquete pequeño\nCorte: regular fit deportivo\nProtectores NP3 pegados al cuerpo en hombros y codos\nprotector de espalda NP3\nEstampado reflectante en los hombros y la espalda de la chaqueta exterior\nCuero duradero\nClase de protección AA\nCuero con tejido elástico integrado en hombros y brazos para una libertad de movimiento óptima\nRecortes de cuero especialmente colocados como pliegues ergonómicos\nGracias a las correas elásticas en los hombros y la cintura, no es necesario ajustar el ancho\nSistema AirVent en la parte delantera con doble cremallera para una ventilación óptima\nEl tejido espaciador 3D en la espalda también proporciona una mejor circulación del aire.\nPasamontañas impermeable integrado en el cuello de la chaqueta exterior\nMaterial exterior flexible y resistente a la abrasión\nCuatro bolsillos delanteros, uno de los cuales es impermeable.\nUn bolsillo trasero\nDos bolsillos interiores\nTallas: 46 (76117913480), 48 (76117913481), 50 (76117913482), 52 (76117913483), 54 (76117913484), 56 (76117913485), 58 (76117913486), 60 (761) 17913487)",,,taxable,parent,1,,,0,0,,,,,0,,,17812.11,,,,https://vecsaboutique.com/wp-content/uploads/2024/09/76117913483-1.avif,,,,,,,,,1,,,,,,,,,,,,,,,,,,,,,,,,,,,,,,,,,,,,,,,,,,,,,,,,,,,,,,
4603,variation,80142864031,,"main header",1,0,visible,,"BMW su ter se orabeige S",,,taxable,parent,1,,,0,0,,,,,0,,,1969.58,,,,https://vecsaboutique.com/wp-content/uploads/2024/09/80142864031-1.avif,,,,,,,,,1,,,,,,,,,,,,,,,,,,,,,,,,,,,,,,,,,,,,,,,,,,,,,,,,,,,,,,
4622,variation,80142864173,,"main header",1,0,visible,,"BMW sudadera deportiva caballeroInk blue M",,,taxable,parent,1,,,0,0,,,,,0,,,2085.22,,,,https://vecsaboutique.com/wp-content/uploads/2024/09/80142864173-1.avif,,,,,,,,,2,,,,,,,,,,,,,,,,,,,,,,,,,,,,,,,,,,,,,,,,,,,,,,,,,,,,,,
4624,variation,80142864174,,"main header",1,0,visible,,"BMW sudadera deportiva caballeroInk blue L",,,taxable,parent,1,,,0,0,,,,,0,,,2085.22,,,,https://vecsaboutique.com/wp-content/uploads/2024/09/80142864174-1.avif,,,,,,,,,3,,,,,,,,,,,,,,,,,,,,,,,,,,,,,,,,,,,,,,,,,,,,,,,,,,,,,,
7667,variation,,,"main header",1,0,visible,,,,,taxable,parent,1,,,0,0,,,,,0,,,12752.69,,,,https://vecsaboutique.com/wp-content/uploads/2024/09/76117913410-1.avif,,,,,,,,,2,,,,,,,,,,,,,,,,,,,,,,,,,,,,,,,,,,,,,,,,,,,,,,,,,,,,,,
7668,variation,,,"main header",1,0,visible,,,,,taxable,parent,1,,,0,0,,,,,0,,,12752.69,,,,https://vecsaboutique.com/wp-content/uploads/2024/09/76117913410-1.avif,,,,,,,,,3,,,,,,,,,,,,,,,,,,,,,,,,,,,,,,,,,,,,,,,,,,,,,,,,,,,,,,
7669,variation,,,"main header",1,0,visible,,,,,taxable,parent,1,,,0,0,,,,,0,,,12752.69,,,,https://vecsaboutique.com/wp-content/uploads/2024/09/76117913410-1.avif,,,,,,,,,4,,,,,,,,,,,,,,,,,,,,,,,,,,,,,,,,,,,,,,,,,,,,,,,,,,,,,,
7670,variation,,,"main header",1,0,visible,,,,,taxable,parent,1,,,0,0,,,,,0,,,790,,,,,,,,,,,,,2,,,,,,,,,,,,,,,,,,,,,,,,,,,,,,,,,,,,,,,,,,,,,,,,,,,,,,
7672,variation,,,"main header",1,0,visible,,,,,taxable,parent,1,,,0,0,,,,,0,,,790,,,,,,,,,,,,,1,,,,,,,,,,,,,,,,,,,,,,,,,,,,,,,,,,,,,,,,,,,,,,,,,,,,,,
7674,variation,,,"main header",1,0,visible,,,,,taxable,parent,1,,,0,0,,,,,0,,,19237.08,,,,https://vecsaboutique.com/wp-content/uploads/2024/12/76117913482.avif,,,,,,,,,2,,,,,,,,,,,,,,,,,,,,,,,,,,,,,,,,,,,,,,,,,,,,,,,,,,,,,,
7675,variation,,,"main header",1,0,visible,,,,,taxable,parent,1,,,0,0,,,,,0,,,17812.11,,,,https://vecsaboutique.com/wp-content/uploads/2024/12/76117913482.avif,,,,,,,,,3,,,,,,,,,,,,,,,,,,,,,,,,,,,,,,,,,,,,,,,,,,,,,,,,,,,,,,
7684,variation,,,"main header",1,0,visible,,,,,taxable,parent,1,,,0,0,,,,,0,,,15344,,,,https://vecsaboutique.com/wp-content/uploads/2024/09/76117913508.avif,,,,,,,,,1,,,,,,,,,,,,,,,,,,,,,,,,,,,,,,,,,,,,,,,,,,,,,,,,,,,,,,
7685,variation,,,"main header",1,0,visible,,,,,taxable,parent,1,,,0,0,,,,,0,,,15344,,,,https://vecsaboutique.com/wp-content/uploads/2024/09/76117913508.avif,,,,,,,,,2,,,,,,,,,,,,,,,,,,,,,,,,,,,,,,,,,,,,,,,,,,,,,,,,,,,,,,
7857,variation,,,"main header",1,0,visible,,,,,taxable,parent,1,,,0,0,,,,,0,,,697.13,,,,,,,,,,,,,1,,,,,,,,,,,,,,,,,,,,,,,,,,,,,,,,,,,,,,,,,,,,,,,,,,,,,,
7858,variation,,,"main header",1,0,visible,,,,,taxable,parent,1,,,0,0,,,,,0,,,697.13,,,,,,,,,,,,,2,,,,,,,,,,,,,,,,,,,,,,,,,,,,,,,,,,,,,,,,,,,,,,,,,,,,,,
8177,variation,,,"main header",1,0,visible,,,,,taxable,parent,1,,,0,0,,,,,0,,,1033.62,,,,,,,,,,,,,1,,,,,,,,,,,,,,,,,,,,,,,,,,,,,,,,,,,,,,,,,,,,,,,,,,,,,,
8178,variation,80145A21706,,"main header",1,0,visible,,"Polo BMW Essentials Logo de la colección M Motorsport. Nuestro polo BMW M Motorsport presenta las líneas elegantes de una silueta clásica de polo con la marca discreta del equipo para una apariencia refinada. Además, las rayas de colores en el cuello, características de la división M Motorsport, aseguran la singularidad de la camiseta.\n\nCorte clásico\nLogotipo de BMW Motorsport en el pecho.\nEtiqueta tejida BMW M Motorsport en el interior\nLogotipo del felino de PUMA estampado en la manga izquierda\nTallas: XS (80145A21704), S (80145A21705), M (80145A21706), L (80145A21707), XL (80145A21708), XXL (80145A21709)",,,taxable,parent,1,,,0,0,,,,,0,,,633.58,,,,,,,,,,,,,2,,,,,,,,,,,,,,,,,,,,,,,,,,,,,,,,,,,,,,,,,,,,,,,,,,,,,,
8179,variation,80145A21707,,"main header",1,0,visible,,"Polo BMW Essentials Logo de la colección M Motorsport. Nuestro polo BMW M Motorsport presenta las líneas elegantes de una silueta clásica de polo con la marca discreta del equipo para una apariencia refinada. Además, las rayas de colores en el cuello, características de la división M Motorsport, aseguran la singularidad de la camiseta.\n\nCorte clásico\nLogotipo de BMW Motorsport en el pecho.\nEtiqueta tejida BMW M Motorsport en el interior\nLogotipo del felino de PUMA estampado en la manga izquierda\nTallas: XS (80145A21704), S (80145A21705), M (80145A21706), L (80145A21707), XL (80145A21708), XXL (80145A21709)",,,taxable,parent,1,,,0,0,,,,,0,,,633.58,,,,,,,,,,,,,3,,,,,,,,,,,,,,,,,,,,,,,,,,,,,,,,,,,,,,,,,,,,,,,,,,,,,,
9310,variation,,,"main header",1,0,visible,,,,,taxable,parent,1,,,0,0,,,,,0,,,1,,,,https://vecsaboutique.com/wp-content/uploads/2024/09/WhatsApp-Image-2023-08-08-at-12.00.14-63.avif,,,,,,,,,1,,,,,,,,,,,,,,,,,,,,,,,,,,,,,,,,,,,,,,,,,,,,,,,,,,,,,,
9311,variation,,,"main header",1,0,visible,,,,,taxable,parent,1,,,0,0,,,,,0,,,1,,,,https://vecsaboutique.com/wp-content/uploads/2024/09/WhatsApp-Image-2023-08-08-at-12.00.14-186.avif,,,,,,,,,2,,,,,,,,,,,,,,,,,,,,,,,,,,,,,,,,,,,,,,,,,,,,,,,,,,,,,,
9312,variation,,,"main header",1,0,visible,,,,,taxable,parent,1,,,0,0,,,,,0,,,1,,,,https://vecsaboutique.com/wp-content/uploads/2024/09/WhatsApp-Image-2023-08-08-at-12.00.14-186.avif,,,,,,,,,3,,,,,,,,,,,,,,,,,,,,,,,,,,,,,,,,,,,,,,,,,,,,,,,,,,,,,,
10936,variation,76217913960,,"main header",1,0,visible,,,,,taxable,parent,1,,,0,0,,,,,0,,,3724,,,,https://vecsaboutique.com/wp-content/uploads/2024/09/76217913959.avif,,,,,,,,,2,,,,,,,,,,,,,,,,,,,,,,,,,,,,,,,,,,,,,,,,,,,,,,,,,,,,,,
10937,variation,76217913961,,"main header",1,0,visible,,,,,taxable,parent,1,,,0,0,,,,,0,,,3724,,,,https://vecsaboutique.com/wp-content/uploads/2024/09/76217913959.avif,,,,,,,,,3,,,,,,,,,,,,,,,,,,,,,,,,,,,,,,,,,,,,,,,,,,,,,,,,,,,,,,
10938,variation,,,"main header",1,0,visible,,,,,taxable,parent,1,,,0,0,,,,,0,,,3723.81,,,,https://vecsaboutique.com/wp-content/uploads/2024/10/76217913962-3.avif,,,,,,,,,1,,,,,,,,,,,,,,,,,,,,,,,,,,,,,,,,,,,,,,,,,,,,,,,,,,,,,,
10939,variation,,,"main header",1,0,visible,,,,,taxable,parent,1,,,0,0,,,,,0,,,3723.81,,,,https://vecsaboutique.com/wp-content/uploads/2024/09/76217913962.avif,,,,,,,,,2,,,,,,,,,,,,,,,,,,,,,,,,,,,,,,,,,,,,,,,,,,,,,,,,,,,,,,
10940,variation,,,"main header",1,0,visible,,,,,taxable,parent,1,,,0,0,,,,,0,,,3723.81,,,,https://vecsaboutique.com/wp-content/uploads/2024/09/76217913962.avif,,,,,,,,,3,,,,,,,,,,,,,,,,,,,,,,,,,,,,,,,,,,,,,,,,,,,,,,,,,,,,,,
10941,variation,,,"main header",1,0,visible,,,,,taxable,parent,1,,,0,0,,,,,0,,,3723.81,,,,https://vecsaboutique.com/wp-content/uploads/2024/10/76217913967-1-3.avif,,,,,,,,,1,,,,,,,,,,,,,,,,,,,,,,,,,,,,,,,,,,,,,,,,,,,,,,,,,,,,,,
10942,variation,76217913968,,"main header",1,0,visible,,,,,taxable,parent,1,,,0,0,,,,,0,,,3723.81,,,,https://vecsaboutique.com/wp-content/uploads/2024/10/76217913967-1-4.avif,,,,,,,,,2,,,,,,,,,,,,,,,,,,,,,,,,,,,,,,,,,,,,,,,,,,,,,,,,,,,,,,
10943,variation,76217913969,,"main header",1,0,visible,,"Guantes Reschen GTX se ora negro oliva8",,,taxable,parent,1,,,0,0,,,,,0,,,3723.81,,,,https://vecsaboutique.com/wp-content/uploads/2024/09/76217913967-1.avif,,,,,,,,,3,,,,,,,,,,,,,,,,,,,,,,,,,,,,,,,,,,,,,,,,,,,,,,,,,,,,,,
10950,variation,,,"main header",1,0,visible,,,,,taxable,parent,1,,,0,0,,,,,0,,,6648.94,,,,https://vecsaboutique.com/wp-content/uploads/2024/10/76218529758-1-2.avif,,,,,,,,,1,,,,,,,,,,,,,,,,,,,,,,,,,,,,,,,,,,,,,,,,,,,,,,,,,,,,,,
10951,variation,76218529760,,"main header",1,0,visible,,,,,taxable,parent,1,,,0,0,,,,,0,,,6648.94,,,,https://vecsaboutique.com/wp-content/uploads/2024/09/76218529758-1.avif,,,,,,,,,2,,,,,,,,,,,,,,,,,,,,,,,,,,,,,,,,,,,,,,,,,,,,,,,,,,,,,,
10968,variation,,,"main header",1,0,visible,,,,,taxable,parent,1,,,0,0,,,,,0,,,2378.62,,,,,,,,,,,,,1,,,,,,,,,,,,,,,,,,,,,,,,,,,,,,,,,,,,,,,,,,,,,,,,,,,,,,
10969,variation,80145A21626,,"main header",1,0,visible,,"Forro polar diagonal hecho de algodón 100% orgánico.\nPuños y dobladillo a rayas.\n(En blanco y negro)\nEstampado de logotipo MINI Wing blanco\ncapota y riñonera",,,taxable,parent,1,,,0,0,,,,,0,,,2378.62,,,,,,,,,,,,,2,,,,,,,,,,,,,,,,,,,,,,,,,,,,,,,,,,,,,,,,,,,,,,,,,,,,,,
10973,variation,,,"main header",1,0,visible,,,,,taxable,parent,1,,,0,0,,,,,0,,,1772.41,,,,https://vecsaboutique.com/wp-content/uploads/2024/09/76218536396.avif,,,,,,,,,1,,,,,,,,,,,,,,,,,,,,,,,,,,,,,,,,,,,,,,,,,,,,,,,,,,,,,,
10974,variation,,,"main header",1,0,visible,,,,,taxable,parent,1,,,0,0,,,,,0,,,1772.89,,,,https://vecsaboutique.com/wp-content/uploads/2024/09/76218536396.avif,,,,,,,,,2,,,,,,,,,,,,,,,,,,,,,,,,,,,,,,,,,,,,,,,,,,,,,,,,,,,,,,
10979,variation,,,"main header",1,0,visible,,,,,taxable,parent,1,,,0,0,,,,,0,,,2201.41,,,,https://vecsaboutique.com/wp-content/uploads/2024/10/76218536413-2.avif,,,,,,,,,1,,,,,,,,,,,,,,,,,,,,,,,,,,,,,,,,,,,,,,,,,,,,,,,,,,,,,,
10980,variation,,,"main header",1,0,visible,,,,,taxable,parent,0,,,0,0,,,,,0,,,2201.41,,,,https://vecsaboutique.com/wp-content/uploads/2024/10/76218536413-3.avif,,,,,,,,,2,,,,,,,,,,,,,,,,,,,,,,,,,,,,,,,,,,,,,,,,,,,,,,,,,,,,,,
10988,variation,,,"main header",1,0,visible,,,,,taxable,parent,1,,,0,0,,,,,0,,,5019.3,,,,https://vecsaboutique.com/wp-content/uploads/2024/09/76221541335.avif,,,,,,,,,1,,,,,,,,,,,,,,,,,,,,,,,,,,,,,,,,,,,,,,,,,,,,,,,,,,,,,,
10989,variation,76221541336,,"main header",1,0,visible,,"Botas impermeables y transpirables CruiseComfort convencen a los motociclistas con muchas características prácticas. Estos incluyen protección para la espinilla, el tobillo y la palanca de cambios, y un amplio ajuste de ancho en el área de la pantorrilla. La plantilla de forma anatómica es extraíble y lavable.\n\nBotas de senderismo para todas las estaciones.\nMaterial exterior: piel vacuna repelente al agua y poliamida\nResistente al viento y al agua y transpirable gracias a la membrana Gore-Tex®\nCertificado de cumplimiento de la norma PN-EN 13634",,,taxable,parent,1,,,0,0,,,,,0,,,5019.3,,,,https://vecsaboutique.com/wp-content/uploads/2024/09/76221541335-1.avif,,,,,,,,,2,,,,,,,,,,,,,,,,,,,,,,,,,,,,,,,,,,,,,,,,,,,,,,,,,,,,,,
10990,variation,76221541337,,"main header",1,0,visible,,"Botas impermeables y transpirables CruiseComfort convencen a los motociclistas con muchas características prácticas. Estos incluyen protección para la espinilla, el tobillo y la palanca de cambios, y un amplio ajuste de ancho en el área de la pantorrilla. La plantilla de forma anatómica es extraíble y lavable.\n\nBotas de senderismo para todas las estaciones.\nMaterial exterior: piel vacuna repelente al agua y poliamida\nResistente al viento y al agua y transpirable gracias a la membrana Gore-Tex®\nCertificado de cumplimiento de la norma PN-EN 13634",,,taxable,parent,1,,,0,0,,,,,0,,,5019.3,,,,https://vecsaboutique.com/wp-content/uploads/2024/09/76221541335.avif,,,,,,,,,3,,,,,,,,,,,,,,,,,,,,,,,,,,,,,,,,,,,,,,,,,,,,,,,,,,,,,,
10991,variation,76221541338,,"main header",1,0,visible,,"Botas impermeables y transpirables CruiseComfort convencen a los motociclistas con muchas características prácticas. Estos incluyen protección para la espinilla, el tobillo y la palanca de cambios, y un amplio ajuste de ancho en el área de la pantorrilla. La plantilla de forma anatómica es extraíble y lavable.\n\nBotas de senderismo para todas las estaciones.\nMaterial exterior: piel vacuna repelente al agua y poliamida\nResistente al viento y al agua y transpirable gracias a la membrana Gore-Tex®\nCertificado de cumplimiento de la norma PN-EN 13634",,,taxable,parent,1,,,0,0,,,,,0,,,5019.3,,,,https://vecsaboutique.com/wp-content/uploads/2024/09/76221541335.avif,,,,,,,,,4,,,,,,,,,,,,,,,,,,,,,,,,,,,,,,,,,,,,,,,,,,,,,,,,,,,,,,
11059,variation,,,"main header",1,0,visible,,,,,taxable,parent,1,,,0,0,,,,,0,,,1091.24,,,,,,,,,,,,,1,,,,,,,,,,,,,,,,,,,,,,,,,,,,,,,,,,,,,,,,,,,,,,,,,,,,,,
11364,variation,,,"main header",1,0,visible,,,,,taxable,parent,1,,,0,0,,,,,0,,,699.63,,,,,,,,,,,,,1,,,,,,,,,,,,,,,,,,,,,,,,,,,,,,,,,,,,,,,,,,,,,,,,,,,,,,
11365,variation,80145A21158,,"main header",1,0,visible,,,,,taxable,parent,1,,,0,0,,,,,0,,,699.63,,,,,,,,,,,,,2,,,,,,,,,,,,,,,,,,,,,,,,,,,,,,,,,,,,,,,,,,,,,,,,,,,,,,
12151,variation,,,"main header",1,0,visible,,,,,taxable,parent,1,,,0,0,,,,,0,,,1930.63,,,,,,,,,,,,,1,,,,,,,,,,,,,,,,,,,,,,,,,,,,,,,,,,,,,,,,,,,,,,,,,,,,,,
12152,variation,80145A0A791,,"main header",1,0,visible,,,,,taxable,parent,1,,,0,0,,,,,0,,,1930.63,,,,,,,,,,,,,2,,,,,,,,,,,,,,,,,,,,,,,,,,,,,,,,,,,,,,,,,,,,,,,,,,,,,,
12320,variation,,,"main header",1,0,visible,,,,,taxable,parent,1,,,0,0,,,,,0,,,629.7,,,,,,,,,,,,,1,,,,,,,,,,,,,,,,,,,,,,,,,,,,,,,,,,,,,,,,,,,,,,,,,,,,,,
12321,variation,80145A0A611,,"main header",1,0,visible,,"Camiseta MINI Kids en blanco y amarillo. Confección en algodón orgánico transpirable en color blanco y amarillo. Ajuste holgado para mayor comodidad. Cuello redondo, corte holgado",,,taxable,parent,1,,,0,0,,,,,0,,,629.7,,,,,,,,,,,,,2,,,,,,,,,,,,,,,,,,,,,,,,,,,,,,,,,,,,,,,,,,,,,,,,,,,,,,
12322,variation,80145A0A612,,"main header",1,0,visible,,"Camiseta MINI Kids en blanco y amarillo. Confección en algodón orgánico transpirable en color blanco y amarillo. Ajuste holgado para mayor comodidad. Cuello redondo, corte holgado",,,taxable,parent,1,,,0,0,,,,,0,,,629.7,,,,,,,,,,,,,3,,,,,,,,,,,,,,,,,,,,,,,,,,,,,,,,,,,,,,,,,,,,,,,,,,,,,,
12323,variation,80145A0A613,,"main header",1,0,visible,,"Camiseta MINI Kids en blanco y amarillo. Confección en algodón orgánico transpirable en color blanco y amarillo. Ajuste holgado para mayor comodidad. Cuello redondo, corte holgado",,,taxable,parent,1,,,0,0,,,,,0,,,629.7,,,,,,,,,,,,,4,,,,,,,,,,,,,,,,,,,,,,,,,,,,,,,,,,,,,,,,,,,,,,,,,,,,,,
12616,variation,,,"main header",1,0,visible,,,,,taxable,parent,1,,,0,0,,,,,0,,,811.19,,,,,,,,,,,,,1,,,,,,,,,,,,,,,,,,,,,,,,,,,,,,,,,,,,,,,,,,,,,,,,,,,,,,
12621,variation,,,"main header",1,0,visible,,,,,taxable,parent,1,,,0,0,,,,,0,,,19566,,,,https://vecsaboutique.com/wp-content/uploads/2024/09/76317105194-1.avif,,,,,,,,,1,,,,,,,,,,,,,,,,,,,,,,,,,,,,,,,,,,,,,,,,,,,,,,,,,,,,,,
12627,variation,80162864201,,"main header",1,0,visible,,,,,taxable,parent,1,,,0,0,,,,,0,,,473.28,,,,,,,,,,,,,3,,,,,,,,,,,,,,,,,,,,,,,,,,,,,,,,,,,,,,,,,,,,,,,,,,,,,,
12646,variation,,,"main header",1,0,visible,,,,,taxable,parent,1,,,0,0,,,,,0,,,1,,,,https://vecsaboutique.com/wp-content/uploads/2024/09/76317912912.avif,,,,,,,,,2,,,,,,,,,,,,,,,,,,,,,,,,,,,,,,,,,,,,,,,,,,,,,,,,,,,,,,
12650,variation,,,"main header",1,0,visible,,,,,taxable,parent,1,,,0,0,,,,,0,,,731.9,,,,,,,,,,,,,4,,,,,,,,,,,,,,,,,,,,,,,,,,,,,,,,,,,,,,,,,,,,,,,,,,,,,,
12672,variation,,,"main header",1,0,visible,,,,,taxable,parent,1,,,0,0,,,,,0,,,1581,,,,https://vecsaboutique.com/wp-content/uploads/2024/09/76617109838-1.avif,,,,,,,,,1,,,,,,,,,,,,,,,,,,,,,,,,,,,,,,,,,,,,,,,,,,,,,,,,,,,,,,
12673,variation,,,"main header",1,0,visible,,,,,taxable,parent,1,,,0,0,,,,,0,,,1581,,,,https://vecsaboutique.com/wp-content/uploads/2024/09/76617109838.avif,,,,,,,,,2,,,,,,,,,,,,,,,,,,,,,,,,,,,,,,,,,,,,,,,,,,,,,,,,,,,,,,
12677,variation,,,"main header",1,0,visible,,,,,taxable,parent,1,,,0,0,,,,,0,,,1014.85,,,,https://vecsaboutique.com/wp-content/uploads/2024/09/76618536465-2.avif,,,,,,,,,1,,,,,,,,,,,,,,,,,,,,,,,,,,,,,,,,,,,,,,,,,,,,,,,,,,,,,,
12678,variation,,,"main header",1,0,visible,,,,,taxable,parent,1,,,0,0,,,,,0,,,1014.85,,,,https://vecsaboutique.com/wp-content/uploads/2024/09/76618536465-2.avif,,,,,,,,,2,,,,,,,,,,,,,,,,,,,,,,,,,,,,,,,,,,,,,,,,,,,,,,,,,,,,,,
12685,variation,,,"main header",1,0,visible,,,,,taxable,parent,1,,,0,0,,,,,0,,,2045.44,,,,,,,,,,,,,1,,,,,,,,,,,,,,,,,,,,,,,,,,,,,,,,,,,,,,,,,,,,,,,,,,,,,,
12686,variation,80142864073,,"main header",1,0,visible,,"BMW M su ter caballeroblack M",,,taxable,parent,1,,,0,0,,,,,0,,,2676.42,,,,,,,,,,,,,2,,,,,,,,,,,,,,,,,,,,,,,,,,,,,,,,,,,,,,,,,,,,,,,,,,,,,,
12687,variation,80142864074,,"main header",1,0,visible,,"BMW M su ter caballeroblack L",,,taxable,parent,1,,,0,0,,,,,0,,,2676.43,,,,,,,,,,,,,3,,,,,,,,,,,,,,,,,,,,,,,,,,,,,,,,,,,,,,,,,,,,,,,,,,,,,,
12695,variation,,,"main header",1,0,visible,,,,,taxable,parent,1,,,0,0,,,,,0,,,935.58,,,,,,,,,,,,,2,,,,,,,,,,,,,,,,,,,,,,,,,,,,,,,,,,,,,,,,,,,,,,,,,,,,,,
12700,variation,,,"main header",1,0,visible,,,,,taxable,parent,1,,,0,0,,,,,0,,,4568.11,,,,,,,,,,,,,2,,,,,,,,,,,,,,,,,,,,,,,,,,,,,,,,,,,,,,,,,,,,,,,,,,,,,,
12701,variation,80142864050,,"main header",1,0,visible,,"BMW chaqueta se orablue M",,,taxable,parent,1,,,0,0,,,,,0,,,6442.33,,,,,,,,,,,,,3,,,,,,,,,,,,,,,,,,,,,,,,,,,,,,,,,,,,,,,,,,,,,,,,,,,,,,
12703,variation,,,"main header",1,0,visible,,,,,taxable,parent,1,,,0,0,,,,,0,,,1014.85,,,,https://vecsaboutique.com/wp-content/uploads/2024/09/76618536592-2.avif,,,,,,,,,1,,,,,,,,,,,,,,,,,,,,,,,,,,,,,,,,,,,,,,,,,,,,,,,,,,,,,,
12704,variation,,,"main header",1,0,visible,,,,,taxable,parent,1,,,0,0,,,,,0,,,1014.85,,,,https://vecsaboutique.com/wp-content/uploads/2024/09/76618536592-2.avif,,,,,,,,,2,,,,,,,,,,,,,,,,,,,,,,,,,,,,,,,,,,,,,,,,,,,,,,,,,,,,,,
12707,variation,,,"main header",1,0,visible,,,,,taxable,parent,1,,,0,0,,,,,0,,,4309.49,,,,,,,,,,,,,1,,,,,,,,,,,,,,,,,,,,,,,,,,,,,,,,,,,,,,,,,,,,,,,,,,,,,,
12708,variation,80142864037,,"main header",1,0,visible,,"BMW chaqueta caballeroblue M",,,taxable,parent,1,,,0,0,,,,,0,,,6077.89,,,,,,,,,,,,,2,,,,,,,,,,,,,,,,,,,,,,,,,,,,,,,,,,,,,,,,,,,,,,,,,,,,,,
12709,variation,80142864038,,"main header",1,0,visible,,,,,taxable,parent,1,,,0,0,,,,,0,,,4309.49,,,,,,,,,,,,,3,,,,,,,,,,,,,,,,,,,,,,,,,,,,,,,,,,,,,,,,,,,,,,,,,,,,,,
12713,variation,80142864033,,"main header",1,0,visible,,,,,taxable,parent,1,,,0,0,,,,,0,,,1464.66,,,,,,,,,,,,,3,,,,,,,,,,,,,,,,,,,,,,,,,,,,,,,,,,,,,,,,,,,,,,,,,,,,,,
12714,variation,,,"main header",1,0,visible,,,,,taxable,parent,1,,,0,0,,,,,0,,,1464.66,,,,,,,,,,,,,4,,,,,,,,,,,,,,,,,,,,,,,,,,,,,,,,,,,,,,,,,,,,,,,,,,,,,,
12717,variation,,,"main header",1,0,visible,,,,,taxable,parent,1,,,0,0,,,,,0,,,1593,,,,https://vecsaboutique.com/wp-content/uploads/2024/09/76618542404-2.avif,,,,,,,,,1,,,,,,,,,,,,,,,,,,,,,,,,,,,,,,,,,,,,,,,,,,,,,,,,,,,,,,
12721,variation,,,"main header",1,0,visible,,,,,taxable,parent,1,,,0,0,,,,,0,,,1236.98,,,,https://vecsaboutique.com/wp-content/uploads/2024/09/76618542460-2.avif,,,,,,,,,1,,,,,,,,,,,,,,,,,,,,,,,,,,,,,,,,,,,,,,,,,,,,,,,,,,,,,,
12749,variation,,,"main header",1,0,visible,,,,,taxable,parent,1,,,0,0,,,,,0,,,2236.95,,,,https://vecsaboutique.com/wp-content/uploads/2024/09/76898395780-2.avif,,,,,,,,,1,,,,,,,,,,,,,,,,,,,,,,,,,,,,,,,,,,,,,,,,,,,,,,,,,,,,,,
12750,variation,,,"main header",1,0,visible,,,,,taxable,parent,1,,,0,0,,,,,0,,,2236.95,,,,https://vecsaboutique.com/wp-content/uploads/2024/09/76898395780-2.avif,,,,,,,,,2,,,,,,,,,,,,,,,,,,,,,,,,,,,,,,,,,,,,,,,,,,,,,,,,,,,,,,
12755,variation,,,"main header",1,0,visible,,,,,taxable,parent,1,,,0,0,,,,,0,,,734.6,,,,,,,,,,,,,1,,,,,,,,,,,,,,,,,,,,,,,,,,,,,,,,,,,,,,,,,,,,,,,,,,,,,,
12757,variation,,,"main header",1,0,visible,,,,,taxable,parent,1,,,0,0,,,,,0,,,2528.27,,,,https://vecsaboutique.com/wp-content/uploads/2024/09/80142454570-2.avif,,,,,,,,,1,,,,,,,,,,,,,,,,,,,,,,,,,,,,,,,,,,,,,,,,,,,,,,,,,,,,,,
12759,variation,,,"main header",1,0,visible,,,,,taxable,parent,1,,,0,0,,,,,0,,,379.36,,,,,,,,,,,,,1,,,,,,,,,,,,,,,,,,,,,,,,,,,,,,,,,,,,,,,,,,,,,,,,,,,,,,
12760,variation,80142461123,,"main header",1,0,visible,,"Camiseta de niño BMW M8 GTE con logotipo BMW M Motorsport grabado. Estampado colorido del logotipo de BMW M Motorsport en el reverso. La camiseta tiene un escote redondo.",,,taxable,parent,1,,,0,0,,,,,0,,,379.36,,,,,,,,,,,,,2,,,,,,,,,,,,,,,,,,,,,,,,,,,,,,,,,,,,,,,,,,,,,,,,,,,,,,
12761,variation,80142461124,,"main header",1,0,visible,,"Camiseta de niño BMW M8 GTE con logotipo BMW M Motorsport grabado. Estampado colorido del logotipo de BMW M Motorsport en el reverso. La camiseta tiene un escote redondo.",,,taxable,parent,1,,,0,0,,,,,0,,,379.36,,,,,,,,,,,,,3,,,,,,,,,,,,,,,,,,,,,,,,,,,,,,,,,,,,,,,,,,,,,,,,,,,,,,
12767,variation,,,"main header",1,0,visible,,,,,taxable,parent,1,,,0,0,,,,,0,,,1332.21,,,,https://vecsaboutique.com/wp-content/uploads/2024/09/80142460923-2.avif,,,,,,,,,1,,,,,,,,,,,,,,,,,,,,,,,,,,,,,,,,,,,,,,,,,,,,,,,,,,,,,,
12768,variation,,,"main header",1,0,visible,,,,,taxable,parent,1,,,0,0,,,,,0,,,1332.21,,,,https://vecsaboutique.com/wp-content/uploads/2024/09/80142460923-2.avif,,,,,,,,,2,,,,,,,,,,,,,,,,,,,,,,,,,,,,,,,,,,,,,,,,,,,,,,,,,,,,,,
12770,variation,,,"main header",1,0,visible,,,,,taxable,parent,1,,,0,0,,,,,0,,,1332.21,,,,https://vecsaboutique.com/wp-content/uploads/2024/09/80142460923-1.avif,,,,,,,,,4,,,,,,,,,,,,,,,,,,,,,,,,,,,,,,,,,,,,,,,,,,,,,,,,,,,,,,
12772,variation,80142461038,,"main header",1,0,visible,,"Polo de secado rápido con protección UV 40 . En la parte delantera hay cuatro botones y una puntada decorativa en zigzag. En el cuello, las mangas y las aberturas laterales hay rayas de punto que contrastan con el resto de la camiseta. En el lado izquierdo del pecho encontramos el logo de BMW Yachtsport, y en la manga derecha una etiqueta que imita una brújula.",,,taxable,parent,1,,,0,0,,,,,0,,,2339.01,,,,,,,,,,,,,2,,,,,,,,,,,,,,,,,,,,,,,,,,,,,,,,,,,,,,,,,,,,,,,,,,,,,,
12774,variation,,,"main header",1,0,visible,,,,,taxable,parent,1,,,0,0,,,,,0,,,1332.21,,,,https://vecsaboutique.com/wp-content/uploads/2024/09/80142460929-1.avif,,,,,,,,,2,,,,,,,,,,,,,,,,,,,,,,,,,,,,,,,,,,,,,,,,,,,,,,,,,,,,,,
13702,variation,,,"main header",1,0,visible,,,,,taxable,parent,1,,,0,0,,,,,0,,,7547,,,,,,,,,,,,,2,,,,,,,,,,,,,,,,,,,,,,,,,,,,,,,,,,,,,,,,,,,,,,,,,,,,,,
13743,variation,,,"main header",1,0,visible,,,,,taxable,parent,1,,,0,0,,,,,0,,,11772.84,,,,,,,,,,,,,1,,,,,,,,,,,,,,,,,,,,,,,,,,,,,,,,,,,,,,,,,,,,,,,,,,yes,,,,
13845,variation,76228523084,,"main header",1,0,visible,,"Botas Pro Race GTX negras42",,,taxable,parent,1,,,0,0,,,,,0,,,9230.81,,,,,,,,,,,,,1,,,,,,,,,,,,,,,,,,,,,,,,,,,,,,,,,,,,,,,,,,,,,,,,,,,,,,
13869,variation,,,"main header",1,0,visible,,,,,taxable,parent,1,,,0,0,,,,,0,,,20133,,,,,,,,,,,,,1,,,,,,,,,,,,,,,,,,,,,,,,,,,,,,,,,,,,,,,,,,,,,,,,,,,,,,
13870,variation,,,"main header",1,0,visible,,,,,taxable,parent,1,,,0,0,,,,,0,,,20133,,,,,,,,,,,,,2,,,,,,,,,,,,,,,,,,,,,,,,,,,,,,,,,,,,,,,,,,,,,,,,,,,,,,
13875,variation,,,"main header",1,0,visible,,,,,taxable,parent,1,,,0,0,,,,,0,,,2424,,,,,,,,,,,,,3,,,,,,,,,,,,,,,,,,,,,,,,,,,,,,,,,,,,,,,,,,,,,,,,,,,,,,
13888,variation,,,"main header",1,0,visible,,,,,taxable,parent,1,,,0,0,,,,,0,,,13120,,,,,,,,,,,,,1,,,,,,,,,,,,,,,,,,,,,,,,,,,,,,,,,,,,,,,,,,,,,,,,,,,,,,
13889,variation,,,"main header",1,0,visible,,,,,taxable,parent,1,,,0,0,,,,,0,,,13120,,,,,,,,,,,,,2,,,,,,,,,,,,,,,,,,,,,,,,,,,,,,,,,,,,,,,,,,,,,,,,,,,,,,
13967,variation,80142864026,,"Polo Offset, para caballero - L",0,0,visible,,"BMW polo caballeroInk blue L",,,taxable,parent,1,4,,0,0,,,,,0,,,1336.35,,,,,,,80142864025,,,,,,1,BMW,talla,L,,1,,,,,,,,,,,,,,,,,,,,,,,,,,,,,,,,,,,,,,,deleted,,,,,,,,,,
13968,variation,,,"Polo Offset, para caballero - M",1,0,visible,,,,,taxable,parent,1,1,,0,0,,,,,0,,,1183.56,,,,,,,80142864025,,,,,,2,,talla,M,,1,,,,,,,,,,,,,,,,,,,,,,,,,,,,,,,,,,,,,,,pending_delete,synced,1773716486,,approved,,,,,,
13969,variation,80142864024,,"Polo Offset, para caballero - S",0,0,visible,,"BMW polo caballeroInk blue S",,,taxable,parent,1,1,,0,0,,,,,0,,,1336.35,,,,,,,80142864025,,,,,,3,BMW,talla,S,,1,,,,,,,,,,,,,,,,,,,,,,,,,,,,,,,,,,,,,,,deleted,,,,,,,,,,
13975,variation,,,"main header",1,0,visible,,,,,taxable,parent,1,,,0,0,,,,,0,,,4739.41,,,,,,,,,,,,,1,,,,,,,,,,,,,,,,,,,,,,,,,,,,,,,,,,,,,,,,,,,,,,,,,,,,,,
13980,variation,,,"main header",1,0,visible,,,,,taxable,parent,1,,,0,0,,,,,0,,,935.58,,,,,,,,,,,,,1,,,,,,,,,,,,,,,,,,,,,,,,,,,,,,,,,,,,,,,,,,,,,,,,,,,,,,,
14003,variation,,,"main header",1,0,visible,,,,,taxable,parent,1,,,0,0,,,,,0,,,812.58,,,,,,,,,,,,,1,,,,,,,,,,,,,,,,,,,,,,,,,,,,,,,,,,,,,,,,,,,,,,,,,,,,,,,
14004,variation,,,"main header",1,0,visible,,,,,taxable,parent,1,,,0,0,,,,,0,,,812.58,,,,,,,,,,,,,2,,,,,,,,,,,,,,,,,,,,,,,,,,,,,,,,,,,,,,,,,,,,,,,,,,,,,,,
14005,variation,,,"main header",1,0,visible,,,,,taxable,parent,1,,,0,0,,,,,0,,,812.58,,,,,,,,,,,,,3,,,,,,,,,,,,,,,,,,,,,,,,,,,,,,,,,,,,,,,,,,,,,,,,,,,,,,,
14008,variation,,,"main header",1,0,visible,,,,,taxable,parent,1,,,0,0,,,,,0,,,1803.61,,,,,,,,,,,,,1,,,,,,,,,,,,,,,,,,,,,,,,,,,,,,,,,,,,,,,,,,,,,,,,,,,,,,,
14009,variation,,,"main header",1,0,visible,,,,,taxable,parent,1,,,0,0,,,,,0,,,1803.61,,,,,,,,,,,,,2,,,,,,,,,,,,,,,,,,,,,,,,,,,,,,,,,,,,,,,,,,,,,,,,,,,,,,,
14059,variable,80142864060,,"Camiseta Logo tonal BMW, para caballero",1,0,visible,"CAMISETA BMW HOMBRE\n\n-Algodón 100% orgánico certificado.\n-Viene en color azul oscuro y está fabricado en Turquía.\n-Discreto logotipo de BMW a tono en la parte delantera\n-Tipo de tela: Jersey sencillo\n-Ajuste regular","BMW camiseta Logo tonal caballerodark blue S",,,taxable,,1,1,,0,0,,,,,0,,,,"Life Style > Camisetas",Promoción,,"https://vecsaboutique.com/wp-content/uploads/2024/09/80142864062.avif, https://vecsaboutique.com/wp-content/uploads/2024/09/80142864062_2.avif",,,,,,,,,0,BMW,talla,"L, S",1,1,color,"Azul marino",1,1,genero,Hombre,1,1,,,,,,,,,,,,,,,,,,,,,,,,,,,,,,sync-and-show,updated,synced,1773630073,"Azul marino",approved,yes,yes,yes,,,,
14078,variable,80142864134,,"Polo BMW Logo Tonal, para caballero",1,0,visible,"<div class=""[&amp;&gt;p:not(:first-child)]:mt-4"">\n\nEste polo es la encarnación de la elegancia y el estilo que caracterizan a la icónica marca BMW. Fabricado con materiales de alta calidad, proporciona comodidad y conveniencia en la vida cotidiana. El color negro le da a este polo un aspecto elegante y sobrio, resaltando tu estilo y compromiso con la cultura automotriz de BMW. Lleva este polo con orgullo, expresando tu pasión por los automóviles y tu búsqueda de calidad y sofisticación.\n\n</div>","BMW polo Logo tonal caballeroblack S",,,taxable,,1,4,,0,0,,,,,0,,,,"Life Style",Promoción,,https://vecsaboutique.com/wp-content/uploads/2024/09/80142864134.avif,,,,,,,,,0,BMW,talla,"L, M, S",1,1,genero,Hombre,1,1,,,,,,,,,,,,,,,,,,,,,,,,,,,,,,,,,,sync-and-show,updated,synced,1773716486,,approved,yes,yes,yes,,,,0
14080,variation,80142864136,,"Polo BMW Logo Tonal, para caballero - L, Hombre",1,0,visible,,"BMW polo Logo tonal caballeroblack L",,,taxable,parent,0,0,,0,0,,,,,0,,,1183.55,,,,,,,80142864134,,,,,,2,,talla,L,,1,genero,Hombre,,1,,,,,,,,,,,,,,,,,,,,,,,,,,,,,,,,,,,,,,,,,,,,,,
14081,variation,,,"Polo BMW Logo Tonal, para caballero - S, Hombre",1,0,visible,,"Bordado sutil y tonal del logotipo de BMW en el lado izquierdo; Cierre clásico de doble botón; Buena transpirabilidad, durabilidad y fácil cuidado, enfriamiento en los días calurosos; Tipo de tela/Pique, Ajuste regular.",,,taxable,parent,1,4,,0,0,,,,,0,,,1336.35,,,,,,,80142864134,,,,,,3,,talla,S,,1,genero,Hombre,,1,,,,,,,,,,,,,,,,,,,,,,,,,,,,,,,,,,,pending_delete,synced,1773716486,,approved,,,,,,,
14083,variable,80142864166,,"Sudadera Deportiva Logo BMW M, unisex",1,0,visible,"<div class=""[&amp;&gt;p:not(:first-child)]:mt-4"">\n\nLa sudadera con capucha BMW M de talla grande es la elección perfecta si buscas una sudadera excepcionalmente cómoda. En el centro del pecho se encuentra el gran logotipo en relieve de BMW M, que muestra claramente tu lealtad a la marca. Además, en la manga izquierda de la sudadera con capucha encontrarás un detalle en forma de logotipo M bordado y colorido. ¡Muestra a todos tu estilo M!\n\n</div>","BMW sudadera deportiva Logo unisexgrey S",,,taxable,,1,1,,0,0,,,,,0,,,,"Life Style, Life Style > Sudaderas",Promoción,,"https://vecsaboutique.com/wp-content/uploads/2024/09/80142864166.avif, https://vecsaboutique.com/wp-content/uploads/2024/09/80142864166_2.avif",,,,,,,,,0,BMW,genero,Unisex,1,1,talla,"L, M, S",1,1,,,,,,,,,,,,,,,,,,,,,,,,,,,,,,,,,,sync-and-show,updated,synced,1773716486,,approved,yes,yes,yes,,,,0
14087,variation,,,"Sudadera Deportiva Logo BMW M, unisex - S",1,0,visible,,"""Compuesta de algodón 100% orgánico certificado. En color gris.\n • 100 % Algodón\n • 340 gsm de algodón pesado\n • Logotipo M de alta calidad en serigrafía\n • Ajuste holgado\n • Cuello con capucha\n • Colocación del logotipo en la parte frontal\n • Etiqueta de cuidado con escritura fácil de leer""",,,taxable,parent,1,1,,0,0,,,,,0,,,2290.95,,,,,,,80142864166,,,,,,3,,genero,,,1,talla,S,,1,,,,,,,,,,,,,,,,,,,,,,,,,,,,,,,,,,,pending_delete,synced,1773716486,,approved,,,,,,,
14142,simple,80275A7E4C0,,"Llavero BMW THE 2, Metal",1,0,visible,,"Llavero BMW Serie 2Metal",,,taxable,,1,4,,0,0,,,,,0,,,1084.36,"Life Style, Life Style > Llaveros & Portallaves",Promoción,,"https://vecsaboutique.com/wp-content/uploads/2024/09/80275A7E4C0.avif, https://vecsaboutique.com/wp-content/uploads/2024/09/80275A7E4C0_2.avif, https://vecsaboutique.com/wp-content/uploads/2024/09/80275A7E4C0_3.avif, https://vecsaboutique.com/wp-content/uploads/2024/09/80275A7E4C0_4.avif",,,,,,,,,0,BMW,,,,,,,,,,,,,,,,,,,,,,,,,,,,,,,,,,,,,,,,,,sync-and-show,updated,synced,1773716486,,approved,,,,,,,
14147,simple,80275A87978,,"Llavero BMW THE 1, Metal",1,0,visible,,"Llavero BMW Serie 1Metal",,,taxable,,1,2,,0,0,,,,,0,,,1069.17,"Life Style, Life Style > Llaveros & Portallaves",Promoción,,"https://vecsaboutique.com/wp-content/uploads/2024/09/80275A87978.avif, https://vecsaboutique.com/wp-content/uploads/2024/09/80275A87978_2.avif, https://vecsaboutique.com/wp-content/uploads/2024/09/80275A87978_3.avif, https://vecsaboutique.com/wp-content/uploads/2024/09/80275A87978_4.avif",,,,,,,,,0,BMW,,,,,,,,,,,,,,,,,,,,,,,,,,,,,,,,,,,,,,,,,,sync-and-show,updated,synced,1773716486,,approved,,,,,,,
14157,simple,80275A87985,,"Llavero BMW THE X1, Metal",1,0,visible,,"Llavero BMW X1Metal",,,taxable,,1,4,,0,0,,,,,0,,,918.08,"Life Style, Life Style > Llaveros & Portallaves",Promoción,,"https://vecsaboutique.com/wp-content/uploads/2024/09/80275A87985.avif, https://vecsaboutique.com/wp-content/uploads/2024/09/80275A87985_2.avif, https://vecsaboutique.com/wp-content/uploads/2024/09/80275A87985_3.avif, https://vecsaboutique.com/wp-content/uploads/2024/09/80275A87985_4.avif",,,,,,,,,0,BMW,,,,,,,,,,,,,,,,,,,,,,,,,,,,,,,,,,,,,,,,,,sync-and-show,updated,synced,1773716486,,approved,,,,,,,
14162,simple,80275A87986,,"Llavero BMW THE X2, Metal",1,0,visible,,"BMW llavero X2Metal",,,taxable,,1,9,,0,0,,,,,0,,,918.08,"Life Style, Life Style > Llaveros & Portallaves",Promoción,,"https://vecsaboutique.com/wp-content/uploads/2024/09/80275A87986.avif, https://vecsaboutique.com/wp-content/uploads/2024/09/80275A87986_2.avif, https://vecsaboutique.com/wp-content/uploads/2024/09/80275A87986_3.avif, https://vecsaboutique.com/wp-content/uploads/2024/09/80275A87986_4.avif",,,,,,,,,0,BMW,,,,,,,,,,,,,,,,,,,,,,,,,,,,,,,,,,,,,,,,,,sync-and-show,updated,synced,1773716486,,approved,,,,,,,
14167,simple,80275A87987,,"Llavero BMW THE X3, Metal",1,0,visible,,"Llavero BMW X3Metal",,,taxable,,1,6,,0,0,,,,,0,,,931.82,"Life Style, Life Style > Llaveros & Portallaves",Promoción,,"https://vecsaboutique.com/wp-content/uploads/2024/09/80275A87987.avif, https://vecsaboutique.com/wp-content/uploads/2024/09/80275A87987_2.avif, https://vecsaboutique.com/wp-content/uploads/2024/09/80275A87987_3.avif, https://vecsaboutique.com/wp-content/uploads/2024/09/80275A87987_4.avif",,,,,,,,,0,BMW,,,,,,,,,,,,,,,,,,,,,,,,,,,,,,,,,,,,,,,,,,sync-and-show,updated,synced,1773716486,,approved,,,,,,,
14223,variation,,,"main header",1,0,visible,,,,,taxable,parent,1,,,0,0,,,,,0,,,19393,,,,,,,,,,,,,1,,,,,,,,,,,,,,,,,,,,,,,,,,,,,,,,,,,,,,,,,,,,,,,,,,,,,,,
14224,variation,,,"main header",1,0,visible,,,,,taxable,parent,1,,,0,0,,,,,0,,,19393,,,,,,,,,,,,,2,,,,,,,,,,,,,,,,,,,,,,,,,,,,,,,,,,,,,,,,,,,,,,,,,,,,,,,
14225,variation,,,"main header",1,0,visible,,,,,taxable,parent,1,,,0,0,,,,,0,,,19393,,,,,,,,,,,,,3,,,,,,,,,,,,,,,,,,,,,,,,,,,,,,,,,,,,,,,,,,,,,,,,,,,,,,,
14849,variation,76117913411,,"main header",1,0,visible,,"Pantalones de moto para hombre BMW Reschen GTX te proporcionarán una comodidad de viaje excepcional. Los pantalones Enduro impermeables y transpirables cuentan con inserciones elásticas para una mayor libertad de movimiento y un ajuste óptimo. Los protectores NP3 extraíbles en las rodillas y las caderas y las impresiones reflectantes en el lateral del muslo te mantienen a salvo.\n\nTranspirable y resistente al viento gracias a la construcción Z-film con membrana GORE-TEX®\nAjuste cómodo\nProtecciones NP3 desmontables en rodillas y caderas\nEstampados reflectantes en el lateral de los muslos.\nClase de protección AA\nDobladillos de las piernas ajustables sin escalonamientos\nEl ancho del cordón es ajustable.\nDos bolsillos deslizantes en la parte delantera.\nBolsillo impermeable en el muslo\nInserciones elásticas para una mayor libertad de movimiento\nTallas: 46 (76117913408), 48 (76117913409), 50 (76117913410), 52 (76117913411), 54 (76117913412), 56 (76117913413), 58 (76117913414), 60 (761) 17913415)",,,taxable,parent,1,,,0,0,,,,,0,,,13.120,,,,https://vecsaboutique.com/wp-content/uploads/2024/10/76117913411-1-1.avif,,,,,,,,,1,,,,,,,,,,,,,,,,,,,,,,,,,,,,,,,,,,,,,,,,,,,,,,,,,,,,,,,
14863,variation,80142864032,,"main header",1,0,visible,,"BMW su ter se orabeige M",,,taxable,parent,1,,,0,0,,,,,0,,,1684.23,,,,https://vecsaboutique.com/wp-content/uploads/2024/10/80142864032-1-1.avif,,,,,,,,,2,,,,,,,,,,,,,,,,,,,,,,,,,,,,,,,,,,,,,,,,,,,,,,,,,,,,,,,
14865,variation,80142864122,,"main header",1,0,visible,,,,,taxable,parent,1,,,0,0,,,,,0,,,838.39,,,,,,,,,,,,,1,,,,,,,,,,,,,,,,,,,,,,,,,,,,,,,,,,,,,,,,,,,,,,,,,,,,,,,
14866,variation,80142864123,,"main header",1,0,visible,,"BMW camiseta Logo reverse unisexLight Grey M",,,taxable,parent,1,,,0,0,,,,,0,,,986.76,,,,https://vecsaboutique.com/wp-content/uploads/2024/10/80142864123-1-1.avif,,,,,,,,,2,,,,,,,,,,,,,,,,,,,,,,,,,,,,,,,,,,,,,,,,,,,,,,,,,,,,,,,
14870,variation,80142864129,,"main header",1,0,visible,,"BMW camiseta Logo negra caballerowhite M",,,taxable,parent,1,,,0,0,,,,,0,,,986.76,,,,https://vecsaboutique.com/wp-content/uploads/2024/10/80142864129-1-1.avif,,,,,,,,,1,,,,,,,,,,,,,,,,,,,,,,,,,,,,,,,,,,,,,,,,,,,,,,,,,,,,,,,
14872,variation,80142864130,,"main header",1,0,visible,,"BMW camiseta Logo negra caballerowhite L",,,taxable,parent,1,,,0,0,,,,,0,,,986.76,,,,https://vecsaboutique.com/wp-content/uploads/2024/10/80142864130-1-1.avif,,,,,,,,,2,,,,,,,,,,,,,,,,,,,,,,,,,,,,,,,,,,,,,,,,,,,,,,,,,,,,,,,
14874,variation,80142864147,,"main header",1,0,visible,,"Camiseta corte equilibrado y un aspecto elegante, así como un logotipo tonal que se funde discretamente con el material, son las características distintivas de esta camiseta BMW para mujer. La camiseta sigue sutilmente las líneas del cuerpo, pero no demasiado cerca, lo que permite que la camiseta se mueva libremente.\n\nSímbolo BMW estampado a tono\nCorte: ajuste casual\ncuello de 1,2 cm de ancho\nColocación de logo en el frente\nLa etiqueta de cuidados plegada garantiza la legibilidad\nTallas: XS (80142864146), S (80142864147), M (80142864148), L (80142864149), XL (80142864150)",,,taxable,parent,1,,,0,0,,,,,0,,,880.37,,,,https://vecsaboutique.com/wp-content/uploads/2024/10/80142864147-1-1.avif,,,,,,,,,1,,,,,,,,,,,,,,,,,,,,,,,,,,,,,,,,,,,,,,,,,,,,,,,,,,,,,,,
14876,variation,80142864148,,"main header",1,0,visible,,"Camiseta corte equilibrado y un aspecto elegante, así como un logotipo tonal que se funde discretamente con el material, son las características distintivas de esta camiseta BMW para mujer. La camiseta sigue sutilmente las líneas del cuerpo, pero no demasiado cerca, lo que permite que la camiseta se mueva libremente.\n\nSímbolo BMW estampado a tono\nCorte: ajuste casual\ncuello de 1,2 cm de ancho\nColocación de logo en el frente\nLa etiqueta de cuidados plegada garantiza la legibilidad\nTallas: XS (80142864146), S (80142864147), M (80142864148), L (80142864149), XL (80142864150)",,,taxable,parent,1,,,0,0,,,,,0,,,731.9,,,,https://vecsaboutique.com/wp-content/uploads/2024/10/80142864148-1-1.avif,,,,,,,,,2,,,,,,,,,,,,,,,,,,,,,,,,,,,,,,,,,,,,,,,,,,,,,,,,,,,,,,,
14896,variation,,,"main header",1,0,visible,,,,,taxable,parent,1,,,0,0,,,,,0,,,19566,,,,https://vecsaboutique.com/wp-content/uploads/2024/10/76317105194-1-3.avif,,,,,,,,,3,,,,,,,,,,,,,,,,,,,,,,,,,,,,,,,,,,,,,,,,,,,,,,,,,,,,,,,
14913,variation,80142463197,,"main header",1,0,visible,,"Camiseta MINI un aspecto moderno e informal, ya sea que estés de viaje o explorando las calles de la ciudad. Destacado por el exclusivo estampado multicolor de los coches MINI Cooper.\n\nCoches impresos en verde británico, coral, negro\nEstampado discreto del logotipo MINI Wing en la parte inferior izquierda\nMangas cortas enrolladas\nEscote redondo\nespalda redondeada\ncorte suelto\nLigeramente sobredimensionado",,,taxable,parent,1,,,0,0,,,,,0,,,734.6,,,,,,,,,,,,,2,,,,,,,,,,,,,,,,,,,,,,,,,,,,,,,,,,,,,,,,,,,,,,,,,,,,,,,
14915,variation,,,"main header",1,0,visible,,,,,taxable,parent,1,,,0,0,,,,,0,,,2528.27,,,,https://vecsaboutique.com/wp-content/uploads/2024/10/80142454570-2-3.avif,,,,,,,,,2,,,,,,,,,,,,,,,,,,,,,,,,,,,,,,,,,,,,,,,,,,,,,,,,,,,,,,,
14920,variation,,,"main header",1,0,visible,,,,,taxable,parent,1,,,0,0,,,,,0,,,17111.56,,,,https://vecsaboutique.com/wp-content/uploads/2024/10/76318504170-2-1.avif,,,,,,,,,1,,,,,,,,,,,,,,,,,,,,,,,,,,,,,,,,,,,,,,,,,,,,,,,,,,,,,,,
14925,variation,,,"main header",1,0,visible,,,,,taxable,parent,1,,,0,0,,,,,0,,,1985,,,,https://vecsaboutique.com/wp-content/uploads/2024/10/76618542404-1-1.avif,,,,,,,,,2,,,,,,,,,,,,,,,,,,,,,,,,,,,,,,,,,,,,,,,,,,,,,,,,,,,,,,,
14928,variation,,,"main header",1,0,visible,,,,,taxable,parent,1,,,0,0,,,,,0,,,1236.98,,,,https://vecsaboutique.com/wp-content/uploads/2024/10/76618542460-2-3.avif,,,,,,,,,2,,,,,,,,,,,,,,,,,,,,,,,,,,,,,,,,,,,,,,,,,,,,,,,,,,,,,,,
14934,variation,80145A0A581,,"main header",1,0,visible,,"Camiseta estampado del logotipo de MINI Wing en blanco y\nrayas en contraste de British Green Mangas cortas\nCuello redondo\nDobladillo recto.",,,taxable,parent,1,,,0,0,,,,,0,,,811.19,,,,,,,,,,,,,2,,,,,,,,,,,,,,,,,,,,,,,,,,,,,,,,,,,,,,,,,,,,,,,,,,,,,,,
14937,variation,,,"main header",1,0,visible,,,,,taxable,parent,1,,,0,0,,,,,0,,,1332.21,,,,https://vecsaboutique.com/wp-content/uploads/2024/10/80142460923-2-5.avif,,,,,,,,,3,,,,,,,,,,,,,,,,,,,,,,,,,,,,,,,,,,,,,,,,,,,,,,,,,,,,,,,
14940,variation,,,"main header",1,0,visible,,,,,taxable,parent,1,,,0,0,,,,,0,,,2339.01,,,,,,,,,,,,,1,,,,,,,,,,,,,,,,,,,,,,,,,,,,,,,,,,,,,,,,,,,,,,,,,,,,,,,
14941,variation,,,"main header",1,0,visible,,,,,taxable,parent,1,,,0,0,,,,,0,,,1332.21,,,,https://vecsaboutique.com/wp-content/uploads/2024/10/80142460929-1-3.avif,,,,,,,,,1,,,,,,,,,,,,,,,,,,,,,,,,,,,,,,,,,,,,,,,,,,,,,,,,,,,,,,,
14944,variation,,,"main header",1,0,visible,,,,,taxable,parent,1,,,0,0,,,,,0,,,1332.21,,,,https://vecsaboutique.com/wp-content/uploads/2024/10/80142460929-1-5.avif,,,,,,,,,3,,,,,,,,,,,,,,,,,,,,,,,,,,,,,,,,,,,,,,,,,,,,,,,,,,,,,,,
14959,variation,,,"main header",1,0,visible,,,,,taxable,parent,1,,,0,0,,,,,0,,,3357.04,,,,https://vecsaboutique.com/wp-content/uploads/2024/10/76428504312-4.avif,,,,,,,,,1,,,,,,,,,,,,,,,,,,,,,,,,,,,,,,,,,,,,,,,,,,,,,,,,,,,,,,,
14961,variation,,,"main header",1,0,visible,,,,,taxable,parent,1,,,0,0,,,,,0,,,3357.04,,,,https://vecsaboutique.com/wp-content/uploads/2024/10/76428504312-5.avif,,,,,,,,,2,,,,,,,,,,,,,,,,,,,,,,,,,,,,,,,,,,,,,,,,,,,,,,,,,,,,,,,
14963,variation,,,"main header",1,0,visible,,,,,taxable,parent,1,,,0,0,,,,,0,,,3357.04,,,,https://vecsaboutique.com/wp-content/uploads/2024/10/76428504312-6.avif,,,,,,,,,3,,,,,,,,,,,,,,,,,,,,,,,,,,,,,,,,,,,,,,,,,,,,,,,,,,,,,,,
14965,variation,,,"main header",1,0,visible,,,,,taxable,parent,1,,,0,0,,,,,0,,,3357.04,,,,https://vecsaboutique.com/wp-content/uploads/2024/10/76428504312-7.avif,,,,,,,,,4,,,,,,,,,,,,,,,,,,,,,,,,,,,,,,,,,,,,,,,,,,,,,,,,,,,,,,,
14967,variation,,,"main header",1,0,visible,,,,,taxable,parent,1,,,0,0,,,,,0,,,473.28,,,,,,,,,,,,,1,,,,,,,,,,,,,,,,,,,,,,,,,,,,,,,,,,,,,,,,,,,,,,,,,,,,,,,
14968,variation,80162864200,,"main header",1,0,visible,,,,,taxable,parent,1,,,0,0,,,,,0,,,473.28,,,,,,,,,,,,,2,,,,,,,,,,,,,,,,,,,,,,,,,,,,,,,,,,,,,,,,,,,,,,,,,,,,,,,
14969,variation,,,"main header",1,0,visible,,,,,taxable,parent,1,,,0,0,,,,,0,,,988.07,,,,,,,,,,,,,3,,,,,,,,,,,,,,,,,,,,,,,,,,,,,,,,,,,,,,,,,,,,,,,,,,,,,,,
14970,variation,80142864149,,"main header",1,0,visible,,"Camiseta con corte equilibrado y un aspecto elegante, así como un logotipo tonal que se funde discretamente con el material, son las características distintivas de esta camiseta BMW para mujer. La camiseta sigue sutilmente las líneas del cuerpo, pero no demasiado cerca, lo que permite que la camiseta se mueva libremente.\n\nSímbolo BMW estampado a tono\nCorte: ajuste casual\ncuello de 1,2 cm de ancho\nColocación de logo en el frente\nLa etiqueta de cuidados plegada garantiza la legibilidad\nTallas: XS (80142864146), S (80142864147), M (80142864148), L (80142864149), XL (80142864150)",,,taxable,parent,1,,,0,0,,,,,0,,,731.9,,,,,,,,,,,,,3,,,,,,,,,,,,,,,,,,,,,,,,,,,,,,,,,,,,,,,,,,,,,,,,,,,,,,,
14971,variation,,,"main header",1,0,visible,,,,,taxable,parent,1,,,0,0,,,,,0,,,1754.00,,,,,,,,,,,,,1,,,,,,,,,,,,,,,,,,,,,,,,,,,,,,,,,,,,,,,,,,,,,,,,,,,,,,,
14972,variation,,,"main header",1,0,visible,,,,,taxable,parent,1,,,0,0,,,,,0,,,1,,,,https://vecsaboutique.com/wp-content/uploads/2024/10/76317912912-1-1.avif,,,,,,,,,1,,,,,,,,,,,,,,,,,,,,,,,,,,,,,,,,,,,,,,,,,,,,,,,,,,,,,,,
14978,variation,,,"main header",1,0,visible,,,,,taxable,parent,1,,,0,0,,,,,0,,,17568,,,,,,,,,,,,,1,,,,,,,,,,,,,,,,,,,,,,,,,,,,,,,,,,,,,,,,,,,,,,,,,,,,,,,
14979,variation,,,"main header",1,0,visible,,,,,taxable,parent,1,,,0,0,,,,,0,,,17568,,,,,,,,,,,,,2,,,,,,,,,,,,,,,,,,,,,,,,,,,,,,,,,,,,,,,,,,,,,,,,,,,,,,,,,,,
14980,variation,,,"main header",1,0,visible,,,,,taxable,parent,1,,,0,0,,,,,0,,,6506,,,,,,,,,,,,,1,,,,,,,,,,,,,,,,,,,,,,,,,,,,,,,,,,,,,,,,,,,,,,,,,,,,,,,,,,,
14981,variation,,,"main header",1,0,visible,,,,,taxable,parent,1,,,0,0,,,,,0,,,6506,,,,,,,,,,,,,2,,,,,,,,,,,,,,,,,,,,,,,,,,,,,,,,,,,,,,,,,,,,,,,,,,,,,,,,,,,
14982,variation,,,"main header",1,0,visible,,,,,taxable,parent,1,,,0,0,,,,,0,,,6506,,,,,,,,,,,,,3,,,,,,,,,,,,,,,,,,,,,,,,,,,,,,,,,,,,,,,,,,,,,,,,,,,,,,,,,,,
14983,variation,,,"main header",1,0,visible,,,,,taxable,parent,1,,,0,0,,,,,0,,,6506,,,,,,,,,,,,,1,,,,,,,,,,,,,,,,,,,,,,,,,,,,,,,,,,,,,,,,,,,,,,,,,,,,,,,,,,,
14984,variation,,,"main header",1,0,visible,,,,,taxable,parent,1,,,0,0,,,,,0,,,6506,,,,,,,,,,,,,2,,,,,,,,,,,,,,,,,,,,,,,,,,,,,,,,,,,,,,,,,,,,,,,,,,,,,,,,,,,
14985,variation,,,"main header",1,0,visible,,,,,taxable,parent,1,,,0,0,,,,,0,,,6506,,,,,,,,,,,,,3,,,,,,,,,,,,,,,,,,,,,,,,,,,,,,,,,,,,,,,,,,,,,,,,,,,,,,,,,,,
14986,variation,,,"main header",1,0,visible,,,,,taxable,parent,1,,,0,0,,,,,0,,,13787.18,,,,,,,,,,,,,1,,,,,,,,,,,,,,,,,,,,,,,,,,,,,,,,,,,,,,,,,,,,,,,,,,,,,,,,,,,
14987,variation,,,"main header",1,0,visible,,,,,taxable,parent,1,,,0,0,,,,,0,,,13787.18,,,,,,,,,,,,,2,,,,,,,,,,,,,,,,,,,,,,,,,,,,,,,,,,,,,,,,,,,,,,,,,,,,,,,,,,,
14988,variation,,,"main header",1,0,visible,,,,,taxable,parent,1,,,0,0,,,,,0,,,1014.85,,,,,,,,,,,,,1,,,,,,,,,,,,,,,,,,,,,,,,,,,,,,,,,,,,,,,,,,,,,,,,,,,,,,,,,,,
14989,variation,,,"main header",1,0,visible,,,,,taxable,parent,1,,,0,0,,,,,0,,,1014.85,,,,,,,,,,,,,2,,,,,,,,,,,,,,,,,,,,,,,,,,,,,,,,,,,,,,,,,,,,,,,,,,,,,,,,,,,
14990,variation,,,"main header",1,0,visible,,,,,taxable,parent,1,,,0,0,,,,,0,,,1171.25,,,,,,,,,,,,,1,,,,,,,,,,,,,,,,,,,,,,,,,,,,,,,,,,,,,,,,,,,,,,,,,,,,,,,,,,,
14991,variation,,,"main header",1,0,visible,,,,,taxable,parent,1,,,0,0,,,,,0,,,1171.25,,,,,,,,,,,,,2,,,,,,,,,,,,,,,,,,,,,,,,,,,,,,,,,,,,,,,,,,,,,,,,,,,,,,,,,,,
14992,variation,,,"main header",1,0,visible,,,,,taxable,parent,1,,,0,0,,,,,0,,,1312.01,,,,,,,,,,,,,1,,,,,,,,,,,,,,,,,,,,,,,,,,,,,,,,,,,,,,,,,,,,,,,,,,,,,,,,,,,
14993,variation,,,"main header",1,0,visible,,,,,taxable,parent,1,,,0,0,,,,,0,,,1312.01,,,,,,,,,,,,,2,,,,,,,,,,,,,,,,,,,,,,,,,,,,,,,,,,,,,,,,,,,,,,,,,,,,,,,,,,,
14994,variation,,,"main header",1,0,visible,,,,,taxable,parent,1,,,0,0,,,,,0,,,2646.24,,,,,,,,,,,,,1,,,,,,,,,,,,,,,,,,,,,,,,,,,,,,,,,,,,,,,,,,,,,,,,,,,,,,,,,,,
14995,variation,,,"main header",1,0,visible,,,,,taxable,parent,1,,,0,0,,,,,0,,,2646.24,,,,,,,,,,,,,2,,,,,,,,,,,,,,,,,,,,,,,,,,,,,,,,,,,,,,,,,,,,,,,,,,,,,,,,,,,
14996,variation,,,"main header",1,0,visible,,,,,taxable,parent,1,,,0,0,,,,,0,,,1312.01,,,,,,,,,,,,,1,,,,,,,,,,,,,,,,,,,,,,,,,,,,,,,,,,,,,,,,,,,,,,,,,,,,,,,,,,,
14997,variation,,,"main header",1,0,visible,,,,,taxable,parent,1,,,0,0,,,,,0,,,1312.01,,,,,,,,,,,,,2,,,,,,,,,,,,,,,,,,,,,,,,,,,,,,,,,,,,,,,,,,,,,,,,,,,,,,,,,,,
14998,variation,,,"main header",1,0,visible,,,,,taxable,parent,1,,,0,0,,,,,0,,,4163.78,,,,,,,,,,,,,1,,,,,,,,,,,,,,,,,,,,,,,,,,,,,,,,,,,,,,,,,,,,,,,,,,,,,,,,,,,
14999,variation,,,"main header",1,0,visible,,,,,taxable,parent,1,,,0,0,,,,,0,,,4163.78,,,,,,,,,,,,,2,,,,,,,,,,,,,,,,,,,,,,,,,,,,,,,,,,,,,,,,,,,,,,,,,,,,,,,,,,,
15000,variation,,,"main header",1,0,visible,,,,,taxable,parent,1,,,0,0,,,,,0,,,2423.96,,,,,,,,,,,,,1,,,,,,,,,,,,,,,,,,,,,,,,,,,,,,,,,,,,,,,,,,,,,,,,,,,,,,,,,,,
15001,variation,,,"main header",1,0,visible,,,,,taxable,parent,1,,,0,0,,,,,0,,,2423.96,,,,,,,,,,,,,2,,,,,,,,,,,,,,,,,,,,,,,,,,,,,,,,,,,,,,,,,,,,,,,,,,,,,,,,,,,
15511,variable,76218536374,,"Guantes para motociclista  BMW Motorrad Furka GTX antracita, Unisex",1,0,visible,,"Guantes Furka GTX antracita6",,,taxable,,1,,,0,0,,,,,1,,,,"Rider Gear & Garment > Guantes",Promoción,,"https://vecsaboutique.com/wp-content/uploads/2024/11/76218536374.avif, https://vecsaboutique.com/wp-content/uploads/2024/11/76218536374_2.avif, https://vecsaboutique.com/wp-content/uploads/2024/11/76218536374_3.avif, https://vecsaboutique.com/wp-content/uploads/2024/11/76218536374_4.avif",,,,,,,,,0,MOTORRAD,talla,"10, 6, 8, 9",1,1,genero,Unisex,1,1,color,Negro,1,1,,,,,,,,,,,,,,,,,,,,,,,,,,,,,,sync-and-show,updated,synced,1773716486,Negro,approved,yes,yes,yes,,,,0,default,1,0,'@ALL
15516,simple,,,"Pasamontañas Tour WindbreakerM",-1,0,visible,,,,,taxable,,1,,,0,0,,,,,1,,579.46,867.17,"Life Style",,,,,,,,,,,,0,,,,,,,,,,,,,,,,,,,,,,,,,,,,,,,,,,,,,,,,,,,,,,,,,,,,,,,,,,,
15517,simple,,,"PantalÝn R",-1,0,visible,,,,,taxable,,1,,,0,0,,,,,1,,9446.44,12752.69,"Life Style",,,,,,,,,,,,0,,,,,,,,,,,,,,,,,,,,,,,,,,,,,,,,,,,,,,,,,,,sync-and-show,,,,,,,,,,,,,,,,
15518,simple,,,"Chaleco Cool DownXL",-1,0,visible,,,,,taxable,,1,,,0,0,,,,,1,,2073.71,3357.04,"Life Style",,,,,,,,,,,,0,,,,,,,,,,,,,,,,,,,,,,,,,,,,,,,,,,,,,,,,,,,sync-and-show,,,,,,,,,,,,,,,,
15519,simple,,,"Helmet GS",-1,0,visible,,,,,taxable,,1,,,0,0,,,,,1,,12675.23,17111.56,"Life Style",,,,,,,,,,,,0,,,,,,,,,,,,,,,,,,,,,,,,,,,,,,,,,,,,,,,,,,,sync-and-show,,,,,,,,,,,,,,,,
15520,simple,,,"Guantes M",-1,0,visible,,,,,taxable,,1,,,0,0,,,,,1,,4787.24,6223.41,"Life Style",,,,,,,,,,,,0,,,,,,,,,,,,,,,,,,,,,,,,,,,,,,,,,,,,,,,,,,,sync-and-show,,,,,,,,,,,,,,,,
15521,simple,,,"Jacket GS",-1,0,visible,,,,,taxable,,1,,,0,0,,,,,1,,15041.34,20305.80,"Life Style",,,,,,,,,,,,0,,,,,,,,,,,,,,,,,,,,,,,,,,,,,,,,,,,,,,,,,,,sync-and-show,,,,,,,,,,,,,,,,
15522,simple,,,"Gorro Motorsport negro",-1,0,visible,,,,,taxable,,1,,,0,0,,,,,1,,718.47,1089.72,"Life Style",,,,,,,,,,,,0,,,,,,,,,,,,,,,,,,,,,,,,,,,,,,,,,,,,,,,,,,,sync-and-show,,,,,,,,,,,,,,,,
15523,simple,,,"Jacket Res",-1,0,visible,,,,,taxable,,1,,,0,0,,,,,1,,14365.39,19393.27,"Life Style",,,,,,,,,,,,0,,,,,,,,,,,,,,,,,,,,,,,,,,,,,,,,,,,,,,,,,,,sync-and-show,,,,,,,,,,,,,,,,
15524,simple,,,"Camiseta M",-1,0,visible,,,,,taxable,,1,,,0,0,,,,,1,,730.69,1275.27,"Life Style",,,,,,,,,,,,0,,,,,,,,,,,,,,,,,,,,,,,,,,,,,,,,,,,,,,,,,,,sync-and-show,,,,,,,,,,,,,,,,
15525,simple,,,"Easytube GS azul",-1,0,visible,,,,,taxable,,1,,,0,0,,,,,1,,466.91,667.12,"Life Style",,,,,,,,,,,,0,,,,,,,,,,,,,,,,,,,,,,,,,,,,,,,,,,,,,,,,,,,sync-and-show,,,,,,,,,,,,,,,,
15526,simple,,,"Guantes Re",-1,0,visible,,,,,taxable,,1,,,0,0,,,,,1,,2681.15,3485.50,"Life Style",,,,,,,,,,,,0,,,,,,,,,,,,,,,,,,,,,,,,,,,,,,,,,,,,,,,,,,,sync-and-show,,,,,,,,,,,,,,,,
15527,simple,,,"Chaleco Cool DownL",-1,0,visible,,,,,taxable,,1,,,0,0,,,,,1,,2073.71,3357.04,"Life Style",,,,,,,,,,,,0,,,,,,,,,,,,,,,,,,,,,,,,,,,,,,,,,,,,,,,,,,,sync-and-show,,,,,,,,,,,,,,,,
15529,simple,,,"BMW motocicleta miniatura M1000 RR (K66)1:10, M Style",-1,0,visible,,,,,taxable,,1,,,0,0,,,,,1,,2093.69,2930.90,"Life Style",,,,,,,,,,,,0,,,,,,,,,,,,,,,,,,,,,,,,,,,,,,,,,,,,,,,,,,,sync-and-show,,,,,,,,,,,,,,,,
15530,simple,,,"BMW motociclet.miniatura R 1250 GS (K50)1:10, HP Style",-1,0,visible,,,,,taxable,,1,,,0,0,,,,,1,,2093.69,2721.79,"Life Style",,,,,,,,,,,,0,,,,,,,,,,,,,,,,,,,,,,,,,,,,,,,,,,,,,,,,,,,sync-and-show,,,,,,,,,,,,,,,,
15531,simple,,,"Camisa SummeL",-1,0,visible,,,,,taxable,,1,,,0,0,,,,,1,,845.08,1111.95,"Life Style",,,,,,,,,,,,0,,,,,,,,,,,,,,,,,,,,,,,,,,,,,,,,,,,,,,,,,,,sync-and-show,,,,,,,,,,,,,,,,
15532,simple,,,"Pantalón XRide GTX caballero negra50",-1,0,visible,,,,,taxable,,1,,,0,0,,,,,1,,11047.46,15343.69,"Life Style",,,,,,,,,,,,0,,,,,,,,,,,,,,,,,,,,,,,,,,,,,,,,,,,,,,,,,,,sync-and-show,,,,,,,,,,,,,,,,
15533,simple,,,"Jacket Mor",-1,0,visible,,,,,taxable,,1,,,0,0,,,,,1,,18412.56,23936.33,"Life Style",,,,,,,,,,,,0,,,,,,,,,,,,,,,,,,,,,,,,,,,,,,,,,,,,,,,,,,,sync-and-show,,,,,,,,,,,,,,,,
15534,simple,,,"Zapatillas Seoul GTX blancas43",-1,0,visible,,,,,taxable,,1,,,0,0,,,,,1,,4684.30,6505.97,"Life Style",,,,,,,,,,,,0,,,,,,,,,,,,,,,,,,,,,,,,,,,,,,,,,,,,,,,,,,,sync-and-show,,,,,,,,,,,,,,,,
15535,simple,,,"Casco Syst",-1,0,visible,,,,,taxable,,1,,,0,0,,,,,1,,16106.42,20938.35,"Life Style",,,,,,,,,,,,0,,,,,,,,,,,,,,,,,,,,,,,,,,,,,,,,,,,,,,,,,,,sync-and-show,,,,,,,,,,,,,,,,
15536,simple,,,"Gorra RR blanco",-1,0,visible,,,,,taxable,,1,,,0,0,,,,,1,,659.05,867.17,"Life Style",,,,,,,,,,,,0,,,,,,,,,,,,,,,,,,,,,,,,,,,,,,,,,,,,,,,,,,,sync-and-show,,,,,,,,,,,,,,,,
15537,simple,,,"Shirt Denim caballero gris oscuroL",-1,0,visible,,,,,taxable,,1,,,0,0,,,,,1,,1905.29,2646.24,"Life Style",,,,,,,,,,,,0,,,,,,,,,,,,,,,,,,,,,,,,,,,,,,,,,,,,,,,,,,,sync-and-show,,,,,,,,,,,,,,,,
15538,simple,,,"Guantes PureBoxer2XL",-1,0,visible,,,,,taxable,,1,,,0,0,,,,,1,,2545.66,3535.64,"Life Style",,,,,,,,,,,,0,,,,,,,,,,,,,,,,,,,,,,,,,,,,,,,,,,,,,,,,,,,sync-and-show,,,,,,,,,,,,,,,,
15539,simple,,,"PantalÝn G",-1,0,visible,,,,,taxable,,1,,,0,0,,,,,1,,12648.66,16443.26,"Life Style",,,,,,,,,,,,0,,,,,,,,,,,,,,,,,,,,,,,,,,,,,,,,,,,,,,,,,,,sync-and-show,,,,,,,,,,,,,,,,
15540,simple,,,"Guantes GS",-1,0,visible,,,,,taxable,,1,,,0,0,,,,,1,,2681.15,3485.49,"Life Style",,,,,,,,,,,,0,,,,,,,,,,,,,,,,,,,,,,,,,,,,,,,,,,,,,,,,,,,sync-and-show,,,,,,,,,,,,,,,,
15541,simple,,,"Guantes Te",-1,0,visible,,,,,taxable,,1,,,0,0,,,,,1,,3838.44,5331.16,"Life Style",,,,,,,,,,,,0,,,,,,,,,,,,,,,,,,,,,,,,,,,,,,,,,,,,,,,,,,,sync-and-show,,,,,,,,,,,,,,,,
15542,simple,,,"Guantes Ar",-1,0,visible,,,,,taxable,,1,,,0,0,,,,,1,,1745.25,2423.96,"Life Style",,,,,,,,,,,,0,,,,,,,,,,,,,,,,,,,,,,,,,,,,,,,,,,,,,,,,,,,sync-and-show,,,,,,,,,,,,,,,,
15543,simple,,,"Visera 2D Ra",-1,0,visible,,,,,taxable,,1,,,0,0,,,,,1,,1769.52,2268.61,"Life Style",,,,,,,,,,,,0,,,,,,,,,,,,,,,,,,,,,,,,,,,,,,,,,,,,,,,,,,,sync-and-show,,,,,,,,,,,,,,,,
15544,simple,,,"Gorra BMW Motorrad gris",-1,0,visible,,,,,taxable,,1,,,0,0,,,,,1,,490.30,644.89,"Life Style",,,,,,,,,,,,0,,,,,,,,,,,,,,,,,,,,,,,,,,,,,,,,,,,,,,,,,,,sync-and-show,,,,,,,,,,,,,,,,
15546,simple,,,"MINI JCW T-Sra. green, L",-1,0,visible,,,,,taxable,,1,,,0,0,,,,,1,,459.39,597.21,"Life Style",,,,,,,,,,,,0,,,,,,,,,,,,,,,,,,,,,,,,,,,,,,,,,,,,,,,,,,,sync-and-show,,,,,,,,,,,,,,,,
15548,simple,,,"MINI Parka Wblk/gr, L",-1,0,visible,,,,,taxable,,1,,,0,0,,,,,1,,2155.59,2802.27,"Life Style",,,,,,,,,,,,0,,,,,,,,,,,,,,,,,,,,,,,,,,,,,,,,,,,,,,,,,,,sync-and-show,,,,,,,,,,,,,,,,
15549,simple,,,"BMW M Motorsport Statement T Shirt Herrewhite, S",-1,0,visible,,,,,taxable,,1,,,0,0,,,,,1,,600.84,767.04,"Life Style",,,,,,,,,,,,0,,,,,,,,,,,,,,,,,,,,,,,,,,,,,,,,,,,,,,,,,,,sync-and-show,,,,,,,,,,,,,,,,
15550,simple,,,"BMW M Motorsport Statement T Shirt Hwhite, L",-1,0,visible,,,,,taxable,,1,,,0,0,,,,,1,,600.84,767.04,"Life Style",,,,,,,,,,,,0,,,,,,,,,,,,,,,,,,,,,,,,,,,,,,,,,,,,,,,,,,,sync-and-show,,,,,,,,,,,,,,,,
15552,simple,,,"MINI T-Shirtblack, L",-1,0,visible,,,,,taxable,,1,,,0,0,,,,,1,,580.33,754.43,"Life Style",,,,,,,,,,,,0,,,,,,,,,,,,,,,,,,,,,,,,,,,,,,,,,,,,,,,,,,,sync-and-show,,,,,,,,,,,,,,,,
15554,simple,,,"MINI T-Shirt Women Wordmark SignetBlk/Green, M",-1,0,visible,,,,,taxable,,1,,,0,0,,,,,1,,462.06,600.68,"Life Style",,,,,,,,,,,,0,,,,,,,,,,,,,,,,,,,,,,,,,,,,,,,,,,,,,,,,,,,sync-and-show,,,,,,,,,,,,,,,,
15557,simple,,,"Chaqueta Softshell Motorsport negraL",-1,0,visible,,,,,taxable,,1,,,0,0,,,,,1,,2548.34,4398.22,"Life Style",,,,,,,,,,,,0,,,,,,,,,,,,,,,,,,,,,,,,,,,,,,,,,,,,,,,,,,,sync-and-show,,,,,,,,,,,,,,,,
15558,simple,,,"BMW chaqueta señorablue, M",-1,0,visible,,,,,taxable,,1,,,0,0,,,,,1,,3791.53,4335.49,"Life Style",,,,,,,,,,,,0,,,,,,,,,,,,,,,,,,,,,,,,,,,,,,,,,,,,,,,,,,,sync-and-show,,,,,,,,,,,,,,,,
15559,simple,,,"BMW chaqueta señorablue, XS",-1,0,visible,,,,,taxable,,1,,,0,0,,,,,1,,3791.53,4335.49,"Life Style",,,,,,,,,,,,0,,,,,,,,,,,,,,,,,,,,,,,,,,,,,,,,,,,,,,,,,,,sync-and-show,,,,,,,,,,,,,,,,
15560,simple,,,"BMW chaqueta señorablue, S",-1,0,visible,,,,,taxable,,1,,,0,0,,,,,1,,3791.53,4335.49,"Life Style",,,,,,,,,,,,0,,,,,,,,,,,,,,,,,,,,,,,,,,,,,,,,,,,,,,,,,,,sync-and-show,,,,,,,,,,,,,,,,
15561,simple,,,"BMW chaqueta caballeroblue, S",-1,0,visible,,,,,taxable,,1,,,0,0,,,,,1,,3576.88,4045.43,"Life Style",,,,,,,,,,,,0,,,,,,,,,,,,,,,,,,,,,,,,,,,,,,,,,,,,,,,,,,,sync-and-show,,,,,,,,,,,,,,,,
15562,simple,,,"BMW chaqueta caballeroblue, M",-1,0,visible,,,,,taxable,,1,,,0,0,,,,,1,,3576.88,4045.43,"Life Style",,,,,,,,,,,,0,,,,,,,,,,,,,,,,,,,,,,,,,,,,,,,,,,,,,,,,,,,sync-and-show,,,,,,,,,,,,,,,,
15564,simple,,,"BMW camiseta Logo reverse niñoslight grey, 164",-1,0,visible,,,,,taxable,,1,,,0,0,,,,,1,,419.62,545.51,"Life Style",,,,,,,,,,,,0,,,,,,,,,,,,,,,,,,,,,,,,,,,,,,,,,,,,,,,,,,,sync-and-show,,,,,,,,,,,,,,,,
15566,simple,,,"BMW sudadera deportiva caballeroInk blue, L",-1,0,visible,,,,,taxable,,1,,,0,0,,,,,1,,1225.19,1435.44,"Life Style",,,,,,,,,,,,0,,,,,,,,,,,,,,,,,,,,,,,,,,,,,,,,,,,,,,,,,,,sync-and-show,,,,,,,,,,,,,,,,
15567,simple,,,"Camiseta BMW M señorablack, L",-1,0,visible,,,,,taxable,,1,,,0,0,,,,,1,,775.22,855.50,"Life Style",,,,,,,,,,,,0,,,,,,,,,,,,,,,,,,,,,,,,,,,,,,,,,,,,,,,,,,,sync-and-show,,,,,,,,,,,,,,,,
15568,simple,,,"BMW M suéter caballeroblack, L",-1,0,visible,,,,,taxable,,1,,,0,0,,,,,1,,1573.42,1725.50,"Life Style",,,,,,,,,,,,0,,,,,,,,,,,,,,,,,,,,,,,,,,,,,,,,,,,,,,,,,,,sync-and-show,,,,,,,,,,,,,,,,
15569,simple,,,"BMW M suéter caballeroblack, M",-1,0,visible,,,,,taxable,,1,,,0,0,,,,,1,,1573.41,1725.50,"Life Style",,,,,,,,,,,,0,,,,,,,,,,,,,,,,,,,,,,,,,,,,,,,,,,,,,,,,,,,sync-and-show,,,,,,,,,,,,,,,,
15570,simple,,,"BMW M chaqueta deportiva caballerocognac, L",-1,0,visible,,,,,taxable,,1,,,0,0,,,,,1,,1701.92,1870.44,"Life Style",,,,,,,,,,,,0,,,,,,,,,,,,,,,,,,,,,,,,,,,,,,,,,,,,,,,,,,,sync-and-show,,,,,,,,,,,,,,,,
15573,simple,,,"Sudadera cap.Soulfuel caballero negraL",-1,0,visible,,,,,taxable,,1,,,0,0,,,,,1,,1424.97,1979.12,"Life Style",,,,,,,,,,,,0,,,,,,,,,,,,,,,,,,,,,,,,,,,,,,,,,,,,,,,,,,,sync-and-show,,,,,,,,,,,,,,,,
15574,simple,,,"Cazadora Bavella señora amarillo neón44",-1,0,visible,,,,,taxable,,1,,,0,0,,,,,1,,9446.44,13120.06,"Life Style",,,,,,,,,,,,0,,,,,,,,,,,,,,,,,,,,,,,,,,,,,,,,,,,,,,,,,,,sync-and-show,,,,,,,,,,,,,,,,
15575,simple,,,"Jacket Hot",-1,0,visible,,,,,taxable,,1,,,0,0,,,,,1,,10496.05,13644.87,"Life Style",,,,,,,,,,,,0,,,,,,,,,,,,,,,,,,,,,,,,,,,,,,,,,,,,,,,,,,,sync-and-show,,,,,,,,,,,,,,,,
15576,simple,,,"Jacket XRi",-1,0,visible,,,,,taxable,,1,,,0,0,,,,,1,,14249.69,18524.60,"Life Style",,,,,,,,,,,,0,,,,,,,,,,,,,,,,,,,,,,,,,,,,,,,,,,,,,,,,,,,sync-and-show,,,,,,,,,,,,,,,,
15577,simple,,,"Sistema de comunicación Fit-for-All",-1,0,visible,,,,,taxable,,1,,,0,0,,,,,1,,2667.84,3336.69,"Life Style",,,,,,,,,,,,0,,,,,,,,,,,,,,,,,,,,,,,,,,,,,,,,,,,,,,,,,,,sync-and-show,,,,,,,,,,,,,,,,
15578,simple,,,"Camiseta BMW M señorablack, M",-1,0,visible,,,,,taxable,,1,,,0,0,,,,,1,,775.22,855.50,"Life Style",,,,,,,,,,,,0,,,,,,,,,,,,,,,,,,,,,,,,,,,,,,,,,,,,,,,,,,,sync-and-show,,,,,,,,,,,,,,,,
15579,simple,,,"Botas Pillon Air negras43",-1,0,visible,,,,,taxable,,1,,,0,0,,,,,1,,4195.88,6766.42,"Life Style",,,,,,,,,,,,0,,,,,,,,,,,,,,,,,,,,,,,,,,,,,,,,,,,,,,,,,,,sync-and-show,,,,,,,,,,,,,,,,
15580,simple,,,"MINI T Shirt Men Wing Logo Two ToneWhite/Blk, L",-1,0,visible,,,,,taxable,,1,,,0,0,,,,,1,,641.10,833.43,"Life Style",,,,,,,,,,,,0,,,,,,,,,,,,,,,,,,,,,,,,,,,,,,,,,,,,,,,,,,,sync-and-show,,,,,,,,,,,,,,,,
15581,simple,,,"MINI Zip Hoodie Men Striped BindingBlack, M",-1,0,visible,,,,,taxable,,1,,,0,0,,,,,1,,1879.11,2442.84,"Life Style",,,,,,,,,,,,0,,,,,,,,,,,,,,,,,,,,,,,,,,,,,,,,,,,,,,,,,,,sync-and-show,,,,,,,,,,,,,,,,
15582,simple,,,"MINI T-Shi",-1,0,visible,,,,,taxable,,1,,,0,0,,,,,1,,773.69,979.35,"Life Style",,,,,,,,,,,,0,,,,,,,,,,,,,,,,,,,,,,,,,,,,,,,,,,,,,,,,,,,sync-and-show,,,,,,,,,,,,,,,,
15583,simple,,,"MINI Polo Me",-1,0,visible,,,,,taxable,,1,,,0,0,,,,,1,,1083.32,1408.32,"Life Style",,,,,,,,,,,,0,,,,,,,,,,,,,,,,,,,,,,,,,,,,,,,,,,,,,,,,,,,sync-and-show,,,,,,,,,,,,,,,,
15584,simple,,,"MINI Polo Men Striped CollarSage, L",-1,0,visible,,,,,taxable,,1,,,0,0,,,,,1,,1083.32,1408.32,"Life Style",,,,,,,,,,,,0,,,,,,,,,,,,,,,,,,,,,,,,,,,,,,,,,,,,,,,,,,,sync-and-show,,,,,,,,,,,,,,,,
15586,simple,,,"Camiseta Spirit of GS caballero olivaM",-1,0,visible,,,,,taxable,,1,,,0,0,,,,,1,,730.69,1014.85,"Life Style",,,,,,,,,,,,0,,,,,,,,,,,,,,,,,,,,,,,,,,,,,,,,,,,,,,,,,,,sync-and-show,,,,,,,,,,,,,,,,
15587,simple,,,"Camiseta R",-1,0,visible,,,,,taxable,,1,,,0,0,,,,,1,,730.69,1015.00,"Life Style",,,,,,,,,,,,0,,,,,,,,,,,,,,,,,,,,,,,,,,,,,,,,,,,,,,,,,,,sync-and-show,,,,,,,,,,,,,,,,
15588,simple,,,"Camiseta R 80 G/S caballero azulL",-1,0,visible,,,,,taxable,,1,,,0,0,,,,,1,,730.69,1014.85,"Life Style",,,,,,,,,,,,0,,,,,,,,,,,,,,,,,,,,,,,,,,,,,,,,,,,,,,,,,,,sync-and-show,,,,,,,,,,,,,,,,
15589,simple,,,"Camiseta Adventure caballero CamelM",-1,0,visible,,,,,taxable,,1,,,0,0,,,,,1,,730.69,1014.85,"Life Style",,,,,,,,,,,,0,,,,,,,,,,,,,,,,,,,,,,,,,,,,,,,,,,,,,,,,,,,sync-and-show,,,,,,,,,,,,,,,,
15590,simple,,,"Camiseta J",-1,0,visible,,,,,taxable,,1,,,0,0,,,,,1,,730.69,949.90,"Life Style",,,,,,,,,,,,0,,,,,,,,,,,,,,,,,,,,,,,,,,,,,,,,,,,,,,,,,,,sync-and-show,,,,,,,,,,,,,,,,
15591,simple,,,"Camiseta R 80 G/S caballero azulM",-1,0,visible,,,,,taxable,,1,,,0,0,,,,,1,,730.69,1014.85,"Life Style",,,,,,,,,,,,0,,,,,,,,,,,,,,,,,,,,,,,,,,,,,,,,,,,,,,,,,,,sync-and-show,,,,,,,,,,,,,,,,
15592,simple,,,"Camiseta Big Boxer caballero azulM",-1,0,visible,,,,,taxable,,1,,,0,0,,,,,1,,730.69,1014.85,"Life Style",,,,,,,,,,,,0,,,,,,,,,,,,,,,,,,,,,,,,,,,,,,,,,,,,,,,,,,,sync-and-show,,,,,,,,,,,,,,,,
15593,simple,,,"Camiseta A",-1,0,visible,,,,,taxable,,1,,,0,0,,,,,1,,730.69,949.90,"Life Style",,,,,,,,,,,,0,,,,,,,,,,,,,,,,,,,,,,,,,,,,,,,,,,,,,,,,,,,sync-and-show,,,,,,,,,,,,,,,,
15594,simple,,,"Camiseta Big Boxer caballero azulS",-1,0,visible,,,,,taxable,,1,,,0,0,,,,,1,,730.69,1014.85,"Life Style",,,,,,,,,,,,0,,,,,,,,,,,,,,,,,,,,,,,,,,,,,,,,,,,,,,,,,,,sync-and-show,,,,,,,,,,,,,,,,
15595,simple,,,"Camiseta S",-1,0,visible,,,,,taxable,,1,,,0,0,,,,,1,,730.69,949.90,"Life Style",,,,,,,,,,,,0,,,,,,,,,,,,,,,,,,,,,,,,,,,,,,,,,,,,,,,,,,,sync-and-show,,,,,,,,,,,,,,,,
15596,simple,,,"Camiseta Aircooled caballero verdeM",-1,0,visible,,,,,taxable,,1,,,0,0,,,,,1,,730.69,1014.85,"Life Style",,,,,,,,,,,,0,,,,,,,,,,,,,,,,,,,,,,,,,,,,,,,,,,,,,,,,,,,sync-and-show,,,,,,,,,,,,,,,,
15597,simple,,,"Camiseta R 90 S caballero caquiM",-1,0,visible,,,,,taxable,,1,,,0,0,,,,,1,,730.69,1014.85,"Life Style",,,,,,,,,,,,0,,,,,,,,,,,,,,,,,,,,,,,,,,,,,,,,,,,,,,,,,,,sync-and-show,,,,,,,,,,,,,,,,
15598,simple,,,"Camiseta R 80 G/S caballero blanco rotoM",-1,0,visible,,,,,taxable,,1,,,0,0,,,,,1,,730.70,1014.85,"Life Style",,,,,,,,,,,,0,,,,,,,,,,,,,,,,,,,,,,,,,,,,,,,,,,,,,,,,,,,sync-and-show,,,,,,,,,,,,,,,,
15599,simple,,,"Cazadora B",-1,0,visible,,,,,taxable,,1,,,0,0,,,,,1,,9446.44,13120.06,"Life Style",,,,,,,,,,,,0,,,,,,,,,,,,,,,,,,,,,,,,,,,,,,,,,,,,,,,,,,,sync-and-show,,,,,,,,,,,,,,,,
15600,simple,,,"Casco GS C",-1,0,visible,,,,,taxable,,1,,,0,0,,,,,1,,13698.21,17807.67,"Life Style",,,,,,,,,,,,0,,,,,,,,,,,,,,,,,,,,,,,,,,,,,,,,,,,,,,,,,,,sync-and-show,,,,,,,,,,,,,,,,
15601,simple,,,"Chaqueta G",-1,0,visible,,,,,taxable,,1,,,0,0,,,,,1,,9446.45,12280.39,"Life Style",,,,,,,,,,,,0,,,,,,,,,,,,,,,,,,,,,,,,,,,,,,,,,,,,,,,,,,,sync-and-show,,,,,,,,,,,,,,,,
15604,simple,,,"Botas Pro",-1,0,visible,,,,,taxable,,1,,,0,0,,,,,1,,5433.95,7064.14,"Life Style",,,,,,,,,,,,0,,,,,,,,,,,,,,,,,,,,,,,,,,,,,,,,,,,,,,,,,,,sync-and-show,,,,,,,,,,,,,,,,
15605,simple,,,"Camiseta Boxer caballero negra/blancaS",-1,0,visible,,,,,taxable,,1,,,0,0,,,,,1,,730.69,1014.85,"Life Style",,,,,,,,,,,,0,,,,,,,,,,,,,,,,,,,,,,,,,,,,,,,,,,,,,,,,,,,sync-and-show,,,,,,,,,,,,,,,,
15606,simple,,,"Casco Xomo",-1,0,visible,,,,,taxable,,1,,,0,0,,,,,1,,10407.09,13529.21,"Life Style",,,,,,,,,,,,0,,,,,,,,,,,,,,,,,,,,,,,,,,,,,,,,,,,,,,,,,,,sync-and-show,,,,,,,,,,,,,,,,,,,,,,,,,,,,,,,,
15607,simple,,,"Jeans Lond",-1,0,visible,,,,,taxable,,1,,,0,0,,,,,1,,4643.20,6036.16,"Life Style",,,,,,,,,,,,0,,,,,,,,,,,,,,,,,,,,,,,,,,,,,,,,,,,,,,,,,,,sync-and-show,,,,,,,,,,,,,,,,,,,,,,,,,,,,,,,,
15608,simple,,,"PantalÝn X",-1,0,visible,,,,,taxable,,1,,,0,0,,,,,1,,11047.46,14361.70,"Life Style",,,,,,,,,,,,0,,,,,,,,,,,,,,,,,,,,,,,,,,,,,,,,,,,,,,,,,,,sync-and-show,,,,,,,,,,,,,,,,,,,,,,,,,,,,,,,,
15609,simple,,,"Botas Trep",-1,0,visible,,,,,taxable,,1,,,0,0,,,,,1,,5603.85,7285.01,"Life Style",,,,,,,,,,,,0,,,,,,,,,,,,,,,,,,,,,,,,,,,,,,,,,,,,,,,,,,,sync-and-show,,,,,,,,,,,,,,,,,,,,,,,,,,,,,,,,
15610,simple,,,"T-Shirt RR",-1,0,visible,,,,,taxable,,1,,,0,0,,,,,1,,843.30,1096.29,"Life Style",,,,,,,,,,,,0,,,,,,,,,,,,,,,,,,,,,,,,,,,,,,,,,,,,,,,,,,,sync-and-show,,,,,,,,,,,,,,,,,,,,,,,,,,,,,,,,
15611,simple,,,"Top Motors",-1,0,visible,,,,,taxable,,1,,,0,0,,,,,1,,730.69,949.90,"Life Style",,,,,,,,,,,,0,,,,,,,,,,,,,,,,,,,,,,,,,,,,,,,,,,,,,,,,,,,sync-and-show,,,,,,,,,,,,,,,,,,,,,,,,,,,,,,,,
15612,simple,,,"Botas Gotthard GTX negras42",-1,0,visible,,,,,taxable,,1,,,0,0,,,,,1,,7682.44,10670.06,"Life Style",,,,,,,,,,,,0,,,,,,,,,,,,,,,,,,,,,,,,,,,,,,,,,,,,,,,,,,,sync-and-show,,,,,,,,,,,,,,,,,,,,,,,,,,,,,,,,
15613,simple,,,"Casco M Pr",-1,0,visible,,,,,taxable,,1,,,0,0,,,,,1,,13289.03,17275.74,"Life Style",,,,,,,,,,,,0,,,,,,,,,,,,,,,,,,,,,,,,,,,,,,,,,,,,,,,,,,,sync-and-show,,,,,,,,,,,,,,,,,,,,,,,,,,,,,,,,
15614,simple,,,"Pants Pure",-1,0,visible,,,,,taxable,,1,,,0,0,,,,,1,,6172.30,8023.99,"Life Style",,,,,,,,,,,,0,,,,,,,,,,,,,,,,,,,,,,,,,,,,,,,,,,,,,,,,,,,sync-and-show,,,,,,,,,,,,,,,,,,,,,,,,,,,,,,,,
15615,simple,,,"Botas M Pr",-1,0,visible,,,,,taxable,,1,,,0,0,,,,,1,,7869.74,10230.66,"Life Style",,,,,,,,,,,,0,,,,,,,,,,,,,,,,,,,,,,,,,,,,,,,,,,,,,,,,,,,sync-and-show,,,,,,,,,,,,,,,,,,,,,,,,,,,,,,,,
15616,simple,,,Zapatillas,-1,0,visible,,,,,taxable,,1,,,0,0,,,,,1,,4684.30,6089.59,"Life Style",,,,,,,,,,,,0,,,,,,,,,,,,,,,,,,,,,,,,,,,,,,,,,,,,,,,,,,,sync-and-show,,,,,,,,,,,,,,,,,,,,,,,,,,,,,,,,
15617,simple,,,"Zapatillas Seoul GTX negras41",-1,0,visible,,,,,taxable,,1,,,0,0,,,,,1,,4684.30,6505.97,"Life Style",,,,,,,,,,,,0,,,,,,,,,,,,,,,,,,,,,,,,,,,,,,,,,,,,,,,,,,,sync-and-show,,,,,,,,,,,,,,,,,,,,,,,,,,,,,,,,
15618,simple,,,"Botas GS C",-1,0,visible,,,,,taxable,,1,,,0,0,,,,,1,,8806.69,11448.70,"Life Style",,,,,,,,,,,,0,,,,,,,,,,,,,,,,,,,,,,,,,,,,,,,,,,,,,,,,,,,sync-and-show,,,,,,,,,,,,,,,,,,,,,,,,,,,,,,,,
15619,simple,,,"Botas Crui",-1,0,visible,,,,,taxable,,1,,,0,0,,,,,1,,4871.82,6333.37,"Life Style",,,,,,,,,,,,0,,,,,,,,,,,,,,,,,,,,,,,,,,,,,,,,,,,,,,,,,,,sync-and-show,,,,,,,,,,,,,,,,,,,,,,,,,,,,,,,,
15620,simple,,,"Zapatillas Seoul GTX blancas41",-1,0,visible,,,,,taxable,,1,,,0,0,,,,,1,,4684.30,6505.97,"Life Style",,,,,,,,,,,,0,,,,,,,,,,,,,,,,,,,,,,,,,,,,,,,,,,,,,,,,,,,sync-and-show,,,,,,,,,,,,,,,,,,,,,,,,,,,,,,,,
15621,simple,,,"Botas Gotthard GTX negras43",-1,0,visible,,,,,taxable,,1,,,0,0,,,,,1,,7682.44,10670.06,"Life Style",,,,,,,,,,,,0,,,,,,,,,,,,,,,,,,,,,,,,,,,,,,,,,,,,,,,,,,,sync-and-show,,,,,,,,,,,,,,,,,,,,,,,,,,,,,,,,
15623,simple,,,"Zapatillas Seoul GTX blancas42",-1,0,visible,,,,,taxable,,1,,,0,0,,,,,1,,4684.30,6505.97,"Life Style",,,,,,,,,,,,0,,,,,,,,,,,,,,,,,,,,,,,,,,,,,,,,,,,,,,,,,,,sync-and-show,,,,,,,,,,,,,,,,,,,,,,,,,,,,,,,,
15624,simple,,,"Zapatillas Seoul GTX negras42",-1,0,visible,,,,,taxable,,1,,,0,0,,,,,1,,4684.30,6505.97,"Life Style",,,,,,,,,,,,0,,,,,,,,,,,,,,,,,,,,,,,,,,,,,,,,,,,,,,,,,,,sync-and-show,,,,,,,,,,,,,,,,,,,,,,,,,,,,,,,,
15625,simple,,,"Mochila Motorsport negra",-1,0,visible,,,,,taxable,,1,,,0,0,,,,,1,,1504.13,1979.12,"Life Style",,,,,,,,,,,,0,,,,,,,,,,,,,,,,,,,,,,,,,,,,,,,,,,,,,,,,,,,sync-and-show,,,,,,,,,,,,,,,,,,,,,,,,,,,,,,,,
15626,simple,,,"MINI Zip Hoodie Kids Wordmark CircleSage, 134",-1,0,visible,,,,,taxable,,1,,,0,0,,,,,1,,1083.32,1408.32,"Life Style",,,,,,,,,,,,0,,,,,,,,,,,,,,,,,,,,,,,,,,,,,,,,,,,,,,,,,,,sync-and-show,,,,,,,,,,,,,,,,,,,,,,,,,,,,,,,,
15627,simple,,,"MINI T-Shirt Kids Wordmark GraphicSage/Multic, 98",-1,0,visible,,,,,taxable,,1,,,0,0,,,,,1,,524.72,682.14,"Life Style",,,,,,,,,,,,0,,,,,,,,,,,,,,,,,,,,,,,,,,,,,,,,,,,,,,,,,,,sync-and-show,,,,,,,,,,,,,,,,,,,,,,,,,,,,,,,,
15628,simple,,,"MINI Zip Hoo",-1,0,visible,,,,,taxable,,1,,,0,0,,,,,1,,1083.32,1408.32,"Life Style",,,,,,,,,,,,0,,,,,,,,,,,,,,,,,,,,,,,,,,,,,,,,,,,,,,,,,,,sync-and-show,,,,,,,,,,,,,,,,,,,,,,,,,,,,,,,,
15629,simple,,,"MINI T-Shirt Kids Wordmark GraphicSage/Multic,128",-1,0,visible,,,,,taxable,,1,,,0,0,,,,,1,,524.72,682.14,"Life Style",,,,,,,,,,,,0,,,,,,,,,,,,,,,,,,,,,,,,,,,,,,,,,,,,,,,,,,,sync-and-show,,,,,,,,,,,,,,,,,,,,,,,,,,,,,,,,
15630,simple,,,"MINI Zip Hoodie Kids Wordmark CircleSage, 104",-1,0,visible,,,,,taxable,,1,,,0,0,,,,,1,,1083.32,1408.32,"Life Style",,,,,,,,,,,,0,,,,,,,,,,,,,,,,,,,,,,,,,,,,,,,,,,,,,,,,,,,sync-and-show,,,,,,,,,,,,,,,,,,,,,,,,,,,,,,,,
15631,simple,,,"MINI T-Shirt",-1,0,visible,,,,,taxable,,1,,,0,0,,,,,1,,524.72,699.63,"Life Style",,,,,,,,,,,,0,,,,,,,,,,,,,,,,,,,,,,,,,,,,,,,,,,,,,,,,,,,sync-and-show,,,,,,,,,,,,,,,,,,,,,,,,,,,,,,,,
15632,simple,,,"MINI T-Shirt Kids Wordmark GraphicSage/Multic,122",-1,0,visible,,,,,taxable,,1,,,0,0,,,,,1,,524.72,682.14,"Life Style",,,,,,,,,,,,0,,,,,,,,,,,,,,,,,,,,,,,,,,,,,,,,,,,,,,,,,,,sync-and-show,,,,,,,,,,,,,,,,,,,,,,,,,,,,,,,,
15633,simple,,,"MINI T-Shirt Kids Wordmark GraphicSage/Multic,134",-1,0,visible,,,,,taxable,,1,,,0,0,,,,,1,,524.72,682.14,"Life Style",,,,,,,,,,,,0,,,,,,,,,,,,,,,,,,,,,,,,,,,,,,,,,,,,,,,,,,,sync-and-show,,,,,,,,,,,,,,,,,,,,,,,,,,,,,,,,
15636,simple,,,"Jacket Mitte men dark blueS",-1,0,visible,,,,,taxable,,1,,,0,0,,,,,1,,7307.62,10149.47,"Life Style",,,,,,,,,,,,0,,,,,,,,,,,,,,,,,,,,,,,,,,,,,,,,,,,,,,,,,,,sync-and-show,,,,,,,,,,,,,,,,,,,,,,,,,,,,,,,,
15637,simple,,,"Jacket Mitte men dark blueM",-1,0,visible,,,,,taxable,,1,,,0,0,,,,,1,,7307.62,10149.47,"Life Style",,,,,,,,,,,,0,,,,,,,,,,,,,,,,,,,,,,,,,,,,,,,,,,,,,,,,,,,sync-and-show,,,,,,,,,,,,,,,,,,,,,,,,,,,,,,,,
15638,simple,,,"Casco Xomo Carbon ECE Outburst63 XXL",-1,0,visible,,,,,taxable,,1,,,0,0,,,,,1,,10407.09,14454.29,"Life Style",,,,,,,,,,,,0,,,,,,,,,,,,,,,,,,,,,,,,,,,,,,,,,,,,,,,,,,,sync-and-show,,,,,,,,,,,,,,,,,,,,,,,,,,,,,,,,
15797,variable,76618536530,,"Camiseta BMW Motorrad Big Boxer, para Hombre",1,0,visible,"Playera clásica de BMW Motorrad para hombre con estampado de terciopelo ""Big Boxer"" en el pecho. La camiseta tiene corte regular y cuello redondo.","Camiseta Big Boxer caballero azulS",,,taxable,,1,1,,0,0,1,35,,10,0,,,,"Rider Gear & Garment > Camisetas",Promoción,"caja mediana","https://vecsaboutique.com/wp-content/uploads/2024/09/76618536531.avif, https://vecsaboutique.com/wp-content/uploads/2024/09/76618536531_2.avif",,,,,,,,,0,MOTORRAD,talla,"M, S",1,1,genero,Hombre,1,1,color,Azul,1,1,,,,,,,,,,,,,,,,,,,,,,,,,,,,,,sync-and-show,updated,synced,1773975656,Azul,approved,yes,yes,yes,,,,0,,1,0,'@ALL,classic-editor,"{""attribute_type"":{""pa_talla"":""0"",""pa_genero"":""0"",""pa_color"":""0""},""attribute_profile"":{""pa_talla"":""0"",""pa_genero"":""0"",""pa_color"":""0""},""attribute_color_separator"":{""pa_talla"":{""1083"":""1""},""pa_genero"":{""1147"":""1""},""pa_color"":{""1157"":""1""}},""attribute_colors"":{""pa_talla"":{""1083"":[""""]},""pa_genero"":{""1147"":[""""]},""pa_color"":{""1157"":[""""]}},""attribute_img_ids"":{""pa_talla"":{""1083"":""""},""pa_genero"":{""1147"":""""},""pa_color"":{""1157"":""""}},""vi_attribute_loop_enable"":{""pa_talla"":""1"",""pa_genero"":""1"",""pa_color"":""1""},""attribute_display_type"":{""pa_talla"":""0"",""pa_genero"":""0"",""pa_color"":""0""},""change_product_image"":{""pa_talla"":""global"",""pa_genero"":""global"",""pa_color"":""global""}}",,product,,,,,,,,,,,1760744333,
15803,variable,76617109949,,"Camiseta BMW Motorrad Spirit of GS, para Hombre",1,0,visible,"Playera manga corta para hombre BMW MOTORRAD SPIRIT DE GS, fabricado 100% algodón, color verde oliva, cuenta con estampados en colores gris, rojo y negro, parte delantera patrones ""SPIRIT OF GS "",""GS"", parte posterior "" BMW MOTORRAD"" y manga izquierda emblema BMW.","El espíritu GS ahora se lleva puesto. Esta camiseta BMW Motorrad encarna el estilo aventurero de las míticas motocicletas GS, con un diseño sobrio y la inscripción Spirit of GS como declaración de intenciones. Una prenda esencial para los amantes de la ruta.\n<ul>\n 	<li>100% algodón orgánico</li>\n 	<li>Cómodo</li>\n 	<li>Ligero</li>\n 	<li>Suave</li>\n</ul>",,,taxable,,1,1,,0,0,1,35,,10,0,,,,"Rider Gear & Garment > Camisetas",,"caja mediana","https://vecsaboutique.com/wp-content/uploads/2024/09/76617109950.avif, https://vecsaboutique.com/wp-content/uploads/2024/09/76617109950_2.avif",,,,,,,,,0,MOTORRAD,talla,"M, S",1,1,color,"Verde Oliva",1,1,genero,Hombre,1,1,,,,,,,,,,,,,,,,,,,,,,,,,,,,,,sync-and-show,updated,synced,1773630074,,approved,yes,yes,yes,,,,0,,,,,classic-editor,"{""attribute_type"":{""pa_color"":""0"",""pa_genero"":""0"",""pa_talla"":""0""},""attribute_profile"":{""pa_color"":""0"",""pa_genero"":""0"",""pa_talla"":""0""},""attribute_color_separator"":{""pa_color"":{""1155"":""1""},""pa_genero"":{""1147"":""1""},""pa_talla"":{""1083"":""1""}},""attribute_colors"":{""pa_color"":{""1155"":[""""]},""pa_genero"":{""1147"":[""""]},""pa_talla"":{""1083"":[""""]}},""attribute_img_ids"":{""pa_color"":{""1155"":""""},""pa_genero"":{""1147"":""""},""pa_talla"":{""1083"":""""}},""vi_attribute_loop_enable"":{""pa_color"":""1"",""pa_genero"":""1"",""pa_talla"":""1""},""attribute_display_type"":{""pa_color"":""0"",""pa_genero"":""0"",""pa_talla"":""0""},""change_product_image"":{""pa_color"":""global"",""pa_genero"":""global"",""pa_talla"":""global""}}",,,,,,,,,,,,,,
15886,variable,76117913506,,"Pantalón para motociclista BMW Motorrad Gore-Tex Xride, para Hombre",1,0,visible,,"Los pantalones de moto BMW XRide GORE-TEX impresionan por sus completas características de seguridad y su excelente comodidad. Gracias a sus aberturas de cuero especialmente ubicadas y al uso de materiales expansibles en rodillas y puños, estos pantalones ofrecen una excelente libertad de movimiento con un ajuste óptimo. Un detalle clave: inserciones de cuero vacuno en zonas de alto riesgo.\n<ul>\n 	<li>Material superior 1: 100% piel de vacuno</li>\n 	<li>Carcasa 2: 95 % poliamida y 5 % elastano</li>\n 	<li>Capa superior: 100% poliéster</li>\n 	<li>El material y el diseño garantizan la máxima libertad de movimiento.</li>\n 	<li>Con pantalones exteriores impermeables (columna de agua 10.000 mm) y a prueba de viento con dimensiones de embalaje reducidas</li>\n 	<li>Material superior flexible y resistente a la abrasión.</li>\n 	<li>Corte: ajuste regular deportivo</li>\n 	<li>Protectores NP3 en caderas y rodillas, ajuste de altura de tres vías</li>\n 	<li>Inserciones de piel de vacuno en zonas de riesgo de caída y en el interior de las piernas.</li>\n 	<li>Estampado reflectante en rodillas y espinillas.</li>\n 	<li>Clase de protección AA</li>\n 	<li>Elástico en acordeón en las rodillas y la cintura para máxima libertad de movimiento.</li>\n 	<li>Recortes de cuero cuidadosamente colocados como pliegues ergonómicos</li>\n 	<li>Tres bolsillos en el pantalón, uno de ellos oculto en el interior.</li>\n 	<li>Los extremos de las piernas se pueden ensanchar con una cremallera.</li>\n 	<li>Fácil de poner y quitar gracias a las largas cremalleras laterales.</li>\n</ul>",,,taxable,,1,,,0,0,,,,,1,,,,"Rider Gear & Garment > Pantalones",Promoción,"Caja grande","https://vecsaboutique.com/wp-content/uploads/2024/09/76117913508-4.avif, https://vecsaboutique.com/wp-content/uploads/2024/09/76117913508_2.avif",,,,,,,,,0,MOTORRAD,talla,"31, 34, 36, 38, 40",1,1,genero,Hombre,1,1,color,Negro,1,1,,,,,,,,,,,,,,,,,,,,,,,,,,,,,,sync-and-show,updated,synced,1773802828,,approved,yes,yes,yes,,,,0,default,1,0,'@ALL,classic-editor,"{""attribute_type"":{""Genero"":""0"",""pa_genero"":""0"",""pa_edades"":""0"",""pa_color"":""0"",""Color"":""0"",""pa_talla"":""0""},""attribute_profile"":{""Genero"":""0"",""pa_genero"":""0"",""pa_edades"":""0"",""pa_color"":""0"",""Color"":""0"",""pa_talla"":""0""},""attribute_color_separator"":{""Genero"":[""1""],""pa_genero"":{""1147"":""1""},""pa_edades"":{""1065"":""1""},""pa_color"":{""1151"":""1""},""Color"":[""1""],""pa_talla"":{""1109"":""1"",""1077"":""1""}},""attribute_colors"":{""Genero"":[[""""]],""pa_genero"":{""1147"":[""""]},""pa_edades"":{""1065"":[""""]},""pa_color"":{""1151"":[""""]},""Color"":[[""""]],""pa_talla"":{""1109"":[""""],""1077"":[""""]}},""attribute_img_ids"":{""Genero"":[""""],""pa_genero"":{""1147"":""""},""pa_edades"":{""1065"":""""},""pa_color"":{""1151"":""""},""Color"":[""""],""pa_talla"":{""1109"":"""",""1077"":""""}},""vi_attribute_loop_enable"":{""Genero"":""1"",""pa_genero"":""1"",""pa_edades"":""1"",""pa_color"":""1"",""Color"":""1"",""pa_talla"":""1""},""attribute_display_type"":{""Genero"":""0"",""pa_genero"":""0"",""pa_edades"":""0"",""pa_color"":""0"",""Color"":""0"",""pa_talla"":""0""},""change_product_image"":{""Genero"":""global"",""pa_genero"":""global"",""pa_edades"":""global"",""pa_color"":""global"",""Color"":""global"",""pa_talla"":""global""}}",,,,,,,,,,,,,,
15930,variable,76428504311,,"Chaleco BMW Motorrad Cool Down, Unisex",1,0,visible,,"El chaleco Cool Down destaca por su innovadora tecnología de refrigeración. Cuando el chaleco está mojado o húmedo, el material HyperKewl™ en la parte delantera y trasera retiene la humedad y la almacena hasta ocho horas. Esto proporciona un efecto refrescante de 6 °C a 12 °C en comparación con la temperatura exterior, mientras que la prenda permanece completamente seca.\n<ul>\n 	<li>Chaleco con material funcional HyperKewl™ en la parte delantera y trasera</li>\n 	<li>Efecto de enfriamiento constante por enfriamiento por evaporación</li>\n 	<li>Malla elástica y ligera en los laterales.</li>\n 	<li>Cierre de cremallera frontal</li>\n 	<li>Material exterior: fibra funcional de nailon y poliéster.</li>\n</ul>",,,taxable,,1,,,0,0,,,,,1,,,,"Rider Gear & Garment > Chalecos",,,https://vecsaboutique.com/wp-content/uploads/2024/11/76428504312-4.avif,,,,,,,,,0,MOTORRAD,talla,"S, XL, XS",1,1,genero,Unisex,1,1,color,Negro,1,1,,,,,,,,,,,,,,,,,,,,,,,,,,,,,,sync-and-show,updated,synced,1773630074,,approved,yes,yes,yes,,,,0,default,,,,,,,product,,,,,,,,,,,1760485645,
15937,simple,76618546727,,"Gorro BMW Motorrad Motorsport , Unisex",1,0,visible,,"Gorro Motorsport negro",,,taxable,,0,0,,0,0,,,,,1,,,1086.41,"Rider Gear & Garment > Gorras",Promoción,,"https://vecsaboutique.com/wp-content/uploads/2024/11/76618546727.avif, https://vecsaboutique.com/wp-content/uploads/2024/11/76618546727_2.avif",,,,,,,,,0,MOTORRAD,talla,Unica,1,1,color,Negro,1,1,,,,,,,,,,,,,,,,,,,,,,,,,,,,,,,,,,sync-and-show,updated,,,Negro,,,yes,yes,,,,0,,1,0,'@ALL,,,,product,,,,,,,,,,,1760723318,
15939,simple,80435A21530,,"Miniatura BMW R 1250 GS, 1:10 HP Style",1,0,visible,,"BMW motociclet miniatura R 1250 GS K50 1 10 HP Style",,,taxable,,1,4,,0,0,,,,,1,,,3154.42,"Life Style > Juguetes & Coleccionables, Life Style",Promoción,,"https://vecsaboutique.com/wp-content/uploads/2024/11/80435A21530-3.avif, https://vecsaboutique.com/wp-content/uploads/2024/11/80435A21530_2.avif",,,,,,,,,0,BMW,,,,,,,,,,,,,,,,,,,,,,,,,,,,,,,,,,,,,,,,,,sync-and-show,updated,synced,1773716486,,approved,,,,,,,,,,,,,,,,,,,,,,,,,,,
15945,variable,76227913874,,"Tenis para motociclista BMW Motorrad Seoul GTX, Unisex",1,0,visible,,"<div class=""ewa-rteLine"">Las botas de moto BMW Seoul GTX no sólo se caracterizan por su aspecto moderno. La membrana GORE-TEX® protege contra el viento y el agua, mientras que la suela resistente al aceite y al combustible y la protección integrada del talón y el tobillo garantizan la seguridad. Una cremallera oculta en el interior permite ponérselo y quitárselo rápidamente.</div>\n<div class=""ewa-rteLine""></div>\n<div class=""ewa-rteLine"">- Gran comodidad de uso</div>\n<div class=""ewa-rteLine"">- Suela 1K resistente al aceite y al combustible</div>\n<div class=""ewa-rteLine"">- La capa de TPU protege contra enganches del lazo.</div>\n<div class=""ewa-rteLine"">- Protección integrada del talón y del tobillo</div>\n<div class=""ewa-rteLine"">- Nivel 1 de homologación de motocicletas</div>\n<div class=""ewa-rteLine"">- Cremallera interior oculta</div>",,,taxable,,0,0,,0,0,,,,,1,,,,"Rider Gear & Garment > Tenis",,,"https://vecsaboutique.com/wp-content/uploads/2024/11/76227913878.avif, https://vecsaboutique.com/wp-content/uploads/2024/11/76227913878_2.avif, https://vecsaboutique.com/wp-content/uploads/2024/11/76227913878_5.avif, https://vecsaboutique.com/wp-content/uploads/2024/11/76227913878_4.avif, https://vecsaboutique.com/wp-content/uploads/2024/11/76227913878_3.avif",,,,,,,,,0,MOTORRAD,talla,"24, 26, 27",1,1,genero,Unisex,1,1,color,Blanco,1,1,,,,,,,,,,,,,,,,,,,,,,,,,,,,,,sync-and-show,updated,synced,1773889633,,approved,yes,yes,yes,,,,0,default,1,0,'@ALL,,,,,,,,,,,,,,,,
15966,variable,76617109917,,"Camiseta BMW Motorrad R 80 G/S, para Hombre",1,0,visible,,"<ul>\n 	<li>Estampado de Motorrad en el pecho</li>\n 	<li>Estampado grande con anagrama de ""Start your own adventure"" en la parte trasera</li>\n 	<li>Etiqueta de lazo pequeña en la manga izquierda con remache de cobre y el logotipo de BMW</li>\n 	<li>Parche ""100 Jahre BMW Motorrad"" en la parte delantera inferior derecha</li>\n 	<li>Corte clásico</li>\n 	<li>Material: 100 % algodón orgánico</li>\n</ul>",,,taxable,,1,1,,0,0,,,,,1,,,,"Rider Gear & Garment > Camisetas",,,"https://vecsaboutique.com/wp-content/uploads/2024/11/76617109918.avif, https://vecsaboutique.com/wp-content/uploads/2024/11/76617109918_2.avif",,,,,,,,,0,MOTORRAD,talla,M,1,1,genero,Hombre,1,1,color,Blanco,1,1,,,,,,,,,,,,,,,,,,,,,,,,,,,,,,sync-and-show,updated,synced,1773630074,,approved,yes,yes,yes,,,,0,,,,,,,,,,,,,,,,,,,,1
15970,variable,76227913910,,"Botas para motociclista BMW Motorrad Gotthard GTX, Unisex",1,0,visible,,"Las botas de moto BMW Gotthard GORE-TEX, con empeine de cuero resistente, son ideales para viajes de larga distancia. Su certificación de Nivel 2 certifica su durabilidad y seguridad. La membrana GORE-TEX protege las botas del viento y el agua, mientras que la suela Vibram resistente al aceite y al combustible, con tacón elevado, garantiza una marcha cómoda.\n<ul>\n 	<li>Cortavientos, impermeable y muy transpirable gracias a la membrana GORE-TEX.</li>\n 	<li>Grosor de la piel: 2,4–2,6 mm</li>\n 	<li>Suela Vibram resistente al aceite y al combustible</li>\n 	<li>Protección eficaz de la palanca de cambios</li>\n 	<li>Protector de talón de goma de gran superficie</li>\n 	<li>Borde protector perimetral fabricado con material TPU estable</li>\n 	<li>Certificación de botas de motocicleta: Nivel 2</li>\n 	<li>Hebillas intercambiables</li>\n 	<li>Sección del talón elevada para caminar cómodamente.</li>\n</ul>",,,taxable,,1,1,,0,0,,,,,1,,,,"Rider Gear & Garment > Botas",,,"https://vecsaboutique.com/wp-content/uploads/2024/11/76227913915.avif, https://vecsaboutique.com/wp-content/uploads/2024/11/76227913915_2.avif, https://vecsaboutique.com/wp-content/uploads/2024/11/76227913915_3.avif, https://vecsaboutique.com/wp-content/uploads/2024/11/76227913915_4.avif, https://vecsaboutique.com/wp-content/uploads/2024/11/76227913915_5.avif",,,,,,,,,0,MOTORRAD,talla,"24, 26.5, 29",1,1,genero,Unisex,1,1,color,Negro,1,1,,,,,,,,,,,,,,,,,,,,,,,,,,,,,,sync-and-show,updated,synced,1773716486,,approved,yes,yes,yes,,,,,default,1,0,'@ALL,,,,,,,,,,,,,,,,
15973,variable,76227913861,,"Tenis para motociclista BMW Motorrad Seoul GTX, Unisex",1,0,visible,,"Las botas de moto BMW Seoul GTX no sólo se caracterizan por su aspecto moderno. La membrana GORE-TEX® protege contra el viento y el agua, mientras que la suela resistente al aceite y al combustible y la protección integrada del talón y el tobillo garantizan la seguridad. Una cremallera oculta en el interior permite ponérselo y quitárselo rápidamente.\n<ul>\n 	<li>Gran comodidad de uso</li>\n 	<li>Suela 1K resistente al aceite y al combustible</li>\n 	<li>La capa de TPU protege contra enganches del lazo.</li>\n 	<li>Protección integrada del talón y del tobillo</li>\n 	<li>Nivel 1 de homologación de motocicletas</li>\n 	<li>Cremallera interior oculta</li>\n</ul>",,,taxable,,1,,,0,0,,,,,1,,,,"Rider Gear & Garment > Tenis",,,"https://vecsaboutique.com/wp-content/uploads/2024/11/76227913865.avif, https://vecsaboutique.com/wp-content/uploads/2024/11/76227913865_2.avif, https://vecsaboutique.com/wp-content/uploads/2024/11/76227913865_3.avif, https://vecsaboutique.com/wp-content/uploads/2024/11/76227913865_4.avif, https://vecsaboutique.com/wp-content/uploads/2024/11/76227913865_5.avif",,,,,,,,,0,MOTORRAD,talla,"24, 26, 27",1,1,genero,Unisex,1,1,color,Negro,1,1,,,,,,,,,,,,,,,,,,,,,,,,,,,,,,sync-and-show,updated,synced,1773630074,,approved,yes,yes,yes,,,,0,default,1,0,'@ALL,,,,,,,,,,,,,,,,
16259,variation,80142864135,,"Polo BMW Logo Tonal, para caballero - M, Hombre",1,0,visible,,"BMW polo Logo tonal caballeroblack M",,,taxable,parent,0,0,,0,0,,,,,0,,,1183.55,,,,,,,80142864134,,,,,,1,,talla,M,,1,genero,Hombre,,1,,,,,,,,,,,,,,,,,,,,,,,,,,,,,,,,,,,pending_delete,,,,,,,,,,,,,,,,,,,,,,,,,,,,,,,
16262,variation,76227913915,,"Botas para motociclista BMW Motorrad Gotthard GTX, Unisex - 26.5, Negro",1,0,visible,,"Botas Gotthard GTX negras42",,,taxable,parent,1,1,,0,0,,,,,0,,,11558.54,,,,,,,76227913910,,,,,,3,,talla,26.5,,1,color,Negro,,1,,,,,,,,,,,,,,,,,,,,,,,,,,,,,,,,,,,,synced,1773716486,Negro,approved,,,,,,,,,,,,,,,,,,,,,,,,,,,
16302,variation,80142864167,,"Sudadera Deportiva Logo BMW M, unisex - L",1,0,visible,,"BMW M sudadera deportiva Logo unisexgrey M",,,taxable,parent,0,0,,0,0,,,,,0,,,2197.29,,,,,,,80142864166,,,,,,2,,genero,,,1,talla,L,,1,,,,,,,,,,,,,,,,,,,,,,,,,,,,,,,,,,,,,,,,,,,,,,,,,,,,,,,,,,,,,,,,,,
16757,variable,76115A80CE2,,"Pantalón para motociclista BMW Motorrad GS Rallye AIR, para Hombre",1,0,visible,,"Los pantalones GS Rallye AIR son especialmente adecuados para las salidas en días calurosos. El material de poliamida extremadamente resistente a la abrasión y transpirable, junto con varios protectores NP3, garantizan un alto nivel de protección. Dos bolsillos en la cadera y el muslo respectivamente completan el aspecto moderno.\n\n• Pantalones extremadamente ligeros con inserciones elásticas\n• Material de poliamida\nextremadamente resistente a la abrasión y transpirable\n• Especial para zonas de clima cálido y pleno verano\n• Protectores de articulaciones NP3; Altura regulable en las rodillas\n• Material reflectante en la pernera del pantalón\n• Clase de protección AA, EN 17092\n• Dos bolsillos de ribete (cadera)\n• Bolsillos con cremallera en ambos muslos\n• Ancho del pie fácilmente ajustable, apertura amplia\n• Sistema de ajuste de la cintura con presilla y gancho\n• Zona de estiramiento sobre las nalgas\n• Almohadilla de cuero en el interior de la rodilla\n• Gracias al cierre de cremallera integrado, el ancho del pie se puede ajustar a las botas GS pro\n• Materiales: Material exterior 1: 100% poliamida Material exterior 2: 52% poliamida, 48% algodón Material exterior 3: 61% poliamida, 23% viscosa, 9% elastano, 7% algodón Material exterior 4: 95% poliamida, 5% elastano Material exterior 5: 100% piel de vacuno Forro 1: 100% poliéster Forro 2: 100% poliamida Forro 3: 65% poliéster, 35% algodón Color Negro Rango de tallas 46-66; 24-32; 98-118",,,taxable,,1,1,,0,0,,,,,1,,,,"Rider Gear & Garment > Pantalones",,,"https://vecsaboutique.com/wp-content/uploads/2025/02/76115A80CE5.avif, https://vecsaboutique.com/wp-content/uploads/2025/02/76115A80CE5_2.avif, https://vecsaboutique.com/wp-content/uploads/2025/02/76115A80CE5_3.avif",,,,,,,,,0,MOTORRAD,talla,"30, 40",1,1,genero,Hombre,1,1,color,Negro,1,1,,,,,,,,,,,,,,,,,,,,,,,,,,,,,,sync-and-show,updated,synced,1773802828,,approved,yes,yes,yes,,,,0,default,,,,,,,,,,,,,,,,,,,
16761,variable,76125A80E23,,"Chamarra para motociclista BMW Motorrad Downforce, para Hombre",1,0,visible,,"La chamarra deportiva Downforce destaca por su flexibilidad: úsala para ir al trabajo o para hacer turismo desde la primavera hasta el otoño. Fabricada con materiales de alta calidad y protectores en los hombros, los codos y la espalda, esta chaqueta ofrece una ventilación y una comodidad óptimas. Características destacadas del producto\n\n• Chamarra de cuero deportiva para múltiples usos\n• Inserciones elásticas de cuero en los codos\n• Estampado llamativo en colores M\n• Logotipo M y logotipo BMW en las mangas\n• Inscripción BMW Motorrad grande y vertical en la\nparte delantera\n• Inscripción BMW Motorrad pequeña en el cuello\n• Protectores NP3 en hombros y codos\n• Protector de espalda NP Pro\n• Carcasas rígidas deportivas en los hombros\n• Certificación según EN 17092 (clase de protección AAA)\n• La cremallera delantera también se puede utilizar como ventilación\n• Dos bolsillos exteriores, un bolsillo interior, un\nbolsillo para documentos\n• Conector de cremallera estandarizado BMW Motorrad, 40 cm\n• Material:\nMaterial exterior 1: 100 % piel de vacuno\nExterior 2: 80 % poliamida, 12 % poliéster, 8 %\nelastano\nForro 1: 100 % poliéster\nForro 2: 66 % poliéster, 34 % algodón",,,taxable,,1,1,,0,0,,,,,1,,,,"Rider Gear & Garment > Chamarras",,,"https://vecsaboutique.com/wp-content/uploads/2025/02/76125A80E27.avif, https://vecsaboutique.com/wp-content/uploads/2025/02/76125A80E27_2.avif, https://vecsaboutique.com/wp-content/uploads/2025/02/76125A80E27_3.avif, https://vecsaboutique.com/wp-content/uploads/2025/02/76125A80E27_4.avif",,,,,,,,,0,MOTORRAD,talla,"30, 40",1,1,genero,Hombre,1,1,color,Negro,1,1,,,,,,,,,,,,,,,,,,,,,,,,,,,,,,sync-and-show,updated,synced,1773630074,,approved,yes,yes,yes,,,,0,default,,,,,,,,,,,,,,,,,,,
16763,variable,76127913810,,"Chamarra BMW Motorrad Mitte, para Hombre",1,0,visible,,"Jacket Mitte men dark blueS",,,taxable,,1,,,0,0,,,,,1,,,,"Rider Gear & Garment > Chamarras",Promoción,,"https://vecsaboutique.com/wp-content/uploads/2025/02/76127913812.avif, https://vecsaboutique.com/wp-content/uploads/2025/02/76127913812_4.avif, https://vecsaboutique.com/wp-content/uploads/2025/02/76127913812_3.avif, https://vecsaboutique.com/wp-content/uploads/2025/02/76127913812_2.avif",,,,,,,,,0,MOTORRAD,talla,"M, S",1,1,genero,Hombre,1,1,,,,,,,,,,,,,,,,,,,,,,,,,,,,,,,,,,sync-and-show,updated,synced,1773802828,,approved,yes,yes,yes,,,,0,default,1,0,'@ALL,,,,product,,,,,,,,,,,,
16766,variable,76217913922,,"Guantes para motociclista BMW Motorrad GS Rallye, Unisex",1,0,visible,,"<div class=""product-block product-block--description "">\n<div class=""description content has-padding-top"">Los guantes GS Rallye son el compañero ideal para todos los motoristas que conducen por terrenos irregulares en verano. El dorso de la mano está hecho de un tejido transpirable y extremadamente resistente a la abrasión con una gran protección para los nudillos, ideal para el uso en terrenos irregulares. La palma de piel de canguro con refuerzos zonales ofrece el máximo agarre.</div>\n</div>",,,taxable,,1,,,0,0,,,,,1,,,,"Rider Gear & Garment > Guantes",,,"https://vecsaboutique.com/wp-content/uploads/2025/02/76217913924.avif, https://vecsaboutique.com/wp-content/uploads/2025/02/76217913924_4.avif, https://vecsaboutique.com/wp-content/uploads/2025/02/76217913924_3.avif, https://vecsaboutique.com/wp-content/uploads/2025/02/76217913924_2.avif",,,,,,,,,0,MOTORRAD,talla,"6, 8",1,1,genero,Unisex,1,1,,,,,,,,,,,,,,,,,,,,,,,,,,,,,,,,,,sync-and-show,updated,synced,1773802828,,approved,yes,yes,yes,,,,0,default,1,0,'@ALL,,,,,,,,,,,,,,,,
16768,variable,76217913954,,"Guantes para motociclista  BMW Motorrad GS Puna GTX, para Hombre",1,0,visible,,"Guantes GS Puna GTX caballero azul gris8",,,taxable,,1,,,0,0,,,,,1,,,,"Rider Gear & Garment > Guantes",Promoción,,"https://vecsaboutique.com/wp-content/uploads/2025/02/76217913955.avif, https://vecsaboutique.com/wp-content/uploads/2025/02/76217913955_3.avif, https://vecsaboutique.com/wp-content/uploads/2025/02/76217913955_2.avif, https://vecsaboutique.com/wp-content/uploads/2025/02/76217913955_4.avif",,,,,,,,,0,MOTORRAD,talla,"10, 11, 9",1,1,genero,Hombre,1,1,color,"Gris / Azul",1,1,,,,,,,,,,,,,,,,,,,,,,,,,,,,,,sync-and-show,updated,synced,1774148558,"Gris / Azul",approved,yes,yes,yes,,,,0,default,1,0,'@ALL,,,,product,,,,,,,,,,,1760984079,
16769,variable,76218536390,,"Guantes GS Rallye",1,0,visible,,"Guantes GS Rallye ndigo8",,,taxable,,0,0,,0,0,,,,,1,,,,"Rider Gear & Garment > Guantes, Rider Gear & Garment",Promoción,,"https://vecsaboutique.com/wp-content/uploads/2025/02/76218536390.avif, https://vecsaboutique.com/wp-content/uploads/2025/02/76218536390_2.avif, https://vecsaboutique.com/wp-content/uploads/2025/02/76218536390_3.avif",,,,,,,,,0,,talla,"10, 8, 9",1,1,,,,,,,,,,,,,,,,,,,,,,,,,,,,,,,,,,,,,,sync-and-show,updated,,,,,yes,no,yes,,,,,default,1,0,'@ALL,,,,product,,,,,,,,,,,1760722580,
16770,variable,76218536395,,"Guantes para motociclista  BMW Motorrad GS Rallye, Unisex",1,0,visible,,"<p class=""p1"">Los <span class=""s1""><b>Guantes BMW GS Rallye</b></span> están diseñados para motociclistas que buscan rendimiento y comodidad en condiciones cálidas y terrenos todoterreno.</p>\n<p class=""p3""><b>Características destacadas:</b><b></b></p>\n<p class=""p4""><span class=""s2""> • </span><b>Materiales de alta calidad:</b><b></b></p>\n<p class=""p5"">•<i>Dorso de la mano:</i> Tejido transpirable y extremadamente resistente a la abrasión, ideal para uso off-road.</p>\n<p class=""p5"">•<i>Palma de la mano:</i> Piel de cabra con refuerzos en zonas específicas para garantizar un agarre óptimo.</p>\n<p class=""p4""><span class=""s2""> • </span><b>Protección avanzada:</b><b></b></p>\n<p class=""p5"">•Amplia protección en los nudillos con una carcasa de plástico duro 3D acolchada con espuma para absorber impactos.</p>\n<p class=""p5"">•Zonas reforzadas en el dorso con acolchado de espuma para mayor seguridad.</p>\n<p class=""p4""><span class=""s2""> • </span><b>Comodidad y ajuste:</b><b></b></p>\n<p class=""p5"">•Cierre de velcro en la muñeca que asegura un ajuste firme y personalizado.</p>\n<p class=""p5"">•Materiales elásticos y transpirables que facilitan la movilidad y mantienen las manos frescas durante la conducción.</p>\n<p class=""p4""><span class=""s2""> • </span><b>Diseño funcional:</b><b></b></p>\n<p class=""p5"">•Combinación de materiales ligeros que ofrecen una excelente relación entre protección y confort.</p>\n<p class=""p5"">•Estética en color negro que complementa el equipamiento del motociclista.</p>\n<p class=""p1"">Estos guantes son ideales para quienes buscan una combinación de seguridad, funcionalidad y estilo en sus aventuras off-road.</p>",,,taxable,,1,,,0,0,,,,,1,,,,"Rider Gear & Garment > Guantes, Rider Gear & Garment",,,"https://vecsaboutique.com/wp-content/uploads/2025/02/76218536397.avif, https://vecsaboutique.com/wp-content/uploads/2025/02/76218536397_3.avif, https://vecsaboutique.com/wp-content/uploads/2025/02/76218536397_2.avif",,,,,,,,,0,MOTORRAD,talla,9,1,1,genero,Unisex,1,1,color,Negro,1,1,,,,,,,,,,,,,,,,,,,,,,,,,,,,,,sync-and-show,updated,synced,1773716486,,approved,yes,yes,yes,,,,0,default,1,0,'@ALL,,,,,,,,,,,,,,,,
16772,variable,76218536411,,"Guantes Atlanta GTX",1,0,visible,,"Handschuhe Atlanta GTX Schwarz8",,,taxable,,0,0,,0,0,,,,,1,,,,"Rider Gear & Garment > Guantes, Rider Gear & Garment",Promoción,,"https://vecsaboutique.com/wp-content/uploads/2025/02/76218536411.avif, https://vecsaboutique.com/wp-content/uploads/2025/02/76218536411_2.avif, https://vecsaboutique.com/wp-content/uploads/2025/02/76218536411_4.avif, https://vecsaboutique.com/wp-content/uploads/2025/02/76218536411_3.avif",,,,,,,,,0,,talla,8,1,1,,,,,,,,,,,,,,,,,,,,,,,,,,,,,,,,,,,,,,sync-and-show,created,synced,1760484600,,,yes,no,yes,,,,,default,,,,,,,,,,,,,,,,,,,,
16775,variable,76225A808D4,,"Botas para motociclista  BMW Motorrad Treptow GTX, para Mujer",1,0,visible,,"Botas Treptow GTX mujer negro36",,,taxable,,1,1,,0,0,,,,,1,,,,"Rider Gear & Garment > Botas",Promoción,,"https://vecsaboutique.com/wp-content/uploads/2025/02/76225A808D4.avif, https://vecsaboutique.com/wp-content/uploads/2025/02/76225A808D4_2.avif",,,,,,,,,0,MOTORRAD,talla,"23, 23.5, 24",1,1,genero,Mujer,1,1,color,Negro,1,1,,,,,,,,,,,,,,,,,,,,,,,,,,,,,,sync-and-show,updated,synced,1773630074,Negro,approved,yes,yes,yes,,,,0,default,,,,,,,,,,,,,,,,,,,,
16776,variable,76225A808F4,,"Botas para motociclista  BMW Motorrad KnitLite, Unisex",1,0,visible,,"Zapatillas KnitLite rojo36",,,taxable,,1,1,,0,0,,,,,1,,,,"Rider Gear & Garment > Tenis",Promoción,,"https://vecsaboutique.com/wp-content/uploads/2025/02/76225A808F4.avif, https://vecsaboutique.com/wp-content/uploads/2025/02/76225A808F4_2.avif",,,,,,,,,0,MOTORRAD,talla,36,1,1,genero,Unisex,1,1,,,,,,,,,,,,,,,,,,,,,,,,,,,,,,,,,,sync-and-show,updated,synced,1773716487,,approved,yes,yes,yes,,,,0,default,,,,,,,,,,,,,,,,,,,,
16781,variable,76227922738,,"Botas para motociclista  BMW Motorrad CruiseComfort GTX, para Mujer",1,0,visible,,"Las botas de moto BMW CruiseComfort GTX, impermeables y transpirables, impresionan a los motoristas de turismo por sus numerosos detalles prácticos. Entre ellos, se incluyen protectores de espinilla y tobillo, protector de palanca de cambios y un amplio ajuste de pantorrilla. La plantilla anatómica es extraíble y lavable. Estas botas impermeables de moto de turismo incorporan una membrana GORE-TEX® y una suela elevada: 3 cm en la parte delantera y 6 cm en el talón. La zona de contacto del reposapiés está rebajada, lo que garantiza una sensación de comodidad en la moto y una sujeción segura.\n<ul>\n 	<li>Material superior: mezcla de piel de vacuno impregnada y poliamida.</li>\n 	<li>Un detalle interesante en forma de trabilla azul para cinturón en la parte posterior.</li>\n</ul>",,,taxable,,1,,,0,0,,,,,1,,,,"Rider Gear & Garment > Botas",MOTO,,"https://vecsaboutique.com/wp-content/uploads/2024/11/76227922745.avif, https://vecsaboutique.com/wp-content/uploads/2024/11/76227922745_5.avif, https://vecsaboutique.com/wp-content/uploads/2024/11/76227922745_4.avif, https://vecsaboutique.com/wp-content/uploads/2024/11/76227922745_3.avif, https://vecsaboutique.com/wp-content/uploads/2024/11/76227922745_2.avif",,,,,,,,,0,MOTORRAD,talla,"25.5, 26",1,1,genero,Mujer,1,1,color,Negro,1,1,,,,,,,,,,,,,,,,,,,,,,,,,,,,,,sync-and-show,updated,synced,1774148558,,approved,yes,yes,yes,,,,,default,1,0,'@ALL,,,,product,,,,,,,,,,,1760988276,,
16782,variable,76228523080,,"Botas para motociclista  BMW Motorrad Pro Race GTX, Unisex",1,0,visible,,"<p data-start=""35"" data-end=""297"">Las botas BMW Pro Race GORE-TEX ofrecen una combinación perfecta de protección, comodidad y estilo moderno. Diseñadas para resistir las inclemencias del tiempo, estas botas son resistentes al viento y al agua gracias a la membrana GORE-TEX, ideales para quienes buscan unas botas de alto rendimiento, pensadas para la protección y el confort en cada viaje.</p>\n<p data-start=""299"" data-end=""722"">Características:</p>\n\n<ul>\n 	<li data-start=""299"" data-end=""722"">Protección 3D en el talón y protección para la espinilla para prevenir lesiones en zonas críticas.</li>\n 	<li data-start=""299"" data-end=""722"">Almohadillas antideslizantes extraíbles en la punta del zapato para mayor estabilidad y seguridad.</li>\n 	<li data-start=""299"" data-end=""722"">Membrana GORE-TEX que garantiza impermeabilidad y transpirabilidad.</li>\n 	<li data-start=""299"" data-end=""722"">Gran inscripción BMW Motorrad que resalta el diseño deportivo y distintivo de la marca.</li>\n</ul>",,,taxable,,1,,,0,0,,,,,1,,,,"Rider Gear & Garment > Botas",,,"https://vecsaboutique.com/wp-content/uploads/2025/02/76228523085.avif, https://vecsaboutique.com/wp-content/uploads/2025/02/76228523085_2.avif, https://vecsaboutique.com/wp-content/uploads/2025/02/76228523085_3.avif, https://vecsaboutique.com/wp-content/uploads/2025/02/76228523085_4.avif, https://vecsaboutique.com/wp-content/uploads/2025/02/76228523085_5.avif",,,,,,,,,0,MOTORRAD,talla,"26, 26.5, 27, 28.5",1,1,genero,Unisex,1,1,color,Negro/blanco,1,1,,,,,,,,,,,,,,,,,,,,,,,,,,,,,,sync-and-show,updated,synced,1774148558,,approved,yes,yes,yes,,,,,default,1,0,'@ALL,,,,product,,,,,,,,,,,1760985510,,
16787,simple,76235A80F98,,"Easy Tube BMW Motorrad GS, Unisex",1,0,visible,,"<span data-sheets-root=""1"">Calentador de cuello para motocicleta BMW Easy Tube con un estilo claro y sencillo.\n\nVersátil en uso\nUn agradable calentador de cuello de lana merino que proporciona una buena protección contra el viento alrededor del cuello.\nCinta azul con la inscripción ""BMW Motorrad""</span>",,,taxable,,1,5,,0,0,,,,,1,,,750,"Rider Gear & Garment > Pasamontañas, Rider Gear & Garment",MOTO,,"https://vecsaboutique.com/wp-content/uploads/2025/02/76235A80F98.avif, https://vecsaboutique.com/wp-content/uploads/2025/02/76235A80F98_2.avif",,,,,,,,,0,,talla,Unica,1,1,genero,Unisex,1,1,color,Rojo,1,1,,,,,,,,,,,,,,,,,,,,,,,,,,,,,,sync-and-show,created,synced,1773198512,Rojo,approved,,,,,,,,default,,,,,,,,,,,,,,,,,,,,
16788,simple,76235A80F99,,"Easy Tube GS caqui talla nica",1,0,visible,,,,,taxable,,0,0,,0,0,,,,,1,,,750,"Rider Gear & Garment > Pasamontañas, Rider Gear & Garment",MOTO,,"https://vecsaboutique.com/wp-content/uploads/2025/02/76235A80FA0.avif, https://vecsaboutique.com/wp-content/uploads/2025/02/76235A80FA0_2.avif",,,,,,,,,0,,,,,,,,,,,,,,,,,,,,,,,,,,,,,,,,,,,,,,,,,,,sync-and-show,created,synced,1760992083,,,,yes,yes,,,,,default,1,0,'@ALL,,,,product,,,,,,,,,,,1760992073,,
16789,simple,76235A80FA0,,"Easy Tube GS antracita",1,0,visible,,,,,taxable,,0,0,,0,0,,,,,1,,,623.09,"Rider Gear & Garment > Pasamontañas, Rider Gear & Garment",MOTO,,"https://vecsaboutique.com/wp-content/uploads/2025/02/76235A80FA0.avif, https://vecsaboutique.com/wp-content/uploads/2025/02/76235A80FA0_2.avif",,,,,,,,,0,,,,,,,,,,,,,,,,,,,,,,,,,,,,,,,,,,,,,,,,,,,sync-and-show,created,synced,1760991957,,,,yes,yes,,,,,default,1,0,'@ALL,,,,product,,,,,,,,,,,1760991933,,
16790,simple,76235A80FA1,,"Easy Tube GS negro",1,0,visible,,,,,taxable,,0,0,,0,0,,,,,1,,,623.09,"Rider Gear & Garment > Pasamontañas, Rider Gear & Garment",MOTO,,"https://vecsaboutique.com/wp-content/uploads/2025/02/76235A80FA1.avif, https://vecsaboutique.com/wp-content/uploads/2025/02/76235A80FA1_2.avif",,,,,,,,,0,,,,,,,,,,,,,,,,,,,,,,,,,,,,,,,,,,,,,,,,,,,sync-and-show,updated,,,,,,yes,yes,,,,,default,1,0,'@ALL,,,,product,,,,,,,,,,,1760990627,,
16791,variable,76235A80FB0,,"Camiseta BMW Motorrad Rallye, Unisex",1,0,visible,,"<span data-sheets-root=""1"">Esta elegante camiseta de manga larga BMW Motorrad GS, con un gran estampado ""Spirit of GS"" en el pecho, complementará a la perfección tu equipo de motociclista. ¡Ponte esta camiseta funcional y conquista la carretera y el terreno off-road!</span>\n\nEstilo retro casual\nGran estampado ""Spirit of GS"" en el pecho\nLetras ""Make Life a Ride"" en la manga derecha\nInscripción ""BMW Motorrad"" en la parte inferior de la espalda",,,taxable,,1,1,,0,0,,,,,1,,,,"Rider Gear & Garment > Camisetas",,,"https://vecsaboutique.com/wp-content/uploads/2025/02/76235A80FB0.avif, https://vecsaboutique.com/wp-content/uploads/2025/02/76235A80FB0_2.avif",,,,,,,,,0,MOTORRAD,talla,"L, M",1,1,,,,,,,,,,,,,,,,,,,,,,,,,,,,,,,,,,,,,,sync-and-show,updated,synced,1773802828,,approved,yes,yes,yes,,,,,default,,,,,,,,,,,,,,,,,,,,
16792,simple,76237105405,,"Easytube GS azul",1,0,visible,,"Easytube GS azul",,,taxable,,0,0,,0,0,,,,,1,,,626.55,"Rider Gear & Garment > Pasamontañas, Rider Gear & Garment",Promoción,,"https://vecsaboutique.com/wp-content/uploads/2025/02/76237105405.avif, https://vecsaboutique.com/wp-content/uploads/2025/02/76237105405_2.avif",,,,,,,,,0,,,,,,,,,,,,,,,,,,,,,,,,,,,,,,,,,,,,,,,,,,,sync-and-show,created,synced,1760484614,,,,,,,,,,default,,,,,,,,,,,,,,,,,,,,
16793,simple,76237105779,,"Pasamontañas Tour Windbreaker",1,0,visible,,"Pasamonta as Tour WindbreakerM",,,taxable,,0,0,,0,0,,,,,1,,,776.62,"Life Style",Promoción,,https://vecsaboutique.com/wp-content/uploads/2025/02/76237105779.avif,,,,,,,,,0,,,,,,,,,,,,,,,,,,,,,,,,,,,,,,,,,,,,,,,,,,,sync-and-show,created,synced,1760484614,,,,,,,,,,,,,,,,,,,,,,,,,,,,,,
16794,simple,76247922777,,"Camiseta Function Summer para hombre",1,0,visible,,"La camiseta ajustada BMW Function Summer hace que sea más fácil para el cuerpo mantener una temperatura óptima durante la temporada de primavera y verano.\n<ul>\n 	<li>Material funcional antibacteriano</li>\n 	<li>Material: 37.5®</li>\n 	<li>Material delgado y ligero</li>\n 	<li>Previene  la sudoración</li>\n 	<li>Corte ajustado</li>\n 	<li>Make Life a Ride estampado en la manga</li>\n 	<li>Camiseta de manga corta muy funcional</li>\n 	<li>Color: gris claro</li>\n 	<li>Tallas: S (76247922774), M (76247922775), L (76247922776), XL (76247922777), XXL (76247922778), XXXL (76247922779)</li>\n</ul>",,,taxable,,0,0,1,0,0,,,,,1,,,,"Rider Gear & Garment > Camisetas, Rider Gear & Garment",,,https://vecsaboutique.com/wp-content/uploads/2025/02/76247922777.avif,,,,,,,,,0,MOTORRAD,talla,XL,1,1,genero,Hombre,1,1,,,,,,,,,,,,,,,,,,,,,,,,,,,,,,,,,,sync-and-show,updated,,,,,,,,,,,,default,,,,,,,,,,,,,,,,,,,,
16795,variable,76247922787,,"Camiseta BMW Motorrad Function Summer, para Hombre",1,0,visible,,"La camiseta de manga larga BMW Function Summer se puede usar en diversas condiciones climáticas. La capucha integrada funciona como pasamontañas o como protección para el cuello contra el viento. Su material altamente funcional reacciona a la temperatura corporal del conductor, refrescándolo o calentándolo según sea necesario.\n<ul>\n 	<li>Material funcional antibacteriano</li>\n 	<li>Material fino y ligero</li>\n 	<li>Previene la congelación y la sudoración.</li>\n 	<li>Pasamontañas integrado que también puede utilizarse como protección para el cuello contra el viento.</li>\n 	<li>Perfecto para las fluctuaciones climáticas.</li>\n 	<li>Ajuste ceñido</li>\n 	<li>Estampado azul ""Make life a Ride"" en la manga</li>\n 	<li>Estampado azul ""BMW Motorrad"" en la clavícula</li>\n</ul>",,,taxable,,1,,,0,0,,,,,1,,,,"Rider Gear & Garment > Camisetas",,,"https://vecsaboutique.com/wp-content/uploads/2025/02/76247922790.avif, https://vecsaboutique.com/wp-content/uploads/2025/02/76247922790_2.avif, https://vecsaboutique.com/wp-content/uploads/2025/02/76247922790_3.avif, https://vecsaboutique.com/wp-content/uploads/2025/02/76247922790_4.avif",,,,,,,,,0,MOTORRAD,talla,XL,1,1,genero,Hombre,1,1,color,Gris,1,1,,,,,,,,,,,,,,,,,,,,,,,,,,,,,,sync-and-show,updated,synced,1774148558,,approved,yes,yes,yes,,,,,default,1,0,'@ALL,,,,product,,,,,,,,,,,1760989096,,
16796,variable,76315A75279,,"Casco para motociclista BMW Bowler ECE 100 Years60/61",1,0,visible,,"Estilo retro con alma moderna. El casco Bowler combina diseño clásico con detalles premium como aplicaciones de piel y forro con emblema BMW en relieve. Ligero, cómodo y con excelente aeroacústica, es ideal para riders con personalidad. Incluye cierre con doble anilla en D y homologación ECE 22-05.",,,taxable,,1,,,0,0,,,,,1,,,,"Rider Gear & Garment > Cascos",,,"https://vecsaboutique.com/wp-content/uploads/2024/09/76315A75283.avif, https://vecsaboutique.com/wp-content/uploads/2024/09/76315A75283_2.avif, https://vecsaboutique.com/wp-content/uploads/2024/09/76315A75283_3.avif",,,,,,,,,0,,talla,60/61,1,1,genero,Unisex,1,1,color,Negro,1,1,,,,,,,,,,,,,,,,,,,,,,,,,,,,,,sync-and-show,updated,synced,1773802828,,approved,yes,yes,yes,,,,,default,1,0,'@ALL,,,,product,,,,,,,,,,,1760571853,,1581431066170253
16800,simple,76317914324,,"Casco Xomo carbono visera transparente",1,0,visible,,"Casco Xomo carbono visera transparente",,,taxable,,0,0,,0,0,,,,,1,,,2917.83,"Rider Gear & Garment > Cascos",Promoción,,https://vecsaboutique.com/wp-content/uploads/2025/02/76317914324.avif,,,,,,,,,0,,,,,,,,,,,,,,,,,,,,,,,,,,,,,,,,,,,,,,,,,,,sync-and-show,created,synced,1760484431,,,,,,,,,,default,,,,,,,,,,,,,,,,,,,,
16801,simple,76317914329,,"Casco Xomo carbono visera mec nicaJuego",0,0,visible,,,,,taxable,,1,1,,0,0,,,,,1,,,1478.64,"Rider Gear & Garment > Cascos > Viseras",MOTO,,,,,,,,,,,0,,,,,,,,,,,,,,,,,,,,,,,,,,,,,,,,,,,,,,,,,,,sync-and-show,,,,,,,,,,,,,default,,,,,,,,,,,,,,,,,,,,
16802,simple,76318396998,,"Visera BMW Motorrad para Casco Claro System 7, Transparente",1,0,visible,,"Parasol clar",,,taxable,,1,2,,0,0,,,,,1,,,1070.32,"Rider Gear & Garment > Cascos > Viseras",Promoción,,https://vecsaboutique.com/wp-content/uploads/2025/02/76318396998.avif,,,,,,,,,0,MOTORRAD,color,Transparente,1,1,,,,,,,,,,,,,,,,,,,,,,,,,,,,,,,,,,,,,,sync-and-show,updated,synced,1773716486,Transparente,approved,,,,,,,0,default,,,,,,,,,,,,,,,,,,,,
16803,simple,76318521630,,"Visera BMW Motorrad 2D Race Sport",1,0,visible,,"Visera 2D Ra",,,taxable,,0,0,,0,0,,,,,1,,,2666.95,"Rider Gear & Garment > Cascos > Viseras",Promoción,,https://vecsaboutique.com/wp-content/uploads/2025/02/76318521630.avif,,,,,,,,,0,MOTORRAD,,,,,,,,,,,,,,,,,,,,,,,,,,,,,,,,,,,,,,,,,,sync-and-show,updated,,,,,,yes,yes,,,,0,default,1,0,'@ALL,,,,product,,,,,,,,,,,1760657448,,
16805,simple,76515A832B0,,"Sistema de Comunicación CONNECTED RIDE COM U1",1,0,visible,,"Kit ConnectedRide Com U1",,,taxable,,1,1,,0,0,,,,,1,,,4858.96,"Rider Gear & Garment",Promoción,,"https://vecsaboutique.com/wp-content/uploads/2025/02/76515A832B0.avif, https://vecsaboutique.com/wp-content/uploads/2025/02/76515A832B0_3.avif, https://vecsaboutique.com/wp-content/uploads/2025/02/76515A832B0_2.avif",,,,,,,,,0,MOTORRAD,,,,,,,,,,,,,,,,,,,,,,,,,,,,,,,,,,,,,,,,,,sync-and-show,updated,synced,1773716486,,approved,yes,yes,,,,,,,,,,,,,product,,,,,,,,,,,,,2232260870546429
16807,variable,76615A811F4,,"Camiseta Spirit of GS",1,0,visible,,"T Shirt Spirit of GS Herren gr nM",,,taxable,,0,0,,0,0,,,,,1,,,,"Rider Gear & Garment > Camisetas, Rider Gear & Garment",Promoción,,"https://vecsaboutique.com/wp-content/uploads/2025/02/76615A811F4.avif, https://vecsaboutique.com/wp-content/uploads/2025/02/76615A811F4_2.avif",,,,,,,,,0,MOTORRAD,talla,"L, M",1,1,,,,,,,,,,,,,,,,,,,,,,,,,,,,,,,,,,,,,,sync-and-show,updated,,,,,yes,yes,yes,,,,,,1,0,'@ALL,,,,product,,,,,,,,,,,1760743877,,
16808,simple,76615A81242,,"Camiseta Make Life a Ride",1,0,visible,,"Refleja tu espíritu aventurero y tu filosofía de disfrutar cada momento, con la  camiseta Make Life a Ride, y disfruta de la comodidad y suavidad que te ofrece el algodón 100% orgánico.",,,taxable,,0,0,,0,0,,,,,1,,,978.25,"Rider Gear & Garment > Camisetas, Rider Gear & Garment",MOTO,,"https://vecsaboutique.com/wp-content/uploads/2025/02/76615A81242.avif, https://vecsaboutique.com/wp-content/uploads/2025/02/76615A81242_2.avif",,,,,,,,,0,,,,,,,,,,,,,,,,,,,,,,,,,,,,,,,,,,,,,,,,,,,sync-and-show,updated,,,,,,yes,yes,,,,,,1,0,'@ALL,,,,product,,,,,,,,,,,1760992474,,
16809,variable,76615A812F1,,"Camiseta RR",1,0,visible,,"T Shirt RR Herren schwarzM",,,taxable,,0,0,,0,0,,,,,1,,,,"Rider Gear & Garment > Camisetas, Rider Gear & Garment",Promoción,,"https://vecsaboutique.com/wp-content/uploads/2025/02/76615A812F1.avif, https://vecsaboutique.com/wp-content/uploads/2025/02/76615A812F1_2.avif",,,,,,,,,0,MOTORRAD,talla,"L, M",1,1,,,,,,,,,,,,,,,,,,,,,,,,,,,,,,,,,,,,,,sync-and-show,updated,,,,,yes,yes,yes,,,,,,1,0,'@ALL,,,,product,,,,,,,,,,,1760744048,,
16810,variable,76615A813F5,,"Camiseta BMW Motorrad, para Mujer",1,0,visible,,"<span data-sheets-root=""1"">Esta camiseta de cuello redondo de BMW para mujer es un sello distintivo de todos los fans de BMW Motorrad, especialmente por su gran logotipo en el centro del pecho. Su corte y material clásicos garantizan una gran comodidad.\n\nCamiseta clásica de cuello redondo\nGran estampado ""BMW Motorrad"" en el centro del pecho\nParche del logotipo de BMW en la manga izquierda</span>",,,taxable,,1,1,,0,0,,,,,1,,,,"Rider Gear & Garment > Camisetas",,,"https://vecsaboutique.com/wp-content/uploads/2025/02/76615A813F6.avif, https://vecsaboutique.com/wp-content/uploads/2025/02/76615A813F6_2.avif",,,,,,,,,0,MOTORRAD,talla,"L, S",1,1,genero,Mujer,1,1,color,Blanco,1,1,,,,,,,,,,,,,,,,,,,,,,,,,,,,,,sync-and-show,updated,synced,1773457522,,approved,yes,yes,yes,,,,,,,,,,,,,,,,,,,,,,,,,
16811,variable,76615A81410,,"Camiseta tipo polo GS",1,0,visible,,"Poloshirt GS Herren gr nXL",,,taxable,,0,0,,0,0,,,,,1,,,,"Rider Gear & Garment > Camisetas, Rider Gear & Garment",Promoción,,https://vecsaboutique.com/wp-content/uploads/2025/02/76615A81410.avif,,,,,,,,,0,MOTORRAD,talla,XL,1,1,,,,,,,,,,,,,,,,,,,,,,,,,,,,,,,,,,,,,,sync-and-show,updated,,,,,yes,yes,yes,,,,,,1,0,'@ALL,,,,product,,,,,,,,,,,1760743703,,
16812,variable,76615A81473,,"Camiseta Spirit of GS",1,0,visible,,"<div class=""productdetails__content"">\n<div class=""productdetails__content"">\n<p class=""mnm-productdetails-description"">Cómoda camiseta de manga larga de BMW Motorrad con un gran estampado de ""Spirit of GS"" en el pecho. La propuesta perfecta para todos los fanáticos de las legendarias motocicletas BMW GS. ¡Viste esta manga larga y siente el espíritu de la aventura independientemente del lugar y las circunstancias!</p>\n\n</div>\n</div>\n<ul>\n 	<li>Gran estampado ""Spirit of GS"" en el pecho</li>\n 	<li>""Logotipo de GS"" en la parte posterior</li>\n 	<li>Logotipo de BMW en la manga</li>\n 	<li>Color: azul/rojo</li>\n 	<li>Material: 100% algodón orgánico</li>\n 	<li>Tallas: XS (76615A81473), S (76615A81474), M (76615A81475), L (76615A81476), XL (76615A81477), XXL (76615A81478), XXXL (76615A81479)</li>\n</ul>",,,taxable,,0,0,,0,0,,,,,1,,,,"Rider Gear & Garment > Camisetas, Rider Gear & Garment",,,"https://vecsaboutique.com/wp-content/uploads/2025/02/76615A81473.avif, https://vecsaboutique.com/wp-content/uploads/2025/02/76615A81473_2.avif",,,,,,,,,0,MOTORRAD,talla,"M, XS",1,1,,,,,,,,,,,,,,,,,,,,,,,,,,,,,,,,,,,,,,sync-and-show,updated,synced,1773198512,,approved,yes,yes,yes,,,,,default,,,,,,,,,,,,,,,,,,,,
16813,variable,76615A81481,,"Camiseta BMW Motorrad Motorsport",1,0,visible,,"<div class=""css-vurnku"">\n<div class=""css-pz9ilv"" data-testid=""accordion-default"">Camiseta deportiva de manga larga con diseño gráfico tricolor de Motorsport.</div>\n</div>\n<div class=""css-vurnku"">\n<div class=""css-1ss378l"" data-testid=""accordion-advantageArgumentation"">\n<div class=""css-us4umu"">\n<div class=""css-pz9ilv"" data-testid=""advantage-argumentation"">\n<div class=""css-1vem4ul"">\n<ul>\n 	<li>Estampado gráfico tricolor en el hombro</li>\n 	<li>Estampado de BMW Motorrad Motorsport en la espalda</li>\n 	<li>Logos de M y BMW impresos en la parte delantera</li>\n 	<li>Inscripción ""Never Stop Challenging"" impresa en la manga derecha</li>\n 	<li>Material: 93 % poliéster, 7 % elastano</li>\n</ul>\n</div>\n</div>\n</div>\n</div>\n</div>",,,taxable,,0,0,,0,0,,,,,1,,,,"Rider Gear & Garment > Camisetas, Rider Gear & Garment",MOTO,,"https://vecsaboutique.com/wp-content/uploads/2025/02/76615A81481.avif, https://vecsaboutique.com/wp-content/uploads/2025/02/76615A81481_2.avif",,,,,,,,,0,,talla,"L, M, XL",1,1,,,,,,,,,,,,,,,,,,,,,,,,,,,,,,,,,,,,,,sync-and-show,updated,synced,1773716487,,approved,yes,yes,yes,,,,,default,,,,,,,,,,,,,,,,,,,,
16814,variable,76615A81492,,"Sudadera BMW Motorrad Soulfuel, para Hombre",1,0,visible,,"<span data-sheets-root=""1"">Luce tu pasión por BMW Motorrad con esta sudadera clásica de manga larga confeccionada en 100% algodón orgánico para máximo confort y durabilidad. Su diseño combina estilo y carácter. Ideal para rodar con estilo o para tu día a día, es la prenda perfecta para quienes llevan la filosofía Soulfuel en cada kilómetro.</span>",,,taxable,,1,1,,0,0,,,,,1,,,,"Rider Gear & Garment, Rider Gear & Garment > Sudaderas",,,"https://vecsaboutique.com/wp-content/uploads/2025/02/76615A81492.avif, https://vecsaboutique.com/wp-content/uploads/2025/02/76615A81492_2.avif",,,,,,,,,0,MOTORRAD,talla,"L, M, S",1,1,genero,Hombre,1,1,color,Verde,1,1,,,,,,,,,,,,,,,,,,,,,,,,,,,,,,sync-and-show,updated,synced,1773457522,,approved,yes,yes,yes,,,,,default,,,,,,,,,,,,,,,,,,,,
16815,variable,76615A81567,,"Sudadera con cremallera Make Life a Ride para mujer",1,0,visible,,"Sud crem Make Life a Ride se verdeM",,,taxable,,0,0,,0,0,,,,,1,,,,"Rider Gear & Garment, Rider Gear & Garment > Sudaderas",Promoción,,"https://vecsaboutique.com/wp-content/uploads/2025/02/76615A81567.avif, https://vecsaboutique.com/wp-content/uploads/2025/02/76615A81567_2.avif",,,,,,,,,0,MOTORRAD,talla,M,1,1,,,,,,,,,,,,,,,,,,,,,,,,,,,,,,,,,,,,,,sync-and-show,updated,,,,,yes,yes,yes,,,,,,1,0,'@ALL,,,,product,,,,,,,,,,,1760658217,,
16816,variable,76615A81571,,"Sudadera BMW Motorrad Motorsport, para Mujer",1,0,visible,,"<p class="""" data-start=""128"" data-end=""359""><span data-sheets-root=""1"">Sudadera con capucha y cremallera para mujer con aplicaciones de automovilismo en la parte delantera y trasera. Además, luce los logotipos de BMW y M en el pecho izquierdo y una gran inscripción de BMW Motorrad Motorsport en la espalda.\n\nImpresión de BMW Motorrad Motorsport en la parte posterior\nEstampado del logotipo de BMW y M en el pecho\nLetras ""Never Stop Challenging"" en la manga inferior derecha\nTira de cremallera con la inscripción ""BMW Motorrad""</span></p>",,,taxable,,1,1,,0,0,,,,,1,,,,"Rider Gear & Garment > Sudaderas",,,"https://vecsaboutique.com/wp-content/uploads/2025/02/76615A81572.avif, https://vecsaboutique.com/wp-content/uploads/2025/02/76615A81572_2.avif",,,,,,,,,0,MOTORRAD,talla,S,1,1,genero,Mujer,1,1,color,Negro,1,1,,,,,,,,,,,,,,,,,,,,,,,,,,,,,,sync-and-show,updated,synced,1773457522,,approved,yes,yes,yes,,,,,,,,,,,,,,,,,,,,,,,,,3515555998580342
16820,variable,76615A815D2,,"Camisa BMW Motorrad  Denim, para Hombre",1,0,visible,,"<span data-sheets-root=""1"">La camisa Denim BMW para hombre es imprescindible para cualquier auténtico motero. Hecha con 97 % algodón y 3 % elastano, esta cómoda camisa se adaptará a todas tus ocasiones con estilo.</span>",,,taxable,,1,,,0,0,,,,,1,,,,"Rider Gear & Garment > Camisas, Rider Gear & Garment",MOTO,,"https://vecsaboutique.com/wp-content/uploads/2025/02/76615A815D9.avif, https://vecsaboutique.com/wp-content/uploads/2025/02/76615A815D9_2.avif",,,,,,,,,0,,talla,"L, M",1,1,genero,Hombre,1,1,color,Indigo,1,1,,,,,,,,,,,,,,,,,,,,,,,,,,,,,,sync-and-show,updated,synced,1774148558,,approved,yes,yes,yes,,,,,default,1,0,'@ALL,,,,product,,,,,,,,,,,1760993783,,
16821,variable,76615A815F7,,"Sudadera Berlin Built para hombre",1,0,visible,,"Sudadera clásica de manga larga, cuello redondo y pequeña inscripción en la parte delantera y estampado grande en la parte trasera.\n<ul>\n 	<li>Pequeña inscripción de ""Berlin built"" en el pecho</li>\n 	<li>Estampado grande en la espalda, con la inscripción de BMW Motorrad, el logotipo de BMW y la inscripción de ""Soul is all that matters""</li>\n 	<li>Material: Filgreen ﬂeece, 50 % algodón orgánico, 50 % algodón reciclado</li>\n</ul>\n&nbsp;",,,taxable,,1,1,,0,0,,,,,1,,,,"Rider Gear & Garment, Rider Gear & Garment > Sudaderas",MOTO,,"https://vecsaboutique.com/wp-content/uploads/2025/02/76615A815F7.avif, https://vecsaboutique.com/wp-content/uploads/2025/02/76615A815F7_2.avif",,,,,,,,,0,,talla,"L, M, S",1,1,,,,,,,,,,,,,,,,,,,,,,,,,,,,,,,,,,,,,,sync-and-show,updated,synced,1773716487,,approved,yes,yes,yes,,,,,,,,,,,,,,,,,,,,,,,,,
16823,variable,76615A81610,,"Chamarra BMW Motorrad Softshell Motorsport, Unisex",1,0,visible,,"<span data-sheets-root=""1"">Una chamarra softshell deportiva con logotipo en la parte delantera y trasera, y un estampado de superhéroe en el forro de malla. Libera tu estilo de superhéroe interior y elige una chaqueta que te mantendrá abrigado en los días más fríos.</span>\n\nGran estampado ""Motorsport"" en el pecho izquierdo, que incluye ""BMW Motorrad Motorsport"", ""Racing like no other"" y una insignia RR\nPequeño logotipo M en el lado derecho del pecho.\nLetras grandes y verticales ""BMW Motorrad Motorsport"" en la parte trasera\nEstampado ""Racing"" en la manga derecha\nGran estampado de superhéroe estilo cómic sobre forro de malla roja\nCorrea de cremallera con el logotipo de ""BMW Motorrad""",,,taxable,,1,1,,0,0,,,,,1,,,,"Rider Gear & Garment > Chamarras",,,"https://vecsaboutique.com/wp-content/uploads/2025/02/76615A81611.avif, https://vecsaboutique.com/wp-content/uploads/2025/02/76615A81611_2.avif, https://vecsaboutique.com/wp-content/uploads/2025/02/76615A81611_3.avif",,,,,,,,,0,MOTORRAD,talla,"3XL, L, M, S, XL",1,1,genero,Unisex,1,1,color,Negro,1,1,,,,,,,,,,,,,,,,,,,,,,,,,,,,,,sync-and-show,updated,synced,1773630074,,approved,yes,yes,yes,,,,,default,,,,,,,,,,,,,,,,,,,,
16824,variable,76615A81649,,"Pantalón Make Life a Ride",1,0,visible,,"Pant Make Life a Ride se ora azul nocheM",,,taxable,,0,0,,0,0,,,,,1,,,,"Life Style, Life Style > Pants",Promoción,,"https://vecsaboutique.com/wp-content/uploads/2025/02/76615A81649.avif, https://vecsaboutique.com/wp-content/uploads/2025/02/76615A81649_2.avif",,,,,,,,,0,,talla,M,1,1,,,,,,,,,,,,,,,,,,,,,,,,,,,,,,,,,,,,,,sync-and-show,created,synced,1773802828,,approved,yes,yes,yes,,,,,,,,,,,,,,,,,,,,,,,,,
16827,simple,76615A82565,,"Gorra BMW Motorsport",1,0,visible,,"Cap Motorsport grau one size",,,taxable,,0,0,,0,0,,,,,1,,,623.09,"Life Style > Gorras, Life Style",Promoción,,"https://vecsaboutique.com/wp-content/uploads/2025/02/76615A82565.avif, https://vecsaboutique.com/wp-content/uploads/2025/02/76615A82565_2.avif",,,,,,,,,0,,,,,,,,,,,,,,,,,,,,,,,,,,,,,,,,,,,,,,,,,,,sync-and-show,created,synced,1760484429,,,,,,,,,,,,,,,,,,,,,,,,,,,,,,
16832,simple,76615A82573,,"Gorra Soulfuel",1,0,visible,,"Cap Soulfuel creme rot one size",,,taxable,,0,0,,0,0,,,,,1,,,690,"Rider Gear & Garment > Gorras",Promoción,,"https://vecsaboutique.com/wp-content/uploads/2025/02/76615A82573.avif, https://vecsaboutique.com/wp-content/uploads/2025/02/76615A82573_2.avif",,,,,,,,,0,MOTORRAD,,,,,,,,,,,,,,,,,,,,,,,,,,,,,,,,,,,,,,,,,,sync-and-show,updated,,,,,,yes,yes,,,,,default,1,0,'@ALL,,,,product,,,,,,,,,,,,,
16834,variable,76615A82F87,,"Cinturón Soulfuel",1,0,visible,,,,,taxable,,0,0,,0,0,,,,,1,,,,"Life Style",MOTO,,https://vecsaboutique.com/wp-content/uploads/2025/02/76615A82F87.avif,,,,,,,,,0,,talla,XL,1,1,color,Negro,1,1,,,,,,,,,,,,,,,,,,,,,,,,,,,,,,,,,,sync-and-show,,has-errors,,,,yes,yes,yes,,,,,,,,,,,,,,,,,,,,,,,,,
16836,simple,76617109792,,"Gorra BMW Motorrad Gris",1,0,visible,,"Gorra BMW Motorrad gris",,,taxable,,0,0,,0,0,,,,,1,,,657.73,"Life Style > Gorras, Life Style",Promoción,,https://vecsaboutique.com/wp-content/uploads/2025/02/76617109792.avif,,,,,,,,,0,,,,,,,,,,,,,,,,,,,,,,,,,,,,,,,,,,,,,,,,,,,sync-and-show,created,synced,1760484609,,,,,,,,,,,,,,,,,,,,,,,,,,,,,,
16837,variable,76617109822,,"Sudadera BMW Motorrad Soulfuel Negra para hombre",1,0,visible,,"Sudadera cap Soulfuel caballero negraS",,,taxable,,0,0,,0,0,,,,,1,,,,"Rider Gear & Garment, Rider Gear & Garment > Sudaderas",Promoción,,"https://vecsaboutique.com/wp-content/uploads/2025/02/76617109822.avif, https://vecsaboutique.com/wp-content/uploads/2025/02/76617109822_2.avif",,,,,,,,,0,MOTORRAD,talla,"L, S",1,1,,,,,,,,,,,,,,,,,,,,,,,,,,,,,,,,,,,,,,sync-and-show,updated,not-synced,,,,yes,no,yes,,,,,,1,0,'@ALL,,,,product,,,,,,,,,,,1760659057,,
16838,variable,76617109904,,"Camisa BMW Motorrad Denim, para Hombre",1,0,visible,,"Gran motivo estampado de motor bóxer con «Air-cooled» y la inscripción BMW Motorrad en la espalda. Inscripción BMW Motorrad en el pecho. Pequeña etiqueta de lazo con remache de cobre y logotipo de BMW. Dos bolsillos en el pecho. Datos clave: Material: 100 % algodón.",,,taxable,,1,1,,0,0,,,,,1,,,,"Rider Gear & Garment > Camisas",,,"https://vecsaboutique.com/wp-content/uploads/2025/02/76617109905.avif, https://vecsaboutique.com/wp-content/uploads/2025/02/76617109905_2.avif",,,,,,,,,0,MOTORRAD,talla,L,1,1,genero,Hombre,1,1,,,,,,,,,,,,,,,,,,,,,,,,,,,,,,,,,,sync-and-show,updated,synced,1773630074,,approved,yes,yes,yes,,,,0,default,,,,,,,,,,,,,,,,,,,,
16839,variable,76617109924,,"Camiseta R 80 GS",1,0,visible,,"Camiseta R 80 G S caballero azulM",,,taxable,,0,0,,0,0,,,,,1,,,,"Rider Gear & Garment > Camisetas, Rider Gear & Garment",Promoción,,"https://vecsaboutique.com/wp-content/uploads/2025/02/76617109924-png.avif, https://vecsaboutique.com/wp-content/uploads/2025/02/76617109924_2-png.avif",,,,,,,,,0,,talla,"L, M",1,1,,,,,,,,,,,,,,,,,,,,,,,,,,,,,,,,,,,,,,sync-and-show,updated,,,,,yes,yes,yes,,,,,,1,0,'@ALL,,,,product,,,,,,,,,,,1760744120,,
16840,variable,76617109929,,"Camiseta Boxer Motorsport",1,0,visible,,"Camiseta Boxer caballero negra blancaS",,,taxable,,0,0,,0,0,,,,,1,,,,"Rider Gear & Garment > Camisetas, Rider Gear & Garment",Promoción,,"https://vecsaboutique.com/wp-content/uploads/2025/02/76617109929.avif, https://vecsaboutique.com/wp-content/uploads/2025/02/76617109929_2.avif, https://vecsaboutique.com/wp-content/uploads/2025/02/76617109929_3.avif",,,,,,,,,0,,talla,S,1,1,genero,Hombre,1,1,color,Blanco/negro,1,1,,,,,,,,,,,,,,,,,,,,,,,,,,,,,,sync-and-show,updated,not-synced,,Blanco/negro,,yes,no,yes,,,,,,1,0,'@ALL,,,,product,,,,,,,,,,,1760744210,,
16841,simple,76617923434,,"Gorra Roadster",1,0,visible,,"Gorra Roadster unisex negro naranja",,,taxable,,0,0,,0,0,,,,,1,,,511.07,"Life Style > Gorras, Life Style",Promoción,,https://vecsaboutique.com/wp-content/uploads/2025/02/76617923434.avif,,,,,,,,,0,,,,,,,,,,,,,,,,,,,,,,,,,,,,,,,,,,,,,,,,,,,sync-and-show,created,synced,1760484600,,,,,,,,,,,,,,,,,,,,,,,,,,,,,,
16843,variable,76618542446,,"Chamarra BMW Motorrad Softshell Motorsport, para Hombre",1,0,visible,,"<p class=""p1"">La Chamarra softshell BMW Motorsport para hombre es imprescindible para todos los motociclistas amantes de la velocidad, el rendimiento y el Motorsport.</p>\n<p class=""p1"">Práctica, la chamarra está equipada con varios bolsillos con cremallera.</p>\n<p class=""p1"">El material softshell de poliéster es muy cómodo y resistente al viento. El cuello alto y la capucha permiten llevar la chaqueta incluso cuando las temperaturas bajan.</p>",,,taxable,,1,1,,0,0,,,,,1,,,,"Rider Gear & Garment > Chamarras",,,"https://vecsaboutique.com/wp-content/uploads/2025/02/76618542448.avif, https://vecsaboutique.com/wp-content/uploads/2025/02/76618542448_2.avif, https://vecsaboutique.com/wp-content/uploads/2025/02/76618542448_3.avif",,,,,,,,,0,MOTORRAD,talla,L,1,1,genero,Hombre,1,1,color,Negro,1,1,,,,,,,,,,,,,,,,,,,,,,,,,,,,,,sync-and-show,updated,synced,1773630074,,approved,yes,yes,yes,,,,0,default,,,,,,,,,,,,,,,,,,,,
16844,simple,76618546730,,"Mochila Motorsport",1,0,visible,,"Mochila Motorsport negra",,,taxable,,0,0,,0,0,,,,,1,,,2009.51,"Life Style",Promoción,,"https://vecsaboutique.com/wp-content/uploads/2025/02/76618546730.avif, https://vecsaboutique.com/wp-content/uploads/2025/02/76618546730_2.avif, https://vecsaboutique.com/wp-content/uploads/2025/02/76618546730_3.avif",,,,,,,,,0,,,,,,,,,,,,,,,,,,,,,,,,,,,,,,,,,,,,,,,,,,,sync-and-show,created,synced,1760484570,,,,,,,,,,,,,,,,,,,,,,,,,,,,,,
16846,variable,76817921667,,"Pantalón Rainlock",1,0,visible,,"Pantal n Rainlock unisex3XL",,,taxable,,0,0,,0,0,,,,,1,,,,"Rider Gear & Garment > Pantalones, Rider Gear & Garment",Promoción,,"https://vecsaboutique.com/wp-content/uploads/2025/02/76817921667.avif, https://vecsaboutique.com/wp-content/uploads/2025/02/76817921667_2.avif, https://vecsaboutique.com/wp-content/uploads/2025/02/76817921667_3.avif",,,,,,,,,0,,talla,XL,1,1,genero,Unisex,1,1,,,,,,,,,,,,,,,,,,,,,,,,,,,,,,,,,,sync-and-show,updated,not-synced,,,,yes,no,yes,,,,,default,1,0,'@ALL,,,,product,,,,,,,,,,,1760659668,,
16902,variable,80142463248,,"Sudadera MINI de rayas, para niños",1,0,visible,,"Sea cual sea tu edad, no hay nada mejor que un suéter cómodo, y este ciertamente cumple todos los requisitos. Tiene una forma clásica con cuello redondo y mangas raglán, así como un bolsillo canguro adicional para llevar una carga preciosa. El diseño general de rayas inspirado en los años 60 añade un toque vintage lúdico a esta pieza imprescindible. Una impresión blanca de MINI Wordmark en la parte delantera lo convierte inequeblemente MINI.",,,taxable,,0,0,,0,0,,,,,1,,,,"Life Style, Life Style > Sudaderas",,,"https://vecsaboutique.com/wp-content/uploads/2025/02/80142463248-png.avif, https://vecsaboutique.com/wp-content/uploads/2025/02/80142463248_2-png.avif",,,,,,,,,0,MINI,talla,"2 - 3 años",1,1,genero,Niño,1,1,,,,,,,,,,,,,,,,,,,,,,,,,,,,,,,,,,sync-and-show,created,synced,1772938862,,approved,yes,yes,yes,,,,0,,,,,,,,,,,,,,,,,,,,,
16903,variable,80142864066,,"Camiseta Bolsillo Diagonal Logo BMW M, para caballero",1,0,visible,,"Camiseta BMW M caballeroblack S",,,taxable,,1,1,,0,0,,,,,1,,,,"Life Style > Camisetas, Life Style",Promoción,,"https://vecsaboutique.com/wp-content/uploads/2025/02/80142864066.avif, https://vecsaboutique.com/wp-content/uploads/2025/02/80142864066_2-png.avif, https://vecsaboutique.com/wp-content/uploads/2025/02/80142864066_3-png.avif, https://vecsaboutique.com/wp-content/uploads/2025/02/80142864066_4-png.avif",,,,,,,,,0,BMW,talla,"L, M, S",1,1,,,,,,,,,,,,,,,,,,,,,,,,,,,,,,,,,,,,,,sync-and-show,updated,synced,1773716486,,approved,yes,yes,yes,,,,0,,,,,,,,,,,,,,,,,,,,,
16904,variable,80142864086,,"Camiseta BMW M",1,0,visible,,"Camiseta BMW M se orablack M",,,taxable,,0,0,,0,0,,,,,1,,,,"Life Style > Camisetas, Life Style",Promoción,,"https://vecsaboutique.com/wp-content/uploads/2025/02/80142864086-png.avif, https://vecsaboutique.com/wp-content/uploads/2025/02/80142864086_2-png.avif, https://vecsaboutique.com/wp-content/uploads/2025/02/80142864086_3-png.avif",,,,,,,,,0,,talla,"L, M",1,1,genero,Mujer,1,1,,,,,,,,,,,,,,,,,,,,,,,,,,,,,,,,,,sync-and-show,updated,,,,,yes,yes,yes,,,,,,1,0,'@ALL,,,,product,,,,,,,,,,,1760744438,,
16905,variable,80142864146,,"Camiseta BMW Logo Tonal",1,0,visible,,"<p data-start=""41"" data-end=""264"">Camiseta de manga corta BMW Logo Tonal para mujer, confeccionada en 100% algodón para mayor comodidad y frescura. Su corte holgado y cuello redondo ofrecen un ajuste relajado y versátil para cualquier ocasión.</p>\n<p data-start=""266"" data-end=""546""> Diseño minimalista y moderno, ideal para el día a día, Logo tonal de BMW estampado en la parte frontal, reflejando la esencia y el estilo de la marca. Material ligero y suave, perfecto para un look casual con un toque premium.</p>",,,taxable,,1,2,,0,0,,,,,1,,,,"Life Style > Camisetas, Life Style",BMW,,"https://vecsaboutique.com/wp-content/uploads/2025/02/80142864146-png.avif, https://vecsaboutique.com/wp-content/uploads/2025/02/80142864146_2-png.avif",,,,,,,,,0,,talla,"S, XS",1,1,genero,Mujer,1,1,,,,,,,,,,,,,,,,,,,,,,,,,,,,,,,,,,sync-and-show,updated,synced,1773457522,,approved,yes,yes,yes,,,,,,,,,,,,,,,,,,,,,,,,,
16906,variable,80142864179,,"Sudadera deportiva Logo BMW, unisex",1,0,visible,,"BMW sudadera dep Logo tonal unisexdark blue S",,,taxable,,1,1,,0,0,,,,,1,,,,"Life Style, Life Style > Sudaderas",Promoción,,"https://vecsaboutique.com/wp-content/uploads/2025/02/Mesa-de-trabajo-1-png.avif, https://vecsaboutique.com/wp-content/uploads/2025/02/80142864179-png.avif, https://vecsaboutique.com/wp-content/uploads/2025/02/80142864179_2-png.avif",,,,,,,,,0,BMW,talla,"M, S",1,1,genero,Unisex,1,1,color,"Azul marino",1,1,,,,,,,,,,,,,,,,,,,,,,,,,,,,,,sync-and-show,updated,synced,1773716486,"Azul marino",approved,yes,yes,yes,,,,0,,,,,,,,,,,,,,,,,,,,,,
16907,variable,80142864241,,"Polo Blanco BMW M Motorsport",1,0,visible,,"BMW M Motorsport polo caballerowhite S",,,taxable,,0,0,,0,0,,,,,1,,,,"Life Style > Camisetas, Life Style",Promoción,,"https://vecsaboutique.com/wp-content/uploads/2025/02/80142864241-png.avif, https://vecsaboutique.com/wp-content/uploads/2025/02/80142864241_2-png.avif",,,,,,,,,0,,talla,"L, S",1,1,genero,Hombre,1,1,color,Blanco,1,1,,,,,,,,,,,,,,,,,,,,,,,,,,,,,,sync-and-show,updated,,,Blanco,,yes,yes,yes,,,,,,1,0,'@ALL,,,,product,,,,,,,,,,,1760659498,,,
16908,variable,80145A21656,,"Sudadera con capucha MINI, para niños",1,0,visible,,"Sudadera gruesa de algodón 100% orgánico. Resalta tu estilo con esta sudadera para niño que combina un diseño moderno y casual con colores en contraste, junto a un práctico bolsillo tipo canguro. La inscripción MINI al frente le suma un detalle auténtico que refleja la esencia de la marca y le da un toque único a cada look.",,,taxable,,1,1,,0,0,,,,,1,,,,"Life Style, Life Style > Sudaderas",,,"https://vecsaboutique.com/wp-content/uploads/2025/02/80145A21656-png.avif, https://vecsaboutique.com/wp-content/uploads/2025/02/80145A21656_2-png.avif, https://vecsaboutique.com/wp-content/uploads/2025/02/80145A21656_3-png.avif",,,,,,,,,0,MINI,talla,"2 - 3 años",1,1,genero,Niños,1,1,,,,,,,,,,,,,,,,,,,,,,,,,,,,,,,,,,sync-and-show,created,synced,1773457522,,approved,yes,yes,yes,,,,0,default,,,,,,,,,,,,,,,,,,,,,
16909,variable,80145B318A3,,"Sudadera con capucha BMW M Motorsport, para caballero",1,0,visible,,"Impresión de goma autográfica en el pecho, inspirada en el V8 híbrido. Material: 66% algodón, 34% poliéster reciclado. Fabricado en: China.",,,taxable,,1,1,,0,0,,,,,1,,,,"Life Style, Life Style > Sudaderas",,,"https://vecsaboutique.com/wp-content/uploads/2025/02/80145B318A3-png.avif, https://vecsaboutique.com/wp-content/uploads/2025/02/80145B318A3_2-png.avif, https://vecsaboutique.com/wp-content/uploads/2025/02/80145B318A3_3-png.avif, https://vecsaboutique.com/wp-content/uploads/2025/02/80145B318A3_4-png.avif",,,,,,,,,0,BMW,talla,"M, S",1,1,genero,Hombre,1,1,,,,,,,,,,,,,,,,,,,,,,,,,,,,,,,,,,sync-and-show,created,synced,1773457522,,approved,yes,yes,yes,,,,0,,,,,,,,,,,,,,,,,,,,,,
16910,variable,80145B318B3,,"Polo BMW M Motorsport/Puma, para caballero",1,0,visible,,"Polo original BMW M Motorsport color blanco\nCorte regular\nDos botones\nImpresión del logotipo de BMW M Motorsport en el pecho\nLogotipo de Puma en la manga derecha\nMaterial: 75% algodón, 25% algodón reciclado",,,taxable,,1,2,,0,0,,,,,1,,,,"Life Style > Camisetas, Life Style",BMW,,"https://vecsaboutique.com/wp-content/uploads/2025/02/80145B318B3-png.avif, https://vecsaboutique.com/wp-content/uploads/2025/02/80145B318B3_2-png.avif",,,,,,,,,0,BMW,talla,"L, M, S, XL",1,1,genero,Hombre,1,1,,,,,,,,,,,,,,,,,,,,,,,,,,,,,,,,,,sync-and-show,created,synced,1773457522,,approved,yes,yes,yes,,,,0,,,,,,,,,,,,,,,,,,,,,,
16911,variable,80145B318B8,,"Camiseta Logo BMW M Motorsport/Puma, para caballero",1,0,visible,,"Camiseta BMW M Motorsport color azul claro\nCorte regular\nLogotipo BMW M Motorsport en el pecho\nLogotipo de Puma en la manga derecha\nMaterial: 75% algodón, 25% algodón reciclado",,,taxable,,1,2,,0,0,,,,,1,,,,"Life Style > Camisetas, Life Style",BMW,,"https://vecsaboutique.com/wp-content/uploads/2025/02/80145B318B8.avif, https://vecsaboutique.com/wp-content/uploads/2025/02/80145B318B8_2-png.avif",,,,,,,,,0,BMW,talla,"L, M, S, XL",1,1,,,,,,,,,,,,,,,,,,,,,,,,,,,,,,,,,,,,,,sync-and-show,created,synced,1773457522,,approved,yes,yes,yes,,,,,,,,,,,,,,,,,,,,,,,,,,
16912,variable,80145B318C3,,"Camiseta gráficos M Motorsport Car/Puma, para caballero",1,0,visible,,"Corte regular.Gráfico impreso en goma en el pecho inspirado en el logo de herencia deconstruido con los colores de BMW M Motorsport y Hybrid V8. Logo de Puma en la manga. Material: 70% Algodón, 30% Algodón",,,taxable,,1,2,,0,0,,,,,1,,,,"Life Style > Camisetas, Life Style",BMW,,"https://vecsaboutique.com/wp-content/uploads/2025/02/80145B318C3-png.avif, https://vecsaboutique.com/wp-content/uploads/2025/02/80145B318C3_2-png.avif",,,,,,,,,0,BMW,talla,"L, M, S",1,1,,,,,,,,,,,,,,,,,,,,,,,,,,,,,,,,,,,,,,sync-and-show,created,synced,1773457522,,approved,yes,yes,yes,,,,,,,,,,,,,,,,,,,,,,,,,,
16914,variable,80145B318D8,,"Camiseta negra logo M Motorsport/Puma, para caballero",1,0,visible,,"Camiseta estilo clásico de cuello redondo.\nGráfico de logotipo BMW M Motorsports en la parte delantera izquierda con técnicas mixtas para crear una impresión de efecto 3D.\nLogo Puma en la manga izquierda.\nMaterial: 70% algodón, 30% algodón reciclado",,,taxable,,1,2,,0,0,,,,,1,,,,"Life Style > Camisetas, Life Style",BMW,,"https://vecsaboutique.com/wp-content/uploads/2025/02/80145B318D8-png.avif, https://vecsaboutique.com/wp-content/uploads/2025/02/80145B318D8_2-png.avif",,,,,,,,,0,BMW,talla,"L, M, S",1,1,genero,Hombre,1,1,,,,,,,,,,,,,,,,,,,,,,,,,,,,,,,,,,sync-and-show,updated,synced,1773457522,,approved,yes,yes,yes,,,,,,,,,,,,,,,,,,,,,,,,,,
16915,variable,80145B318E3,,"Chaqueta BMW M Motorsport Statement",1,0,visible,,"BMW M Motorsport Statement chaqueta cab S dark grey",,,taxable,,0,,,0,0,,,,,1,,,,"Life Style",Promoción,,"https://vecsaboutique.com/wp-content/uploads/2025/02/80145B318E3-png.avif, https://vecsaboutique.com/wp-content/uploads/2025/02/80145B318E3_2-png.avif",,,,,,,,,0,,talla,"M, S",1,1,genero,Hombre,1,1,,,,,,,,,,,,,,,,,,,,,,,,,,,,,,,,,,sync-and-show,updated,,,,,yes,yes,yes,,,,,,1,0,'@ALL,,,,product,,,,,,,,,,,1760723526,,,
16916,variable,80145B318E8,,"Camiseta deportiva negra de BMW M Motorsport, para caballero",1,0,visible,,"Camiseta suelta hecha de malla fina - cómoda y aireada - perfecta para el clima caluroso - una manifestación perfecta de apego al deporte del motor en el BMW M.\nLa camiseta no solo es una confirmación perfecta del gusto del propietario, sino que también es ideal como camiseta deportiva, ya sea para gimnasios o ejercicios al aire libre. El material de malla hecho de 100% poliéster proporciona transpirabilidad y absorbe perfectamente la humedad y se seca a la velocidad del rayo.\nColor: Negro\nCorte: Corte relajado con hombros rebajados\nGráficos distintivos del BMW M Motorsport en la parte delantera\nMaterial: malla de poliéster 100 %",,,taxable,,1,1,,0,0,,,,,1,,,,"Life Style > Camisetas, Life Style",BMW,,"https://vecsaboutique.com/wp-content/uploads/2025/02/80145B318E8-png.avif, https://vecsaboutique.com/wp-content/uploads/2025/02/80145B318E8_2-png.avif, https://vecsaboutique.com/wp-content/uploads/2025/02/80145B318E8_3-png.avif",,,,,,,,,0,BMW,talla,"L, M, S, XL",1,1,genero,Hombre,1,1,,,,,,,,,,,,,,,,,,,,,,,,,,,,,,,,,,sync-and-show,created,synced,1773457522,,approved,yes,yes,yes,,,,,,,,,,,,,,,,,,,,,,,,,,
16918,variable,80145B318F9,,"Súeter BMW M Motorsport  CGS Unisex",1,0,visible,,"<p data-start=""71"" data-end=""488"">El suéter BMW M Motorsport CGS es una prenda de alta calidad y estilo, ideal para todos los entusiastas del automovilismo. Con un ajuste relajado, proporciona un confort óptimo para el día a día. Este suéter cuenta con insignias bordadas, incluido el logo de BMW M Motorsport, que le da un aspecto dinámico y deportivo. Perfecto para aquellos que quieren mostrar su amor por el motorsport con un toque moderno y elegante. Ideal para un look casual con un toque de estilo dinámico.</p>\n\n<h4 data-start=""490"" data-end=""513""><strong data-start=""493"" data-end=""513"">Características:</strong></h4>\n<ul data-start=""514"" data-end=""712"">\n 	<li data-start=""514"" data-end=""560"">Ajuste: Relaxed fit para mayor comodidad</li>\n 	<li data-start=""561"" data-end=""608"">Insignias bordadas: Logo BMW M Motorsport</li>\n 	<li data-start=""648"" data-end=""712"">Cintura: Con cordón ajustable para un ajuste personalizado</li>\n</ul>\n<p data-start=""714"" data-end=""889"" data-is-last-node="""" data-is-only-node=""""></p>",,,taxable,,1,3,,0,0,,,,,1,,,,"Life Style, Life Style > Suéteres",,,"https://vecsaboutique.com/wp-content/uploads/2025/02/80145B318F9-png.avif, https://vecsaboutique.com/wp-content/uploads/2025/02/80145B318F9_2-png.avif",,,,,,,,,0,,talla,"L, S, XS",1,1,genero,Unisex,1,1,,,,,,,,,,,,,,,,,,,,,,,,,,,,,,,,,,sync-and-show,updated,synced,1774839650,,approved,yes,yes,yes,,,,,,,,,,,,,,,,,,,,,,,,,,
16919,variable,80145B31905,,"Camisa BMW M Motorsport/Puma CGS para caballero",1,0,visible,,"Camisa para hombre BMW M MOTORSPORT CGS\n- Silueta holgada\n- Bolsillo utilitario en el estilo de la ropa de trabajo.\n- Marca y etiqueta BMW M Motorsport.\n- Mini insignias bordadas.\n- Emblema de Puma en la manga.\n\nMaterial: 93% de nailon, 7% elastano, material tejido.\n\nColor: gris claro.",,,taxable,,1,1,,0,0,,,,,1,,,,"Life Style > Camisas, Life Style",BMW,,"https://vecsaboutique.com/wp-content/uploads/2025/02/80145B31905-png.avif, https://vecsaboutique.com/wp-content/uploads/2025/02/80145B31905_2-png.avif",,,,,,,,,0,BMW,talla,"L, M, S",1,1,genero,Hombre,1,1,color,"Gris Claro",1,1,,,,,,,,,,,,,,,,,,,,,,,,,,,,,,sync-and-show,updated,synced,1773198512,,approved,yes,yes,yes,,,,0,,,,,,,,,,,,,,,,,,,,,,
16920,variable,80145B31910,,"Camiseta BMW M Motorsport CGS, para caballero",1,0,visible,,"La camiseta BMW Motorsport CGS para hombre con parches en la parte delantera te hará sentir especial todos los días.\n- 3 parches verticales en el lado izquierdo del frente\n- Parche BMW M Motorsport en el cuello\n- Logotipo de Puma en la manga derecha\n- Corte: Ajuste relajado\n- Material: 70% algodón, 30% algodón reciclado\nTallas: S (80145B31910), M (80145B31911), L (80145B31912), XL (80145B31913), XXL (80145B31914)",,,taxable,,1,4,,0,0,,,,,1,,,,"Life Style > Camisetas, Life Style",BMW,,"https://vecsaboutique.com/wp-content/uploads/2025/02/80145B31910-png.avif, https://vecsaboutique.com/wp-content/uploads/2025/02/80145B31910_2-png.avif",,,,,,,,,0,BMW,talla,"L, M, S",1,1,genero,Hombre,1,1,,,,,,,,,,,,,,,,,,,,,,,,,,,,,,,,,,sync-and-show,created,synced,1773457522,,approved,yes,yes,yes,,,,,,,,,,,,,,,,,,,,,,,,,,
16922,variable,80145B31920,,"Camiseta BMW M Motorsport Logo",1,0,visible,,"<div class=""flex max-w-full flex-col flex-grow"">\n<div class=""min-h-8 text-message relative flex w-full flex-col items-end gap-2 whitespace-normal break-words text-start [.text-message+&amp;]:mt-5"" dir=""auto"" data-message-author-role=""assistant"" data-message-id=""b8e2ccd1-fe9f-4b0e-a840-9f3441f4fb2b"" data-message-model-slug=""gpt-4o-mini"">\n<div class=""flex w-full flex-col gap-1 empty:hidden first:pt-[3px]"">\n<div class=""markdown prose w-full break-words dark:prose-invert dark"">\n<p data-start=""78"" data-end=""374"">La prenda perfecta para las mujeres que quieren mostrar su amor por el motorsport con estilo. Con una <strong data-start=""232"" data-end=""250"">ajuste regular</strong> y un diseño moderno, esta camiseta destaca por su sencillez y elegancia, a la vez que refleja la energía dinámica de BMW M.</p>\n\n<h4 data-start=""376"" data-end=""399""><strong data-start=""379"" data-end=""399"">Características:</strong></h4>\n<ul data-start=""400"" data-end=""675"">\n 	<li data-start=""400"" data-end=""465"">Ajuste Regular: Cómoda y versátil, ideal para el día a día.</li>\n 	<li data-start=""466"" data-end=""567"">Diseño destacado: Gran logo de BMW M Motorsport en el pecho para un look deportivo y audaz.</li>\n 	<li data-start=""568"" data-end=""675"">Material: Alta calidad para ofrecer comodidad durante todo el día.</li>\n 	<li data-start=""568"" data-end=""675"">Color: Blanco</li>\n</ul>\n<p data-start=""840"" data-end=""943"" data-is-last-node="""" data-is-only-node=""""></p>\n\n</div>\n</div>\n</div>\n</div>",,,taxable,,1,1,,0,0,,,,,1,,,,"Life Style > Camisetas, Life Style",BMW,,"https://vecsaboutique.com/wp-content/uploads/2025/02/80145B31920-png.avif, https://vecsaboutique.com/wp-content/uploads/2025/02/80145B31920_2-png.avif",,,,,,,,,0,,talla,"L, M, S, XS",1,1,genero,Mujer,1,1,,,,,,,,,,,,,,,,,,,,,,,,,,,,,,,,,,sync-and-show,updated,synced,1773457522,,approved,yes,yes,yes,,,,0,,,,,,,,,,,,,,,,,,,,,,
16923,variable,80145B31926,,"Polo BMW M Motorsport  para mujer",1,0,visible,,"<p data-start=""89"" data-end=""425"">Una prenda única que combina estilo y pasión por el motorsport. Con un diseño corto y oversize, esta polo se destaca por su color vibrante y el icónico logo BMW M Motorsport , una declaración de amor por la velocidad y el estilo. Perfecta para las mujeres que desean destacar su estilo único y su afición por el motorsport.</p>\n\n<h4 data-start=""427"" data-end=""450""><strong data-start=""430"" data-end=""450"">Características:</strong></h4>\n<ul data-start=""451"" data-end=""867"">\n 	<li data-start=""451"" data-end=""517"">Ajuste Oversize: Corto pero con un toque moderno y relajado.</li>\n 	<li data-start=""518"" data-end=""623"">Colores : azul claro captura la esencia de la frescura y el dinamismo.</li>\n 	<li data-start=""624"" data-end=""736"">Detalles distintivos: Logo BMW M Motorsport en el pecho y el clásico cuello polo con tres botones.</li>\n 	<li data-start=""737"" data-end=""867"">Material ecológico: Confeccionada en 100% algodón, de los cuales el 30% es reciclado, promoviendo la sostenibilidad.</li>\n</ul>\n<p data-start=""967"" data-end=""1104"" data-is-last-node="""" data-is-only-node=""""></p>",,,taxable,,1,1,,0,0,,,,,1,,,,"Life Style > Camisetas, Life Style",BMW,,"https://vecsaboutique.com/wp-content/uploads/2025/02/80145B31926-png.avif, https://vecsaboutique.com/wp-content/uploads/2025/02/80145B31926_2-png.avif",,,,,,,,,0,,talla,"L, S",1,1,genero,Mujer,1,1,,,,,,,,,,,,,,,,,,,,,,,,,,,,,,,,,,sync-and-show,updated,synced,1773457522,,approved,yes,yes,yes,,,,,default,,,,,,,,,,,,,,,,,,,,,
16925,variable,80145B31937,,"Pantalon deportivo BMW M Motorsport",1,0,visible,,"<p data-start=""87"" data-end=""533"">Este pantalón  combinan comodidad y estilo deportivo, perfectos para las entusiastas del automovilismo que buscan prendas funcionales y con estilo. Con un ajuste normal y un cinturón alto con cordón ajustable, estos pantalones proporcionan un ajuste personalizado. Las bolsillos con cremallera reflectantes no solo ofrecen funcionalidad, sino que también aportan un toque de estilo moderno, lo mejor de la moda deportiva, sin sacrificar la funcionalidad ni el estilo. Perfectos para cualquier actividad casual o deportiva, mostrando tu conexión con BMW M Motorsport.</p>\n\n<h4 data-start=""535"" data-end=""558""><strong data-start=""538"" data-end=""558"">Características:</strong></h4>\n<ul data-start=""559"" data-end=""1074"">\n 	<li data-start=""559"" data-end=""647"">Ajuste normal: Diseño cómodo con puños cerrados para un ajuste más estilizado.</li>\n 	<li data-start=""648"" data-end=""721"">Cintura alta: Con cordón ajustable para mayor confort y ajuste.</li>\n 	<li data-start=""722"" data-end=""828"">Bolsillos prácticos: Bolsillos con cremallera reflejante para mantener tus pertenencias seguras.</li>\n 	<li data-start=""829"" data-end=""917"">Detalles de diseño: Decoración en las piernas que resalta el estilo deportivo.</li>\n 	<li data-start=""918"" data-end=""1074"">Logos de marca: Logo BMW M Motorsport en goma en el muslo derecho y logo Puma en el muslo izquierdo, mostrando tu pasión por el automovilismo.</li>\n 	<li data-start=""918"" data-end=""1074"">Material: Hechos de 70% algodón y 30% algodón reciclado, garantizando confort y sostenibilidad.</li>\n</ul>\n<p data-start=""1188"" data-end=""1394"" data-is-last-node="""" data-is-only-node=""""></p>",,,taxable,,1,1,,0,0,,,,,1,,,,"Life Style, Life Style > Pants",BMW,,"https://vecsaboutique.com/wp-content/uploads/2025/02/80145B31937-png.avif, https://vecsaboutique.com/wp-content/uploads/2025/02/80145B31937_2-png.avif",,,,,,,,,0,,talla,M,1,1,genero,Mujer,1,1,,,,,,,,,,,,,,,,,,,,,,,,,,,,,,,,,,sync-and-show,,synced,1772938862,,approved,yes,yes,yes,,,,,,,,,,,,,,,,,,,,,,,,,,
16926,variable,80145B32011,,"Sudadera MINI Blue/Outline Print, para dama",1,0,visible,,"MINI Hoodie Women s Outline PrintBlazing Blue S",,,taxable,,1,2,,0,0,,,,,1,,,,"Life Style, Life Style > Sudaderas",Promoción,,"https://vecsaboutique.com/wp-content/uploads/2025/02/80145B32011-png.avif, https://vecsaboutique.com/wp-content/uploads/2025/02/80145B32011_3-png.avif, https://vecsaboutique.com/wp-content/uploads/2025/02/80145B32011_4-png.avif",,,,,,,,,0,MINI,talla,"M, S",1,1,color,Azul,1,1,genero,Mujer,1,1,,,,,,,,,,,,,,,,,,,,,,,,,,,,,,sync-and-show,updated,synced,1773716486,Azul,approved,yes,yes,yes,,,,,,,,,,,,,,,,,,,,,,,,,,
16927,variable,80145B32017,,"Sudadera MINI Black/Outline Print, para dama",1,0,visible,,"MINI Hoodie Women s Outline PrintBlack White S",,,taxable,,1,3,,0,0,,,,,1,,,,"Life Style, Life Style > Sudaderas",Promoción,,"https://vecsaboutique.com/wp-content/uploads/2025/02/80145B32017-png.avif, https://vecsaboutique.com/wp-content/uploads/2025/02/80145B32017_2-png.avif, https://vecsaboutique.com/wp-content/uploads/2025/02/80145B32017_3-png.avif",,,,,,,,,0,MINI,talla,"M, S",1,1,color,Negro/blanco,1,1,genero,Mujer,1,1,,,,,,,,,,,,,,,,,,,,,,,,,,,,,,sync-and-show,updated,synced,1773716486,Negro/blanco,approved,yes,yes,yes,,,,,,,,,,,,,,,,,,,,,,,,,,
16928,variable,80145B32023,,"Sudadera MINI RedRebel/Outline Print, para dama",1,0,visible,,"MINI Hoodie Women s Outline PrintRebel Red S",,,taxable,,1,1,,0,0,,,,,1,,,,"Life Style, Life Style > Sudaderas",Promoción,,"https://vecsaboutique.com/wp-content/uploads/2025/02/80145B32023-png.avif, https://vecsaboutique.com/wp-content/uploads/2025/02/80145B32023_3-png.avif",,,,,,,,,0,MINI,talla,"M, S",1,1,genero,Mujer,1,1,color,Rojo,1,1,,,,,,,,,,,,,,,,,,,,,,,,,,,,,,sync-and-show,updated,synced,1773716486,Rojo,approved,yes,yes,yes,,,,,,,,,,,,,,,,,,,,,,,,,,
16929,variable,80145B32064,,"Sudadera MINI Blue/Outline Print, para caballero",1,0,visible,,"MINI Hoodie Men s Outline PrintBlazing Blue M",,,taxable,,1,2,,0,0,,,,,1,,,,"Life Style, Life Style > Sudaderas",Promoción,,"https://vecsaboutique.com/wp-content/uploads/2025/02/80145B32064-png.avif, https://vecsaboutique.com/wp-content/uploads/2025/02/80145B32064_3-png.avif, https://vecsaboutique.com/wp-content/uploads/2025/02/80145B32064_2-png.avif, https://vecsaboutique.com/wp-content/uploads/2025/02/80145B32064_4-png.avif",,,,,,,,,0,MINI,talla,M,1,1,genero,Hombre,1,1,color,Azul,1,1,,,,,,,,,,,,,,,,,,,,,,,,,,,,,,sync-and-show,updated,synced,1773716486,Azul,approved,yes,yes,yes,,,,,,,,,,,,,,,,,,,,,,,,,,
16930,variable,80145B32070,,"Sudadera MINI Black/Outline Print, para caballero",1,0,visible,,"MINI Hoodie Men s Outline PrintBlack White M",,,taxable,,1,1,,0,0,,,,,1,,,,"Life Style, Life Style > Sudaderas",Promoción,,"https://vecsaboutique.com/wp-content/uploads/2025/02/80145B32070-png.avif, https://vecsaboutique.com/wp-content/uploads/2025/02/80145B32070_3-png.avif",,,,,,,,,0,MINI,talla,"L, M",1,1,genero,Hombre,1,1,color,Negro/blanco,1,1,,,,,,,,,,,,,,,,,,,,,,,,,,,,,,sync-and-show,updated,synced,1773716486,Negro/blanco,approved,yes,yes,yes,,,,,,,,,,,,,,,,,,,,,,,,,,
16931,variable,80145B32076,,"Sudadera MINI Red/Outline Print, para caballero",1,0,visible,,"MINI Hoodie Men s Outline PrintRebel Red M",,,taxable,,1,1,,0,0,,,,,1,,,,"Life Style > Sudaderas",Promoción,,"https://vecsaboutique.com/wp-content/uploads/2025/02/80145B32076.avif, https://vecsaboutique.com/wp-content/uploads/2025/02/80145B32076_3.avif",,,,,,,,,0,MINI,talla,"L, M",1,1,genero,Hombre,1,1,color,Rojo,1,1,,,,,,,,,,,,,,,,,,,,,,,,,,,,,,sync-and-show,updated,synced,1773716486,Rojo,approved,yes,yes,yes,,,,,,,,,,,,,,,,,,,,,,,,,,
16932,variable,80145B32D73,,"Camiseta BMW M Motorsport RL, para caballero",1,0,visible,,"Con un gran estampado de BMW Art Car en la parte posterior y detalles sutiles como el logotipo de PUMA Cat en el pecho y una etiqueta de banderas de BMW M Motorsport en la costura lateral, la BMW M MOTORSPORT RL T-SHIRT hace una declaración impresionante. Fabricada en un 70 por ciento de algodón y un 30 por ciento de algodón reciclado, la camiseta blanca ofrece la máxima comodidad de uso.\n- Etiqueta de la bandera BMW M Motorsport en la costura lateral\n- Impresión gráfica de Art Car en la parte posterior\n- Corte holgado\n- Material: Algodón",,,taxable,,1,2,,0,0,,,,,1,,,,"Life Style > Camisetas, Life Style",BMW,,"https://vecsaboutique.com/wp-content/uploads/2025/02/80145B32D73.avif, https://vecsaboutique.com/wp-content/uploads/2025/02/80145B32D73_2.avif",,,,,,,,,0,BMW,talla,"M, S",1,1,,,,,,,,,,,,,,,,,,,,,,,,,,,,,,,,,,,,,,sync-and-show,created,synced,1773457522,,approved,yes,yes,yes,,,,,,,,,,,,,,,,,,,,,,,,,,
16935,variable,80162864206,,"Calcetines BMW M",1,0,visible,,"BMW M calcetineswhite 39 42",,,taxable,,0,0,,0,0,,,,,1,,,,"Life Style",Promoción,,"https://vecsaboutique.com/wp-content/uploads/2025/02/80162864206.avif, https://vecsaboutique.com/wp-content/uploads/2025/02/80162864206_2.avif",,,,,,,,,0,,talla,"L, M",1,1,,,,,,,,,,,,,,,,,,,,,,,,,,,,,,,,,,,,,,sync-and-show,updated,synced,1773716486,,approved,yes,yes,yes,,,,,,,,,,,,,,,,,,,,,,,,,,
16936,variable,80165B31957,,"Gorra tipo Panamá BMW M Motorsport L/XL, black",1,0,visible,,"Gracias al color negro y al elegante logotipo de BMW Motorsport, esta gorra panamá se convierte no solo en un accesorio de moda, sino también en una expresión de su estilo y gusto. Es ideal para hacer deporte, caminar o simplemente para relajarse bajo el sol brillante. Hecho de materiales de alta calidad, la gorra panamá proporciona comodidad y protección contra la luz solar, brindándole una sensación de ligereza y frescura durante todo el día.",,,taxable,,1,2,,0,0,,,,,1,,,,"Life Style > Gorras, Life Style",BMW,,"https://vecsaboutique.com/wp-content/uploads/2025/02/80165B31957.avif, https://vecsaboutique.com/wp-content/uploads/2025/02/80165B31957_2.avif",,,,,,,,,0,BMW,talla,XL,1,1,,,,,,,,,,,,,,,,,,,,,,,,,,,,,,,,,,,,,,sync-and-show,created,synced,1773198512,,approved,yes,yes,yes,,,,,,,,,,,,,,,,,,,,,,,,,,
16938,simple,80165B320B4,,"Gorra MINI Car Face Detail",1,0,visible,,"MINI Cap Car Face DetailBlue Indigo OS",,,taxable,,1,8,,0,0,,,,,1,,,727.20,"Life Style > Gorras, Life Style",Promoción,,"https://vecsaboutique.com/wp-content/uploads/2025/02/80165B320B4_2.avif, https://vecsaboutique.com/wp-content/uploads/2025/02/80165B320B4.avif, https://vecsaboutique.com/wp-content/uploads/2025/02/80165B320B4_3-png.avif, https://vecsaboutique.com/wp-content/uploads/2025/02/80165B320B4_4-png.avif",,,,,,,,,0,,,,,,,,,,,,,,,,,,,,,,,,,,,,,,,,,,,,,,,,,,,sync-and-show,updated,synced,1773716486,,approved,,,,,,,,,,,,,,,,,,,,,,,,,,,,,
16939,simple,80165B320B5,,"Gorra MINI Car Face Detail",1,0,visible,,"MINI Cap Car Face DetailBlack Grey OS",,,taxable,,1,7,,0,0,,,,,1,,,819.72,"Life Style > Gorras, Life Style",Promoción,,"https://vecsaboutique.com/wp-content/uploads/2025/02/80165B320B5_2-png.avif, https://vecsaboutique.com/wp-content/uploads/2025/02/80165B320B5-png.avif, https://vecsaboutique.com/wp-content/uploads/2025/02/80165B320B5_3-png.avif, https://vecsaboutique.com/wp-content/uploads/2025/02/80165B320B5_4-png.avif",,,,,,,,,0,,,,,,,,,,,,,,,,,,,,,,,,,,,,,,,,,,,,,,,,,,,sync-and-show,updated,synced,1773716486,,approved,,,,,,,,,,,,,,,,,,,,,,,,,,,1,,
16940,simple,80165B320B6,,"Gorra MINI Car Face Rebel Red, unisex",1,0,visible,,"MINI Cap Car Face DetailRed VibrantS OS",,,taxable,,1,3,,0,0,,,,,1,,,821.65,"Life Style > Gorras, Life Style",Promoción,,"https://vecsaboutique.com/wp-content/uploads/2025/02/80165B320B6_2-png.avif, https://vecsaboutique.com/wp-content/uploads/2025/02/80165B320B6-png.avif, https://vecsaboutique.com/wp-content/uploads/2025/02/80165B320B6_3-png.avif, https://vecsaboutique.com/wp-content/uploads/2025/02/80165B320B6_4-png.avif",,,,,,,,,0,MINI,,,,,,,,,,,,,,,,,,,,,,,,,,,,,,,,,,,,,,,,,,sync-and-show,updated,synced,1773716486,,approved,,,,,,,,,,,,,,,,,,,,,,,,,,,,,
16941,simple,80165B320B7,,"Gorra MINI Car Face Vibrant Silver, unisex",1,0,visible,,"MINI Cap Car Face DetailVibrantS Wht OS",,,taxable,,1,3,,0,0,,,,,1,,,821.65,"Life Style > Gorras, Life Style",Promoción,,"https://vecsaboutique.com/wp-content/uploads/2025/02/80165B320B7_2-png.avif, https://vecsaboutique.com/wp-content/uploads/2025/02/80165B320B7.avif, https://vecsaboutique.com/wp-content/uploads/2025/02/80165B320B7_3-png.avif, https://vecsaboutique.com/wp-content/uploads/2025/02/80165B320B7_4-png.avif",,,,,,,,,0,MINI,,,,,,,,,,,,,,,,,,,,,,,,,,,,,,,,,,,,,,,,,,sync-and-show,updated,synced,1773716486,,approved,,,,,,,,,,,,,,,,,,,,,,,,,,,,,
16942,simple,80212864424,,"Tarjetero BMW",1,0,visible,,"BMW Fahrzeugscheinh lleschwarz",,,taxable,,0,0,,0,0,,,,,1,,,1148.73,"Life Style > Carteras, Life Style",Promoción,,"https://vecsaboutique.com/wp-content/uploads/2025/02/80212864424-png.avif, https://vecsaboutique.com/wp-content/uploads/2025/02/80212864424_4-png.avif, https://vecsaboutique.com/wp-content/uploads/2025/02/80212864424_2-png.avif, https://vecsaboutique.com/wp-content/uploads/2025/02/80212864424_3-png.avif",,,,,,,,,0,,,,,,,,,,,,,,,,,,,,,,,,,,,,,,,,,,,,,,,,,,,sync-and-show,updated,,,,,,,,,,,,default,,,,,,,,,,,,,,,,,,1760657621,,,
16943,simple,80215B320C0,,"Cartera MINI estampado Outline",1,0,visible,,"MINI Wallet Outline PrintBlazing Blue OS",,,taxable,,0,0,,0,0,,,,,1,,,1101.56,"Life Style > Carteras, Life Style",Promoción,,"https://vecsaboutique.com/wp-content/uploads/2025/02/80215B320C0-png.avif, https://vecsaboutique.com/wp-content/uploads/2025/02/80215B320C0_5-png.avif, https://vecsaboutique.com/wp-content/uploads/2025/02/80215B320C0_2-png.avif, https://vecsaboutique.com/wp-content/uploads/2025/02/80215B320C0_3-png.avif, https://vecsaboutique.com/wp-content/uploads/2025/02/80215B320C0_4-png.avif, https://vecsaboutique.com/wp-content/uploads/2025/02/80215B320C0_6-png.avif",,,,,,,,,0,,,,,,,,,,,,,,,,,,,,,,,,,,,,,,,,,,,,,,,,,,,sync-and-show,updated,,,,,,yes,yes,,,,,,1,0,'@ALL,,,,product,,,,,,,,,,,1760743643,,,
16944,simple,80215B320C1,,"Cartera MINI Outline Print Black/White",1,0,visible,,"MINI Wallet Outline PrintBlack White OS",,,taxable,,1,1,,0,0,,,,,1,,,911.58,"Life Style",Promoción,,"https://vecsaboutique.com/wp-content/uploads/2025/02/80215B320C1-png.avif, https://vecsaboutique.com/wp-content/uploads/2025/02/80215B320C1_4-png.avif, https://vecsaboutique.com/wp-content/uploads/2025/02/80215B320C1_3-png.avif, https://vecsaboutique.com/wp-content/uploads/2025/02/80215B320C1_2-png.avif, https://vecsaboutique.com/wp-content/uploads/2025/02/80215B320C1_5-png.avif",,,,,,,,,0,MINI,,,,,,,,,,,,,,,,,,,,,,,,,,,,,,,,,,,,,,,,,,sync-and-show,updated,synced,1773716486,,approved,,,,,,,,,,,,,,,,,,,,,,,,,,,,,
16945,simple,80215B320C2,,"Cartera MINI Outline Print Rebel Red",1,0,visible,,"MINI Wallet Outline PrintRebel Red OS",,,taxable,,1,3,,0,0,,,,,1,,,889.74,"Life Style",Promoción,,"https://vecsaboutique.com/wp-content/uploads/2025/02/80215B320C2-png.avif, https://vecsaboutique.com/wp-content/uploads/2025/02/80215B320C2_4-png.avif, https://vecsaboutique.com/wp-content/uploads/2025/02/80215B320C2_2-png.avif, https://vecsaboutique.com/wp-content/uploads/2025/02/80215B320C2_3-png.avif, https://vecsaboutique.com/wp-content/uploads/2025/02/80215B320C2_5-png.avif",,,,,,,,,0,MINI,,,,,,,,,,,,,,,,,,,,,,,,,,,,,,,,,,,,,,,,,,sync-and-show,updated,synced,1773716486,,approved,,,,,,,,,,,,,,,,,,,,,,,,,,,,,
16946,simple,80225B320C4,,"Mochila MINI Outline Print Black/White",1,0,visible,,"MINI Backpack Outline PrintBlack White",,,taxable,,1,1,,0,0,,,,,1,,,1736.21,"Life Style, Life Style > Mochilas",Promoción,,"https://vecsaboutique.com/wp-content/uploads/2025/02/80225B320C4.avif, https://vecsaboutique.com/wp-content/uploads/2025/02/80225B320C4_5-png.avif, https://vecsaboutique.com/wp-content/uploads/2025/02/80225B320C4_2-png.avif, https://vecsaboutique.com/wp-content/uploads/2025/02/80225B320C4_4-png.avif, https://vecsaboutique.com/wp-content/uploads/2025/02/80225B320C4_3-png.avif",,,,,,,,,0,MINI,,,,,,,,,,,,,,,,,,,,,,,,,,,,,,,,,,,,,,,,,,sync-and-show,updated,synced,1773716486,,approved,,,,,,,,,,,,,,,,,,,,,,,,,,,,,
16947,simple,80225B320D3,,"Bolso de Viaje MINI Car Face Detail",1,0,visible,,"MINI Duffle Bag Car Face DetailGrey White",,,taxable,,0,0,,0,0,,,,,1,,,2104.12,"Life Style > Bolsos, Life Style",Promoción,,"https://vecsaboutique.com/wp-content/uploads/2025/02/80225B320D3-png.avif, https://vecsaboutique.com/wp-content/uploads/2025/02/80225B320D3_3-png.avif, https://vecsaboutique.com/wp-content/uploads/2025/02/80225B320D3_2-png.avif, https://vecsaboutique.com/wp-content/uploads/2025/02/80225B320D3_4-png.avif",,,,,,,,,0,,,,,,,,,,,,,,,,,,,,,,,,,,,,,,,,,,,,,,,,,,,sync-and-show,created,synced,1760484435,,,,,,,,,,,,,,,,,,,,,,,,,,,,,,,
16948,simple,80225B320D4,,"Bolso de viaje MINI Duffle Red/Vibrant Silver",1,0,visible,,"MINI Duffle Bag Car Face DetailRed VibrantS",,,taxable,,1,1,,0,0,,,,,1,,,2471.49,"Life Style > Bolsos, Life Style",Promoción,,"https://vecsaboutique.com/wp-content/uploads/2025/02/80225B320D4-png.avif, https://vecsaboutique.com/wp-content/uploads/2025/02/80225B320D4_3-png.avif, https://vecsaboutique.com/wp-content/uploads/2025/02/80225B320D4_2-png.avif, https://vecsaboutique.com/wp-content/uploads/2025/02/80225B320D4_4-png.avif",,,,,,,,,0,MINI,,,,,,,,,,,,,,,,,,,,,,,,,,,,,,,,,,,,,,,,,,sync-and-show,updated,synced,1773716486,,approved,,,,,,,,,,,,,,,,,,,,,,,,,,,,,
16949,simple,80225B320D5,,"Bolso MINI Soft Wing Logo",1,0,visible,,"MINI Pouch Soft Wing LogoIndigo",,,taxable,,1,2,,0,0,,,,,1,,,497.94,"Life Style",Promoción,,"https://vecsaboutique.com/wp-content/uploads/2025/02/80225B320D5-png.avif, https://vecsaboutique.com/wp-content/uploads/2025/02/80225B320D5_3-png.avif, https://vecsaboutique.com/wp-content/uploads/2025/02/80225B320D5_2-png.avif",,,,,,,,,0,MINI,,,,,,,,,,,,,,,,,,,,,,,,,,,,,,,,,,,,,,,,,,sync-and-show,updated,synced,1773716486,,approved,,,,,,,,,,,,,,,,,,,,,,,,,,,,,
16950,simple,80225B320D8,,"Bolso de viaje MINI Soft Wing",1,0,visible,,"MINI Traveller Bag Soft Wing LogoIndigo",,,taxable,,0,0,,0,0,,,,,1,,,3071.80,"Life Style > Bolsos, Life Style",Promoción,,"https://vecsaboutique.com/wp-content/uploads/2025/02/80225B320D8-png.avif, https://vecsaboutique.com/wp-content/uploads/2025/02/80225B320D8_3-png.avif, https://vecsaboutique.com/wp-content/uploads/2025/02/80225B320D8_4-png.avif, https://vecsaboutique.com/wp-content/uploads/2025/02/80225B320D8_2-png.avif, https://vecsaboutique.com/wp-content/uploads/2025/02/80225B320D8_5-png.avif",,,,,,,,,0,,,,,,,,,,,,,,,,,,,,,,,,,,,,,,,,,,,,,,,,,,,sync-and-show,updated,,,,,,yes,yes,,,,,,1,0,'@ALL,,,,product,,,,,,,,,,,1760735774,,,
16957,simple,80252864415,,"Gafas de sol polarizadas BMW Motorsport",1,0,visible,,"Logotipo BMW M Motorsport en blanco a tono en las patillas. Estilo fácil de llevar con detalle de goma en los extremos de las patillas. Lentes polarizadas.",,,taxable,,1,3,,0,0,,,,,1,,,1927.28,"Life Style > Gafas, Life Style",BMW,,"https://vecsaboutique.com/wp-content/uploads/2025/02/80252864415_2-png.avif, https://vecsaboutique.com/wp-content/uploads/2025/02/80252864415-png.avif, https://vecsaboutique.com/wp-content/uploads/2025/02/80252864415_3-png.avif",,,,,,,,,0,BMW,genero,Unisex,1,1,color,Negro,1,1,,,,,,,,,,,,,,,,,,,,,,,,,,,,,,,,,,sync-and-show,created,synced,1773198512,Negro,approved,,,,,,,0,,,,,,,,,,,,,,,,,,,,,,
16958,simple,80275A87977,,"Llavero de metal logotipo BMW M color",1,0,visible,,"BMW M llavero con logotipoMetal",,,taxable,,1,3,,0,0,,,,,1,,,918.08,"Life Style, Life Style > Llaveros & Portallaves",Promoción,,"https://vecsaboutique.com/wp-content/uploads/2025/02/80275A87977.avif, https://vecsaboutique.com/wp-content/uploads/2025/02/80275A87977_3-png.avif, https://vecsaboutique.com/wp-content/uploads/2025/02/80275A87977_2-png.avif, https://vecsaboutique.com/wp-content/uploads/2025/02/80275A87977_4-png.avif",,,,,,,,,0,BMW,,,,,,,,,,,,,,,,,,,,,,,,,,,,,,,,,,,,,,,,,,sync-and-show,updated,synced,1773716486,,approved,,,,,,,,,,,,,,,,,,,,,,,,,,,,,
16959,simple,80275A87989,,"Llavero BMW THE X5, Metal",1,0,visible,,"Llavero BMW X5Metal",,,taxable,,1,8,,0,0,,,,,1,,,918.08,"Life Style, Life Style > Llaveros & Portallaves",Promoción,,"https://vecsaboutique.com/wp-content/uploads/2025/02/80275A87989-png.avif, https://vecsaboutique.com/wp-content/uploads/2025/02/80275A87989_3-png.avif, https://vecsaboutique.com/wp-content/uploads/2025/02/80275A87989_2-png.avif, https://vecsaboutique.com/wp-content/uploads/2025/02/80275A87989_4-png.avif",,,,,,,,,0,BMW,,,,,,,,,,,,,,,,,,,,,,,,,,,,,,,,,,,,,,,,,,sync-and-show,updated,synced,1773716486,,approved,,,,,,,,,,,,,,,,,,,,,,,,,,,,,
16960,simple,80275B320E7,,"Llavero MINI Wing Logo Silver/Black",1,0,visible,,"MINI Keyring Wing Logosilver black",,,taxable,,1,1,,0,0,,,,,1,,,612.35,"Life Style, Life Style > Llaveros & Portallaves",Promoción,,"https://vecsaboutique.com/wp-content/uploads/2025/02/80275B320E7-png.avif, https://vecsaboutique.com/wp-content/uploads/2025/02/80275B320E7_2-png.avif, https://vecsaboutique.com/wp-content/uploads/2025/02/80275B320E7_3-png.avif",,,,,,,,,0,MINI,,,,,,,,,,,,,,,,,,,,,,,,,,,,,,,,,,,,,,,,,,sync-and-show,updated,synced,1773716486,,approved,,,,,,,,,,,,,,,,,,,,,,,,,,,,,
16961,simple,80285B32121,,"Pin MINI Cooper",1,0,visible,,"MINI Pin CooperSilver",,,taxable,,0,0,,0,0,,,,,1,,,148.86,"Life Style",Promoción,,"https://vecsaboutique.com/wp-content/uploads/2025/02/80285B32121-png.avif, https://vecsaboutique.com/wp-content/uploads/2025/02/80285B32121_4-png.avif, https://vecsaboutique.com/wp-content/uploads/2025/02/80285B32121_2-png.avif, https://vecsaboutique.com/wp-content/uploads/2025/02/80285B32121_3-png.avif, https://vecsaboutique.com/wp-content/uploads/2025/02/80285B32121_5-png.avif",,,,,,,,,0,,,,,,,,,,,,,,,,,,,,,,,,,,,,,,,,,,,,,,,,,,,sync-and-show,updated,,,,,,yes,yes,,,,,,1,0,'@ALL,,,,product,,,,,,,,,,,1760659589,,,
16962,simple,80432454790,,"Miniatura del BMW 1800ti de la colección Heritage Racing",1,0,visible,,"BMW miniatura Heritage 1800 ti 1 18motorsport 18",,,taxable,,1,4,,0,0,,,,,1,,,1993.74,"Life Style > Juguetes & Coleccionables, Life Style",,,"https://vecsaboutique.com/wp-content/uploads/2025/02/80432454790-png.avif, https://vecsaboutique.com/wp-content/uploads/2025/02/80432454790_2-png.avif",,,,,,,,,0,BMW,,,,,,,,,,,,,,,,,,,,,,,,,,,,,,,,,,,,,,,,,,sync-and-show,updated,synced,1773802827,,approved,,,,,,,0,default,,,,,,,,,,,,,,,,,,,,,
16963,simple,80432864218,,"Miniatura BMW 3.0 CSL 50 años",1,0,visible,,"BMW Miniatur 3 0 CSL BJ 2022 1 18white",,,taxable,,1,2,,0,0,,,,,1,,,2417.59,"Life Style > Juguetes & Coleccionables, Life Style",Promoción,,"https://vecsaboutique.com/wp-content/uploads/2025/02/80432864218_-png.avif, https://vecsaboutique.com/wp-content/uploads/2025/02/80432864218_2-png.avif, https://vecsaboutique.com/wp-content/uploads/2025/02/80432864218_3-png.avif",,,,,,,,,0,BMW,,,,,,,,,,,,,,,,,,,,,,,,,,,,,,,,,,,,,,,,,,sync-and-show,updated,synced,1773716486,,approved,,,,,,,0,,,,,,,,,,,,,,,,,,,,,,
16964,simple,80435A072D8,,"BMW a Escala Vision M NEXT",1,0,visible,,"BMW Vision M NEXTgrau orange 18",,,taxable,,0,0,,0,0,,,,,1,,,2778.59,"Life Style > Juguetes & Coleccionables, Life Style",Promoción,,"https://vecsaboutique.com/wp-content/uploads/2025/02/80435A072D8-png.avif, https://vecsaboutique.com/wp-content/uploads/2025/02/80435A072D8_2-png.avif",,,,,,,,,0,,,,,,,,,,,,,,,,,,,,,,,,,,,,,,,,,,,,,,,,,,,sync-and-show,updated,,,,,,yes,yes,,,,,,1,0,'@ALL,,,,product,,,,,,,,,,,1760744486,,,
16965,simple,80435A21533,,"Miniatura BMW F850 GS (K81) 1:10 Edición 40 Años.",1,0,visible,,"BMW motocicl miniatur F850 GS K81 1 1040 Years Edit",,,taxable,,1,4,,0,0,,,,,1,,,3027.41,"Life Style > Juguetes & Coleccionables, Life Style",Promoción,,"https://vecsaboutique.com/wp-content/uploads/2025/02/80435A21533-png.avif, https://vecsaboutique.com/wp-content/uploads/2025/02/80435A21533_2-png.avif, https://vecsaboutique.com/wp-content/uploads/2025/02/80435A21533_3-png.avif",,,,,,,,,0,BMW,,,,,,,,,,,,,,,,,,,,,,,,,,,,,,,,,,,,,,,,,,sync-and-show,updated,synced,1773716486,,approved,,,,,,,,,,,,,,,,,,,,,,,,,,,,,
16966,simple,80435A51946,,"Miniatura BMW M8 GTE 1:18 Racing livery",1,0,visible,,"BMW miniatura M8 GTE 1 18Racing livery",,,taxable,,1,2,,0,0,,,,,1,,,2640.42,"Life Style > Juguetes & Coleccionables, Life Style",Promoción,,"https://vecsaboutique.com/wp-content/uploads/2025/02/80435A51946-png.avif, https://vecsaboutique.com/wp-content/uploads/2025/02/80435A51946_3_-png.avif, https://vecsaboutique.com/wp-content/uploads/2025/02/80435A51946_2-png.avif",,,,,,,,,0,BMW,,,,,,,,,,,,,,,,,,,,,,,,,,,,,,,,,,,,,,,,,,sync-and-show,updated,synced,1773716486,,approved,,,,,,,,,,,,,,,,,,,,,,,,,,,,,
16967,simple,80435A51948,,"Miniatura BMW M3 (G80), 1:18 Green metallic",1,0,visible,,"BMW Miniatur M3 G80 1 18green metallic",,,taxable,,1,3,,0,0,,,,,1,,,2640.42,"Life Style > Juguetes & Coleccionables, Life Style",Promoción,,"https://vecsaboutique.com/wp-content/uploads/2025/02/80435A51948-png.avif, https://vecsaboutique.com/wp-content/uploads/2025/02/80435A51948_4-png.avif, https://vecsaboutique.com/wp-content/uploads/2025/02/80435A51948_2-png.avif, https://vecsaboutique.com/wp-content/uploads/2025/02/80435A51948_3-png.avif",,,,,,,,,0,BMW,,,,,,,,,,,,,,,,,,,,,,,,,,,,,,,,,,,,,,,,,,sync-and-show,updated,synced,1773716486,,approved,,,,,,,,,,,,,,,,,,,,,,,,,,,,,
16968,simple,80435A51949,,"Miniatura BMW  M4 (G82), 1:18 Sao Paolo Yellow",1,0,visible,,"BMW Miniatur M4 G82 1 18yellow",,,taxable,,1,2,,0,0,,,,,1,,,2640.42,"Life Style > Juguetes & Coleccionables",Promoción,,"https://vecsaboutique.com/wp-content/uploads/2025/02/80435A51949-png.avif, https://vecsaboutique.com/wp-content/uploads/2025/02/80435A51949_3-png.avif, https://vecsaboutique.com/wp-content/uploads/2025/02/80435A51949_2-png.avif",,,,,,,,,0,BMW,,,,,,,,,,,,,,,,,,,,,,,,,,,,,,,,,,,,,,,,,,sync-and-show,updated,synced,1773716486,,approved,yes,yes,,,,,,,,,,,,,product,,,,,,,,,,,,,,24265793506376293
16969,simple,80435A51950,,"Miniatura BMW 507 1:18 Red",1,0,visible,,"BMW Miniature 507, 1:18. Una necesidad absoluta para el estante del coleccionista para todos los fans del BMW 507. El rojo vibrante y el plateado brillante convierten a la miniatura a escala 1:18 en un auténtico trofeo.\nMaterial: Metal fundido con piezas de plástico.",,,taxable,,1,3,,0,0,,,,,1,,,2012.21,"Life Style > Juguetes & Coleccionables, Life Style",BMW,,"https://vecsaboutique.com/wp-content/uploads/2025/02/80435A51950-png.avif, https://vecsaboutique.com/wp-content/uploads/2025/02/80435A51950_3-png.avif, https://vecsaboutique.com/wp-content/uploads/2025/02/80435A51950_2-png.avif",,,,,,,,,0,BMW,,,,,,,,,,,,,,,,,,,,,,,,,,,,,,,,,,,,,,,,,,sync-and-show,created,synced,1773457522,,approved,,,,,,,,,,,,,,,,,,,,,,,,,,,,,,
16970,simple,80435A51951,,"Miniatura BMW M4 Cabrio (G83), 1:18 Blue metallic",1,0,visible,,"El BMW M4 Cabrio a escala 1:18 es un modelo de coleccionista hecho con precisión que sin duda atraerá la atención de los entusiastas de BMW. Hecho de fundición a presión de alta calidad utilizando componentes de plástico, este modelo presenta detalles, que reflejan las características características del vehículo original.\n- Escala: 1:18.\n- Material:Metal fundido a presión con elementos de plástico.\n- Color: Azul.",,,taxable,,1,3,,0,0,,,,,1,,,2640.42,"Life Style > Juguetes & Coleccionables, Life Style",BMW,,"https://vecsaboutique.com/wp-content/uploads/2025/02/80435A51951.avif, https://vecsaboutique.com/wp-content/uploads/2025/02/80435A51951_2-png.avif, https://vecsaboutique.com/wp-content/uploads/2025/02/80435A51951_3-png.avif",,,,,,,,,0,BMW,,,,,,,,,,,,,,,,,,,,,,,,,,,,,,,,,,,,,,,,,,sync-and-show,created,synced,1773457522,,approved,,,,,,,,,,,,,,,,,,,,,,,,,,,,,,
16971,simple,80435A5D002,,"Miniatura BMW M4 GT3, 1:18 Racing Livery",1,0,visible,,"<p data-start=""100"" data-end=""340"">La BMW M4 GT3 a escala es una pieza imprescindible para los coleccionistas, representado de manera detallada y fiel, mostrando el rendimiento extremo y el diseño característico de BMW en sus vehículos de competición.</p>\n<p data-start=""342"" data-end=""375"">Características del Producto:</p>\n\n<ul data-start=""376"" data-end=""920"">\n 	<li data-start=""376"" data-end=""394"">Escala: 1:18</li>\n 	<li data-start=""395"" data-end=""462"">Color: Detalles precisos y fieles a la versión de competición</li>\n 	<li data-start=""824"" data-end=""920"">Fabricación: Alta calidad en materiales y detalles para reflejar la versión real de la M4 GT3</li>\n</ul>\n<p data-start=""1165"" data-end=""1414"" data-is-last-node="""" data-is-only-node=""""></p>",,,taxable,,1,4,,0,0,,,,,1,,,2640.42,"Life Style > Juguetes & Coleccionables",,,"https://vecsaboutique.com/wp-content/uploads/2025/02/80435A5D002-png.avif, https://vecsaboutique.com/wp-content/uploads/2025/02/80435A5D002_2-png.avif, https://vecsaboutique.com/wp-content/uploads/2025/02/80435A5D002_3-png.avif",,,,,,,,,0,BMW,,,,,,,,,,,,,,,,,,,,,,,,,,,,,,,,,,,,,,,,,,sync-and-show,updated,synced,1774580453,,approved,yes,yes,,,,,,,,,,,,,product,,,,,,,,,,,,,,24562592640038792,
16972,simple,80435A5D018,,"Miniatura BMW M3 (E30), 1:18 Red",1,0,visible,,"Una miniatura del icónico BMW E30 M3 reproducida en los detalles más pequeños: el acabado del motor y el chasis de acuerdo con el diseño de 1987.\n- Color: rojo.\n- Escala: 1:18.\n- Material: Metal fundido a presión con elementos de plástico.\n- Fabricante: Minichamps®.\n- Se incluye una caja dedicada.",,,taxable,,1,3,,0,0,,,,,1,,,2539.13,"Life Style > Juguetes & Coleccionables, Life Style",BMW,,"https://vecsaboutique.com/wp-content/uploads/2025/02/80435A5D018-png.avif, https://vecsaboutique.com/wp-content/uploads/2025/02/80435A5D018_2-png.avif, https://vecsaboutique.com/wp-content/uploads/2025/02/80435A5D018_3-png.avif, https://vecsaboutique.com/wp-content/uploads/2025/02/80435A5D018_3-1.avif",,,,,,,,,0,BMW,,,,,,,,,,,,,,,,,,,,,,,,,,,,,,,,,,,,,,,,,,sync-and-show,created,synced,1773457522,,approved,,,,,,,,,,,,,,,,,,,,,,,,,,,,,,
16973,simple,80435A5D020,,"Miniatura BMW 3.0 CSL, 1:18 White",1,0,visible,,"BMW Miniatur 3 0 CSL 1 18white",,,taxable,,1,4,,0,0,,,,,1,,,1998.36,"Life Style > Juguetes & Coleccionables, Life Style",,,"https://vecsaboutique.com/wp-content/uploads/2025/02/80435A5D020-png.avif, https://vecsaboutique.com/wp-content/uploads/2025/02/80435A5D020_2-png.avif",,,,,,,,,0,BMW,,,,,,,,,,,,,,,,,,,,,,,,,,,,,,,,,,,,,,,,,,sync-and-show,updated,synced,1773716486,,approved,,yes,yes,,,,,,,,,,,,product,,,,,,,,,,,,,,,
16974,simple,80435A8F228,,"Miniatura BMW 328, 1:18 White",1,0,visible,,"BMW Miniatur 328 1 18white",,,taxable,,1,6,,0,0,,,,,1,,,2417.59,"Life Style > Juguetes & Coleccionables, Life Style",Promoción,,"https://vecsaboutique.com/wp-content/uploads/2025/02/80435A8F228-png.avif, https://vecsaboutique.com/wp-content/uploads/2025/02/80435A8F228_2-png.avif",,,,,,,,,0,BMW,,,,,,,,,,,,,,,,,,,,,,,,,,,,,,,,,,,,,,,,,,sync-and-show,updated,synced,1773716486,,approved,,,,,,,,,,,,,,,,,,,,,,,,,,,,,,
16975,simple,80445A627A0,,"Miniatura BMW RC M8 GTE 1:18 Racing livery",1,0,visible,,"El BMW M8 GTE de radiocontrol viene como un kit de 66 piezas. Las características clave del BMW M8 GTE incluyen un compartimento de motor detallado completo, neumáticos de goma sintética sólida, interior reproducido de forma realista y viene como un kit de modelo de precisión listo para montar.",,,taxable,,0,0,,0,0,,,,,1,,,715.26,"Life Style > Juguetes & Coleccionables, Life Style",BMW,,"https://vecsaboutique.com/wp-content/uploads/2025/02/80445A627A0-png.avif, https://vecsaboutique.com/wp-content/uploads/2025/02/80445A627A0_3-png.avif, https://vecsaboutique.com/wp-content/uploads/2025/02/80445A627A0_2-png.avif",,,,,,,,,0,BMW,,,,,,,,,,,,,,,,,,,,,,,,,,,,,,,,,,,,,,,,,,sync-and-show,updated,,,,,,yes,yes,,,,,,1,0,'@ALL,,,,product,,,,,,,,,,,1761843854,,,,
16976,simple,80915A21509,,"Bicicleta BMW M 28"", Black, S",1,0,visible,,"La bici BMW con rayas ""M Motorsport"" impresiona con elementos deportivos y detalles de carbono. El diseño del marco está inspirado en la moda para bicicletas fijas y desarrollado en cooperación con Designworks. Agarres deportivos para un agarre más fiable. La horquilla, el anillo de la columna de dirección y la tijula del asiento están hechos de carbono, lo que reduce el peso y aumenta la rigidez. Sillín deportivo ligero en negro. Freno de disco hidráulico en la parte delantera y trasera.\n- Marco: aluminio.\n- Frenos: Shimano 180 mm (delantero), 160 mm (trasero).\n- Horquilla: carbono.\n- Sillín: Selle Royal Mach 2, negro.\n- Interruptor: Shimano SLX / XT, 11 velocidades (transmisión de cadena).\n- Neumáticos: Continental Grand Sport Extra.\n- Llantas: Rody Airline Corsa 28′′, negro.\n- Empuñaduras: Ergon GE-1.\n- Peso: 12,5 kg.\nTamaños de marco proporcionados para la altura: S (160 -175 cm), M (175 -185 cm), L (desde 185 cm)",,,taxable,,1,1,,0,0,,,,,1,,,19925.91,"Life Style > Bicicletas, Life Style",BMW,,https://vecsaboutique.com/wp-content/uploads/2025/02/80915A21509.avif,,,,,,,,,0,BMW,,,,,,,,,,,,,,,,,,,,,,,,,,,,,,,,,,,,,,,,,,sync-and-show,created,synced,1773457522,,approved,,,,,,,,,,,,,,,,,,,,,,,,,,,,,,
16979,simple,80935B32130,,"MINI All4 Baby Bike Chili",1,0,visible,,"MINI All4 Baby BikeChili Red",,,taxable,,1,4,,0,0,,,,,1,,,1919.85,"Life Style > Juguetes & Coleccionables, Life Style",Promoción,,"https://vecsaboutique.com/wp-content/uploads/2025/02/80935B32130.avif, https://vecsaboutique.com/wp-content/uploads/2025/02/80935B32130_3.avif, https://vecsaboutique.com/wp-content/uploads/2025/02/80935B32130_2.avif",,,,,,,,,0,,,,,,,,,,,,,,,,,,,,,,,,,,,,,,,,,,,,,,,,,,,sync-and-show,updated,synced,1773716486,,approved,,,,,,,,,,,,,,,,,,,,,,,,,,,,,,
16980,simple,80935B32131,,"Bicicleta infantil MINI Balance Red",1,0,visible,,"MINI Balance Bike AluChili Red",,,taxable,,1,3,,0,0,,,,,1,,,6905.46,"Life Style > Bicicletas, Life Style",Promoción,,"https://vecsaboutique.com/wp-content/uploads/2025/02/80935B32131.avif, https://vecsaboutique.com/wp-content/uploads/2025/02/80935B32131_2.avif",,,,,,,,,0,MINI,,,,,,,,,,,,,,,,,,,,,,,,,,,,,,,,,,,,,,,,,,sync-and-show,updated,synced,1773716486,,approved,,,,,,,,,,,,,,,,,,,,,,,,,,,,,,
17301,variation,76127913811,,"Chamarra BMW Motorrad Mitte, para Hombre - M, Hombre",1,0,visible,,"Jacket Mitte men dark blueM",,,taxable,parent,1,1,,0,0,,,,,0,,,10994.92,,,,,,,76127913810,,,,,,1,,talla,M,,1,genero,Hombre,,1,,,,,,,,,,,,,,,,,,,,,,,,,,,,,,,,,,,,synced,1773802827,,approved,,yes,yes,,,,,,,,,,,,product,,,,,,,,,,,,,,,
17302,variation,,,"Chamarra BMW Motorrad Mitte, para Hombre - S, Hombre",1,0,visible,,,,,taxable,parent,0,0,,0,0,,,,,0,,,10994.92,,,,,,,76127913810,,,,,,2,,talla,S,,1,genero,Hombre,,1,,,,,,,,,,,,,,,,,,,,,,,,,,,,,,,,,,,,,,,,,yes,yes,,,,,,,,,,,,product,,,,,,,,,,,,,,,
17358,variation,80142864068,,"Camiseta Bolsillo Diagonal Logo BMW M, para caballero - L",1,0,visible,,"Camiseta BMW M caballeroblack L",,,taxable,parent,1,2,,0,0,,,,,0,,,1131.52,,,,,,,80142864066,,,,,,1,,talla,L,,1,,,,,,,,,,,,,,,,,,,,,,,,,,,,,,,,,,,,,,,pending_delete,synced,1773716486,,approved,,,,,,,,,,,,,,,,,,,,,,,,,,,,,,
17359,variation,80142864067,,"Camiseta Bolsillo Diagonal Logo BMW M, para caballero - M",0,0,visible,,"Camiseta BMW M caballeroblack M",,,taxable,parent,1,1,,0,0,,,,,0,,,1131.52,,,,,,,80142864066,,,,,,2,BMW,talla,M,,1,,,,,,,,,,,,,,,,,,,,,,,,,,,,,,,,,,,,,,,deleted,,,,,,,,,,,,,,,,,,,,,,,,,,,,,,,,,,
17360,variation,,,"Camiseta Bolsillo Diagonal Logo BMW M, para caballero - S",1,0,visible,,,,,taxable,parent,1,1,,0,0,,,,,0,,,1131.52,,,,,,,80142864066,,,,,,3,,talla,S,,1,,,,,,,,,,,,,,,,,,,,,,,,,,,,,,,,,,,,,,,pending_delete,synced,1773716486,,approved,,,,,,,,,,,,,,,,,,,,,,,,,,,,,,
17377,variation,76218536392,,"Guantes GS Rallye - 10",1,0,visible,,"Guantes GS Rallye ndigo10",,,taxable,parent,0,0,,0,0,,,,,0,,,2331.00,,,,,,,76218536390,,,,,,1,,talla,10,,1,,,,,,,,,,,,,,,,,,,,,,,,,,,,,,,,,,,,,,,,,,,,,no,yes,,,,,,,,,,,,product,,,,,,,,,,,,,,,
17378,variation,,,"Guantes GS Rallye - 8",1,0,visible,,,,,taxable,parent,0,0,,0,0,,,,,0,,,2331.00,,,,,,,76218536390,,,,,,2,,talla,8,,1,,,,,,,,,,,,,,,,,,,,,,,,,,,,,,,,,,,,,,,,,,,,,no,yes,,,,,,,,,,,,product,,,,,,,,,,,,,,,
17379,variation,76218536391,,"Guantes GS Rallye - 9",1,0,visible,,"Guantes GS Rallye ndigo9",,,taxable,parent,0,0,,0,0,,,,,0,,,2331.00,,,,,,,76218536390,,,,,,3,,talla,9,,1,,,,,,,,,,,,,,,,,,,,,,,,,,,,,,,,,,,,,,,,,,,,,no,yes,,,,,,,,,,,,product,,,,,,,,,,,,,,,
17380,variation,,,"Sudadera MINI de rayas, para niños - 2 - 3 años, Niño",1,0,visible,,,,,taxable,parent,1,1,,0,0,,,,,0,,,824.15,,,,,,,80142463248,,,,,,1,,talla,"2 - 3 años",,1,genero,Niño,,1,,,,,,,,,,,,,,,,,,,,,,,,,,,,,,,,,,,pending_delete,synced,1772938862,,approved,,,,,,,,,,,,,,,,,,,,,,,,,,,,,,
17389,variation,80142864087,,"Camiseta BMW M - L, Mujer",1,0,visible,,"Camiseta BMW M se orablack L",,,taxable,parent,0,0,,0,0,,,,,0,,,1037.63,,,,,,,80142864086,,,,,,1,,talla,L,,1,genero,Mujer,,1,,,,,,,,,,,,,,,,,,,,,,,,,,,,,,,,,,,,,,,,,yes,yes,,,,,,,,,,,,product,,,,,,,,,,,1760744416,,,,
17390,variation,,,"Camiseta BMW M - M, Mujer",1,0,visible,,,,,taxable,parent,0,0,,0,0,,,,,0,,,1037.63,,,,,,,80142864086,,,,,,2,,talla,M,,1,genero,Mujer,,1,,,,,,,,,,,,,,,,,,,,,,,,,,,,,,,,,,,,,,,,,yes,yes,,,,,,,,,,,,product,,,,,,,,,,,,,,,
17392,variation,76218536398,,"Guantes para motociclista  BMW Motorrad GS Rallye, Unisex",1,0,visible,,"Guantes GS Rallye negros9",,,taxable,parent,1,1,,0,0,,,,,0,,,2630.45,,,,,,,76218536395,,,,,,1,,talla,9,,1,genero,Unisex,,1,color,Negro,,1,,,,,,,,,,,,,,,,,,,,,,,,,,,,,,,,synced,1773716486,Negro,approved,,,,,,,,,,,,,,,,,,,,,,,,,,,,,,
17404,variation,,,"Camiseta BMW Logo Tonal - S, Mujer",1,0,visible,,,,,taxable,parent,1,2,,0,0,,,,,0,,,691.39,,,,,,,80142864146,,,,,,1,,talla,S,,1,genero,Mujer,,1,,,,,,,,,,,,,,,,,,,,,,,,,,,,,,,,,,,,synced,1773457522,,approved,,,,,,,,,,,,,,,,,,,,,,,,,,,,,,
17405,variation,,,"Camiseta BMW Logo Tonal - XS, Mujer",1,0,visible,,,,,taxable,parent,1,1,,0,0,,,,,0,,,691.39,,,,,,,80142864146,,,,,,2,,talla,XS,,1,genero,Mujer,,1,,,,,,,,,,,,,,,,,,,,,,,,,,,,,,,,,,,,synced,1773457522,,approved,,,,,,,,,,,,,,,,,,,,,,,,,,,,,,
17419,variation,80142864180,,"Sudadera deportiva Logo BMW, unisex",0,0,visible,,"BMW sudadera dep Logo tonal unisexdark blue M",,,taxable,parent,1,1,,0,0,,,,,0,,,1711.28,,,,,,,80142864179,,,,,,1,BMW,talla,M,,1,genero,Unisex,,1,color,"Azul marino",,1,,,,,,,,,,,,,,,,,,,,,,,,,,,,,,,deleted,,,"Azul marino",,,,,,,,,,,,,,,,,,,,,,,,,,,,,,,
17420,variation,,,"Sudadera deportiva Logo BMW, unisex",1,0,visible,,,,,taxable,parent,1,1,,0,0,,,,,0,,,1711.28,,,,,,,80142864179,,,,,,2,,talla,S,,1,genero,Unisex,,1,color,"Azul marino",,1,,,,,,,,,,,,,,,,,,,,,,,,,,,,,,,,synced,1773716486,"Azul marino",approved,,,,,,,,,,,,,,,,,,,,,,,,,,,,,,
17427,variation,80142864243,,"Polo Blanco BMW M Motorsport",1,0,visible,,"BMW M Motorsport polo caballerowhite L",,,taxable,parent,0,0,,0,0,,,,,0,,,740.59,,,,,,,80142864241,,,,,,1,,talla,L,,1,genero,,,1,color,,,1,,,,,,,,,,,,,,,,,,,,,,,,,,,,,,,,,,,,,yes,yes,,,,,,,,,,,,product,,,,,,,,,,,,,,,
17428,variation,,,"Polo Blanco BMW M Motorsport",1,0,visible,,,,,taxable,parent,0,0,,0,0,,,,,0,,,740.59,,,,,,,80142864241,,,,,,2,,talla,S,,1,genero,,,1,color,,,1,,,,,,,,,,,,,,,,,,,,,,,,,,,,,,,,pending,1760659509,,,,yes,yes,,,,,,,,,,,,product,,,,,,,,,,,1760659542,,,,
17435,variation,80145B318A4,,"Sudadera con capucha BMW M Motorsport, para caballero - M",1,0,visible,,,,,taxable,parent,0,0,,0,0,,,,,0,,,1443.19,,,,,,,80145B318A3,,,,,,1,,talla,M,,1,genero,,,1,,,,,,,,,,,,,,,,,,,,,,,,,,,,,,,,,,,,,,,,,,,,,,,,,,,,,,,,,,,,,,,,,,,,,
17436,variation,,,"Sudadera con capucha BMW M Motorsport, para caballero - S",1,0,visible,,,,,taxable,parent,1,1,,0,0,,,,,0,,,1443.19,,,,,,,80145B318A3,,,,,,2,,talla,S,,1,genero,,,1,,,,,,,,,,,,,,,,,,,,,,,,,,,,,,,,,,,pending_delete,synced,1773457522,,approved,,,,,,,,,,,,,,,,,,,,,,,,,,,,,,
17445,variation,80145B318B5,,"Polo BMW M Motorsport/Puma, para caballero - L",0,0,visible,,"Polo original BMW M Motorsport color blanco \n Corte regular\n Dos botones\n Impresión del logotipo de BMW M Motorsport en el pecho\n Logotipo de Puma en la manga derecha\n Material: 75% algodón, 25% algodón reciclado",,,taxable,parent,1,1,,0,0,,,,,0,,,804.50,,,,,,,80145B318B3,,,,,,1,BMW,talla,L,,1,genero,,,1,,,,,,,,,,,,,,,,,,,,,,,,,,,,,,,,,,,pending_delete,,,,,,,,,,,,,,,,,,,,,,,,,,,,,,,,,,
17446,variation,80145B318B4,,"Polo BMW M Motorsport/Puma, para caballero - M",1,0,visible,,,,,taxable,parent,0,0,,0,0,,,,,0,,,804.50,,,,,,,80145B318B3,,,,,,2,,talla,M,,1,genero,,,1,,,,,,,,,,,,,,,,,,,,,,,,,,,,,,,,,,,,pending,1754881430,,,,,,,,,,,,,,,,,,,,,,,,,,,,,,,,
17447,variation,,,"Polo BMW M Motorsport/Puma, para caballero - S",1,0,visible,,,,,taxable,parent,1,2,,0,0,,,,,0,,,804.50,,,,,,,80145B318B3,,,,,,3,,talla,S,,1,genero,,,1,,,,,,,,,,,,,,,,,,,,,,,,,,,,,,,,,,,pending_delete,synced,1773457522,,approved,,,,,,,,,,,,,,,,,,,,,,,,,,,,,,
17448,variation,80145B318B6,,"Polo BMW M Motorsport/Puma, para caballero - XL",0,0,visible,,"Polo original BMW M Motorsport color blanco \n Corte regular\n Dos botones\n Impresión del logotipo de BMW M Motorsport en el pecho\n Logotipo de Puma en la manga derecha\n Material: 75% algodón, 25% algodón reciclado",,,taxable,parent,1,1,,0,0,,,,,0,,,804.50,,,,,,,80145B318B3,,,,,,4,BMW,talla,XL,,1,genero,,,1,,,,,,,,,,,,,,,,,,,,,,,,,,,,,,,,,,,pending_delete,,,,,,,,,,,,,,,,,,,,,,,,,,,,,,,,,,
17450,variation,80145B318C0,,"Camiseta Logo BMW M Motorsport/Puma, para caballero - L",0,0,visible,,"Camiseta BMW M Motorsport color azul claro \n Corte regular\n Logotipo BMW M Motorsport en el pecho\n Logotipo de Puma en la manga derecha\n Material: 75% algodón, 25% algodón reciclado",,,taxable,parent,1,1,,0,0,,,,,0,,,724.69,,,,,,,80145B318B8,,,,,,1,BMW,talla,L,,1,,,,,,,,,,,,,,,,,,,,,,,,,,,,,,,,,,,,,,,pending_delete,,,,,,,,,,,,,,,,,,,,,,,,,,,,,,,,,,
17451,variation,80145B318B9,,"Camiseta Logo BMW M Motorsport/Puma, para caballero - M",0,0,visible,,,,,taxable,parent,1,2,,0,0,,,,,0,,,724.69,,,,,,,80145B318B8,,,,,,2,BMW,talla,M,,1,,,,,,,,,,,,,,,,,,,,,,,,,,,,,,,,,,,,,,,pending_delete,,,,,,,,,,,,,,,,,,,,,,,,,,,,,,,,,,
17452,variation,,,"Camiseta Logo BMW M Motorsport/Puma, para caballero - S",1,0,visible,,,,,taxable,parent,1,2,,0,0,,,,,0,,,724.69,,,,,,,80145B318B8,,,,,,3,,talla,S,,1,,,,,,,,,,,,,,,,,,,,,,,,,,,,,,,,,,,,,,,pending_delete,synced,1773457522,,approved,,,,,,,,,,,,,,,,,,,,,,,,,,,,,,
17453,variation,80145B318C1,,"Camiseta Logo BMW M Motorsport/Puma, para caballero - XL",1,0,visible,,,,,taxable,parent,0,0,,0,0,,,,,0,,,641.23,,,,,,,80145B318B8,,,,,,4,,talla,XL,,1,,,,,,,,,,,,,,,,,,,,,,,,,,,,,,,,,,,,,,,,pending,1754881430,,,,,,,,,,,,,,,,,,,,,,,,,,,,,,,,
17459,variation,80145B318C5,,"Camiseta gráficos M Motorsport Car/Puma, para caballero - L",0,0,visible,,"Corte regular.Gráfico impreso en goma en el pecho inspirado en el logo de herencia deconstruido con los colores de BMW M Motorsport y Hybrid V8. Logo de Puma en la manga. Material: 70% Algodón, 30% Algodón",,,taxable,parent,1,1,,0,0,,,,,0,,,852.39,,,,,,,80145B318C3,,,,,,1,BMW,talla,L,,1,,,,,,,,,,,,,,,,,,,,,,,,,,,,,,,,,,,,,,,pending_delete,,,,,,,,,,,,,,,,,,,,,,,,,,,,,,,,,,
17460,variation,80145B318C4,,"Camiseta gráficos M Motorsport Car/Puma, para caballero - M",0,0,visible,,"Corte regular.Gráfico impreso en goma en el pecho inspirado en el logo de herencia deconstruido con los colores de BMW M Motorsport y Hybrid V8. Logo de Puma en la manga. Material: 70% Algodón, 30% Algodón",,,taxable,parent,1,3,,0,0,,,,,0,,,852.39,,,,,,,80145B318C3,,,,,,2,BMW,talla,M,,1,,,,,,,,,,,,,,,,,,,,,,,,,,,,,,,,,,,,,,,pending_delete,,,,,,,,,,,,,,,,,,,,,,,,,,,,,,,,,,
17461,variation,,,"Camiseta gráficos M Motorsport Car/Puma, para caballero - S",1,0,visible,,,,,taxable,parent,1,2,,0,0,,,,,0,,,852.39,,,,,,,80145B318C3,,,,,,3,,talla,S,,1,,,,,,,,,,,,,,,,,,,,,,,,,,,,,,,,,,,,,,,pending_delete,synced,1773457522,,approved,,,,,,,,,,,,,,,,,,,,,,,,,,,,,,
17470,variation,80145B318E0,,"Camiseta negra logo M Motorsport/Puma, para caballero - L, Hombre",0,0,visible,,"Camiseta estilo clásico de cuello redondo.\n Gráfico de logotipo BMW M Motorsports en la parte delantera izquierda con técnicas mixtas para crear una impresión de efecto 3D.\n Logo Puma en la manga izquierda.\n Material: 70% algodón, 30% algodón reciclado",,,taxable,parent,1,3,,0,0,,,,,0,,,852.39,,,,,,,80145B318D8,,,,,,1,BMW,talla,L,,1,genero,Hombre,,1,,,,,,,,,,,,,,,,,,,,,,,,,,,,,,,,,,,pending_delete,,,,,,,,,,,,,,,,,,,,,,,,,,,,,,,,,,
17471,variation,80145B318D9,,"Camiseta negra logo M Motorsport/Puma, para caballero - M, Hombre",0,0,visible,,"Camiseta estilo clásico de cuello redondo.\n Gráfico de logotipo BMW M Motorsports en la parte delantera izquierda con técnicas mixtas para crear una impresión de efecto 3D.\n Logo Puma en la manga izquierda.\n Material: 70% algodón, 30% algodón reciclado",,,taxable,parent,1,2,,0,0,,,,,0,,,852.39,,,,,,,80145B318D8,,,,,,2,BMW,talla,M,,1,genero,Hombre,,1,,,,,,,,,,,,,,,,,,,,,,,,,,,,,,,,,,,pending_delete,,,,,,,,,,,,,,,,,,,,,,,,,,,,,,,,,,
17472,variation,,,"Camiseta negra logo M Motorsport/Puma, para caballero - S, Hombre",1,0,visible,,,,,taxable,parent,1,2,,0,0,,,,,0,,,852.39,,,,,,,80145B318D8,,,,,,3,,talla,S,,1,genero,Hombre,,1,,,,,,,,,,,,,,,,,,,,,,,,,,,,,,,,,,,pending_delete,synced,1773457522,,approved,,,,,,,,,,,,,,,,,,,,,,,,,,,,,,
17474,variation,80145B318E5,,"Chaqueta BMW M Motorsport Statement - M",1,0,visible,,,,,taxable,parent,0,0,,0,0,,,,,0,,,1986.29,,,,,,,80145B318E3,,,,,,1,,talla,M,,1,genero,,,1,,,,,,,,,,,,,,,,,,,,,,,,,,,,,,,,,,,,,,,,,yes,yes,,,,,,,,,,,,product,,,,,,,,,,,1760723512,,,,
17475,variation,,,"Chaqueta BMW M Motorsport Statement - S",1,0,visible,,,,,taxable,parent,0,0,,0,0,,,,,0,,,1986.29,,,,,,,80145B318E3,,,,,,2,,talla,S,,1,genero,,,1,,,,,,,,,,,,,,,,,,,,,,,,,,,,,,,,,,,,,,,,,yes,yes,,,,,,,,,,,,product,,,,,,,,,,,1760723512,,,,
17479,variation,80145B318F0,,"Camiseta deportiva negra de BMW M Motorsport, para caballero - L",1,0,visible,,,,,taxable,parent,1,1,,0,0,,,,,0,,,711.99,,,,,,,80145B318E8,,,,,,2,,talla,L,,1,genero,,,1,,,,,,,,,,,,,,,,,,,,,,,,,,,,,,,,,,,pending_delete,synced,1773457522,,approved,,,,,,,,,,,,,,,,,,,,,,,,,,,,,,
17480,variation,80145B318E9,,"Camiseta deportiva negra de BMW M Motorsport, para caballero - M",0,0,visible,,"Camiseta suelta hecha de malla fina - cómoda y aireada - perfecta para el clima caluroso - una manifestación perfecta de apego al deporte del motor en el BMW M.\n La camiseta no solo es una confirmación perfecta del gusto del propietario, sino que también es ideal como camiseta deportiva, ya sea para gimnasios o ejercicios al aire libre. El material de malla hecho de 100% poliéster proporciona transpirabilidad y absorbe perfectamente la humedad y se seca a la velocidad del rayo.\n Color: Negro\n Corte: Corte relajado con hombros rebajados\n Gráficos distintivos del BMW M Motorsport en la parte delantera\n Material: malla de poliéster 100 %",,,taxable,parent,1,1,,0,0,,,,,0,,,804.50,,,,,,,80145B318E8,,,,,,3,BMW,talla,M,,1,genero,,,1,,,,,,,,,,,,,,,,,,,,,,,,,,,,,,,,,,,pending_delete,,,,,,,,,,,,,,,,,,,,,,,,,,,,,,,,,,
17481,variation,,,"Camiseta deportiva negra de BMW M Motorsport, para caballero - S",1,0,visible,,,,,taxable,parent,1,1,,0,0,,,,,0,,,804.50,,,,,,,80145B318E8,,,,,,4,,talla,S,,1,genero,,,1,,,,,,,,,,,,,,,,,,,,,,,,,,,,,,,,,,,pending_delete,synced,1773457522,,approved,,,,,,,,,,,,,,,,,,,,,,,,,,,,,,
17492,variation,80145B31902,,"Súeter BMW M Motorsport  CGS Unisex - L, Unisex",0,0,visible,,"La sudadera BMW M Motorsport CGS es una prenda de alta calidad y elegante para todos los entusiastas del automovilismo. Con un ajuste relajado, ofrece una comodidad óptima para el día a día. Tiene insignias bordadas, incluido el logotipo de BMW M Motorsport, que le da a un aspecto dinámico. El logotipo de Puma en la manga izquierda subraya la calidad y el prestigio de este jersey.\n La cintura está equipada con un cordón ajustable para garantizar un ajuste personalizado. Es perfecto para cualquiera que quiera mostrar su estilo con un toque de estilo de automovilismo.",,,taxable,parent,1,1,,0,0,,,,,0,,,1762.62,,,,,,,80145B318F9,,,,,,1,BMW,talla,L,,1,genero,Unisex,,1,,,,,,,,,,,,,,,,,,,,,,,,,,,,,,,,,,,deleted,,,,,,,,,,,,,,,,,,,,,,,,,,,,,,,,,,
17493,variation,80145B31900,,"Súeter BMW M Motorsport  CGS Unisex - S, Unisex",0,0,visible,,"La sudadera BMW M Motorsport CGS es una prenda de alta calidad y elegante para todos los entusiastas del automovilismo. Con un ajuste relajado, ofrece una comodidad óptima para el día a día. Tiene insignias bordadas, incluido el logotipo de BMW M Motorsport, que le da a un aspecto dinámico. El logotipo de Puma en la manga izquierda subraya la calidad y el prestigio de este jersey.\n La cintura está equipada con un cordón ajustable para garantizar un ajuste personalizado. Es perfecto para cualquiera que quiera mostrar su estilo con un toque de estilo de automovilismo.",,,taxable,parent,1,1,,0,0,,,,,0,,,1762.62,,,,,,,80145B318F9,,,,,,2,BMW,talla,S,,1,genero,Unisex,,1,,,,,,,,,,,,,,,,,,,,,,,,,,,,,,,,,,,deleted,,,,,,,,,,,,,,,,,,,,,,,,,,,,,,,,,,
17494,variation,,,"Súeter BMW M Motorsport  CGS Unisex - XS, Unisex",1,0,visible,,,,,taxable,parent,1,2,,0,0,,,,,0,,,1561.52,,,,,,,80145B318F9,,,,,,3,,talla,XS,,1,genero,Unisex,,1,,,,,,,,,,,,,,,,,,,,,,,,,,,,,,,,,,,,synced,1774839650,,approved,,,,,,,,,,,,,,,,,,,,,,,,,,,,,,
17504,variation,80145B31912,,"Camiseta BMW M Motorsport CGS, para caballero - L",1,0,visible,,,,,taxable,parent,0,0,,0,0,,,,,0,,,711.99,,,,,,,80145B31910,,,,,,1,,talla,L,,1,genero,,,1,,,,,,,,,,,,,,,,,,,,,,,,,,,,,,,,,,,,pending,1744053588,,,,,,,,,,,,,,,,,,,,,,,,,,,,,,,,
17505,variation,80145B31911,,"Camiseta BMW M Motorsport CGS, para caballero - M",1,0,visible,,,,,taxable,parent,0,0,,0,0,,,,,0,,,711.99,,,,,,,80145B31910,,,,,,2,,talla,M,,1,genero,,,1,,,,,,,,,,,,,,,,,,,,,,,,,,,,,,,,,,,,pending,1744053588,,,,,,,,,,,,,,,,,,,,,,,,,,,,,,,,
17506,variation,,,"Camiseta BMW M Motorsport CGS, para caballero - S",1,0,visible,,,,,taxable,parent,1,4,,0,0,,,,,0,,,804.50,,,,,,,80145B31910,,,,,,3,,talla,S,,1,genero,,,1,,,,,,,,,,,,,,,,,,,,,,,,,,,,,,,,,,,pending_delete,synced,1773457522,,approved,,,,,,,,,,,,,,,,,,,,,,,,,,,,,,
17513,variation,80145B31923,,"Camiseta BMW M Motorsport Logo - L",1,0,visible,,,,,taxable,parent,1,2,,0,0,,,,,0,,,612.76,,,,,,,80145B31920,,,,,,1,,talla,L,,1,genero,,,1,,,,,,,,,,,,,,,,,,,,,,,,,,,,,,,,,,,,synced,1773457522,,approved,,,,,,,,,,,,,,,,,,,,,,,,,,,,,,
17514,variation,80145B31922,,"Camiseta BMW M Motorsport Logo - M",0,0,visible,,"Camiseta con el logotipo de BMW M Motorsport para mujer para usar en cualquier situación. ¡Ponte esta camiseta y siéntete bien todos los días!\n - Logotipo de goma de BMW M Motorsport en el pecho\n - Logotipo de Puma en la manga derecha\n - Material: 70% algodón, 30% algodón reciclado\n - Tallas: XS (80145B31920), S (80145B31921), M (80145B31922), L (80145B31923), XL (80145B31924)",,,taxable,parent,1,1,,0,0,,,,,0,,,692.59,,,,,,,80145B31920,,,,,,2,BMW,talla,M,,1,genero,,,1,,,,,,,,,,,,,,,,,,,,,,,,,,,,,,,,,,,deleted,,,,,,,,,,,,,,,,,,,,,,,,,,,,,,,,,,
17515,variation,80145B31921,,"Camiseta BMW M Motorsport Logo - S",1,0,visible,,,,,taxable,parent,1,3,,0,0,,,,,0,,,612.76,,,,,,,80145B31920,,,,,,3,,talla,S,,1,genero,,,1,,,,,,,,,,,,,,,,,,,,,,,,,,,,,,,,,,,,synced,1773457522,,approved,,,,,,,,,,,,,,,,,,,,,,,,,,,,,,
17516,variation,,,"Camiseta BMW M Motorsport Logo - XS",1,0,visible,,,,,taxable,parent,0,0,,0,0,,,,,0,,,612.76,,,,,,,80145B31920,,,,,,4,,talla,XS,,1,genero,,,1,,,,,,,,,,,,,,,,,,,,,,,,,,,,,,,,,,,,pending,1744054061,,,,,,,,,,,,,,,,,,,,,,,,,,,,,,,,
17520,variation,80145B31928,,"Polo BMW M Motorsport  para mujer - L",1,0,visible,,,,,taxable,parent,1,1,,0,0,,,,,0,,,853.51,,,,,,,80145B31926,,,,,,1,,talla,L,,1,genero,,,1,,,,,,,,,,,,,,,,,,,,,,,,,,,,,,,,,,,,synced,1773457522,,approved,,,,,,,,,,,,,,,,,,,,,,,,,,,,,,
17521,variation,,,"Polo BMW M Motorsport  para mujer - S",1,0,visible,,,,,taxable,parent,0,0,,0,0,,,,,0,,,853.51,,,,,,,80145B31926,,,,,,2,,talla,S,,1,genero,,,1,,,,,,,,,,,,,,,,,,,,,,,,,,,,,,,,,,,,pending,1744054418,,,,,,,,,,,,,,,,,,,,,,,,,,,,,,,,
17530,variation,,,"Pantalon deportivo BMW M Motorsport - M",1,0,visible,,,,,taxable,parent,1,1,,0,0,,,,,0,,,1136.76,,,,,,,80145B31937,,,,,,1,,talla,M,,1,genero,,,1,,,,,,,,,,,,,,,,,,,,,,,,,,,,,,,,,,,,synced,1772938862,,approved,,,,,,,,,,,,,,,,,,,,,,,,,,,,,,
17534,variation,80145B32012,,"Sudadera MINI Blue/Outline Print, para dama",1,0,visible,,"MINI Hoodie Women s Outline PrintBlazing Blue M",,,taxable,parent,1,1,,0,0,,,,,0,,,2804.12,,,,,,,80145B32011,,,,,,1,,talla,M,,1,color,,,1,genero,,,1,,,,,,,,,,,,,,,,,,,,,,,,,,,,,,,pending_delete,synced,1773716486,,approved,,,,,,,,,,,,,,,,,,,,,,,,,,,,,,
17535,variation,,,"Sudadera MINI Blue/Outline Print, para dama",1,0,visible,,,,,taxable,parent,1,2,,0,0,,,,,0,,,2804.12,,,,,,,80145B32011,,,,,,2,,talla,S,,1,color,,,1,genero,,,1,,,,,,,,,,,,,,,,,,,,,,,,,,,,,,,pending_delete,synced,1773716486,,approved,,,,,,,,,,,,,,,,,,,,,,,,,,,,,,
17541,variation,80145B32018,,"Sudadera MINI Black/Outline Print, para dama",0,0,visible,,"MINI Hoodie Women s Outline PrintBlack White M",,,taxable,parent,1,3,,0,0,,,,,0,,,2534.65,,,,,,,80145B32017,,,,,,1,MINI,talla,M,,1,color,Negro/blanco,,1,genero,Mujer,,1,,,,,,,,,,,,,,,,,,,,,,,,,,,,,,,deleted,,,Negro/blanco,,,,,,,,,,,,,,,,,,,,,,,,,,,,,,,
17542,variation,,,"Sudadera MINI Black/Outline Print, para dama",1,0,visible,,,,,taxable,parent,1,3,,0,0,,,,,0,,,2377.31,,,,,,,80145B32017,,,,,,2,,talla,S,,1,color,Negro/blanco,,1,genero,Mujer,,1,,,,,,,,,,,,,,,,,,,,,,,,,,,,,,,pending_delete,synced,1773716486,Negro/blanco,approved,,,,,,,,,,,,,,,,,,,,,,,,,,,,,,
17547,variation,80145B32024,,"Sudadera MINI RedRebel/Outline Print, para dama",0,0,visible,,"MINI Hoodie Women s Outline PrintRebel Red M",,,taxable,parent,1,1,,0,0,,,,,0,,,3164.05,,,,,,,80145B32023,,,,,,1,MINI,talla,M,,1,genero,Mujer,,1,color,Rojo,,1,,,,,,,,,,,,,,,,,,,,,,,,,,,,,,,deleted,,,Rojo,,,,,,,,,,,,,,,,,,,,,,,,,,,,,,,
17548,variation,,,"Sudadera MINI RedRebel/Outline Print, para dama",1,0,visible,,,,,taxable,parent,1,1,,0,0,,,,,0,,,3164.05,,,,,,,80145B32023,,,,,,2,,talla,S,,1,genero,Mujer,,1,color,Rojo,,1,,,,,,,,,,,,,,,,,,,,,,,,,,,,,,,pending_delete,synced,1773716486,Rojo,approved,,,,,,,,,,,,,,,,,,,,,,,,,,,,,,
17553,variation,,,"Sudadera MINI Blue/Outline Print, para caballero",1,0,visible,,,,,taxable,parent,1,2,,0,0,,,,,0,,,3164.05,,,,,,,80145B32064,,,,,,1,,talla,M,,1,genero,,,1,color,,,1,,,,,,,,,,,,,,,,,,,,,,,,,,,,,,,pending_delete,synced,1773716486,,approved,,,,,,,,,,,,,,,,,,,,,,,,,,,,,,
17559,variation,80145B32071,,"Sudadera MINI Black/Outline Print, para caballero",0,0,visible,,"MINI Hoodie Men s Outline PrintBlack White L",,,taxable,parent,1,2,,0,0,,,,,0,,,2692.00,,,,,,,80145B32070,,,,,,1,MINI,talla,L,,1,genero,,,1,color,,,1,,,,,,,,,,,,,,,,,,,,,,,,,,,,,,,deleted,,,,,,,,,,,,,,,,,,,,,,,,,,,,,,,,,,
17560,variation,,,"Sudadera MINI Black/Outline Print, para caballero",1,0,visible,,,,,taxable,parent,1,1,,0,0,,,,,0,,,2804.12,,,,,,,80145B32070,,,,,,2,,talla,M,,1,genero,,,1,color,,,1,,,,,,,,,,,,,,,,,,,,,,,,,,,,,,,pending_delete,synced,1773716486,,approved,,,,,,,,,,,,,,,,,,,,,,,,,,,,,,
17565,variation,80145B32077,,"Sudadera MINI Red/Outline Print, para caballero",1,0,visible,,"MINI Hoodie Men s Outline PrintRebel Red L",,,taxable,parent,0,0,,0,0,,,,,0,,,2804.12,,,,,,,80145B32076,,,,,,1,,talla,L,,1,genero,,,1,color,,,1,,,,,,,,,,,,,,,,,,,,,,,,,,,,,,,pending_delete,,,,,,,,,,,,,,,,,,,,,,,,,,,,,,,,,,
17566,variation,,,"Sudadera MINI Red/Outline Print, para caballero",1,0,visible,,,,,taxable,parent,1,1,,0,0,,,,,0,,,3164.05,,,,,,,80145B32076,,,,,,2,,talla,M,,1,genero,,,1,color,,,1,,,,,,,,,,,,,,,,,,,,,,,,,,,,,,,pending_delete,synced,1773716486,,approved,,,,,,,,,,,,,,,,,,,,,,,,,,,,,,
17570,variation,80145B32D74,,"Camiseta BMW M Motorsport RL, para caballero - M",0,0,visible,,"Con un gran estampado de BMW Art Car en la parte posterior y detalles sutiles como el logotipo de PUMA Cat en el pecho y una etiqueta de banderas de BMW M Motorsport en la costura lateral, la BMW M MOTORSPORT RL T-SHIRT hace una declaración impresionante. Fabricada en un 70 por ciento de algodón y un 30 por ciento de algodón reciclado, la camiseta blanca ofrece la máxima comodidad de uso.\n - Etiqueta de la bandera BMW M Motorsport en la costura lateral\n - Impresión gráfica de Art Car en la parte posterior\n - Corte holgado\n - Material: Algodón",,,taxable,parent,1,1,,0,0,,,,,0,,,1123.74,,,,,,,80145B32D73,,,,,,1,BMW,talla,M,,1,,,,,,,,,,,,,,,,,,,,,,,,,,,,,,,,,,,,,,,pending_delete,,,,,,,,,,,,,,,,,,,,,,,,,,,,,,,,,,
17571,variation,,,"Camiseta BMW M Motorsport RL, para caballero - S",1,0,visible,,,,,taxable,parent,1,2,,0,0,,,,,0,,,1123.74,,,,,,,80145B32D73,,,,,,2,,talla,S,,1,,,,,,,,,,,,,,,,,,,,,,,,,,,,,,,,,,,,,,,pending_delete,synced,1773457522,,approved,,,,,,,,,,,,,,,,,,,,,,,,,,,,,,
17587,variation,80162864207,,"Calcetines BMW M - L",1,0,visible,,"BMW M calcetineswhite 43 46",,,taxable,parent,1,1,,0,0,,,,,0,,,594,,,,https://vecsaboutique.com/wp-content/uploads/2025/02/80162864206.avif,,,80162864206,,,,,,1,,talla,L,,1,,,,,,,,,,,,,,,,,,,,,,,,,,,,,,,,,,,,,,,,synced,1773716486,,approved,,,,,,,,,,,,,,,,,,,,,,,,,,,,,,
17588,variation,,,"Calcetines BMW M - M",1,0,visible,,,,,taxable,parent,0,0,,0,0,,,,,0,,,594,,,,https://vecsaboutique.com/wp-content/uploads/2025/02/80162864206.avif,,,80162864206,,,,,,2,,talla,M,,1,,,,,,,,,,,,,,,,,,,,,,,,,,,,,,,,,,,,,,,,,,,,,,,,,,,,,,,,,,,,,,,,,,,,,,,,,
17591,variation,,,"Gorra tipo Panamá BMW M Motorsport L/XL, black - XL",1,0,visible,,,,,taxable,parent,1,1,,0,0,,,,,0,,,1295.42,,,,,,,80165B31957,,,,,,1,,talla,XL,,1,,,,,,,,,,,,,,,,,,,,,,,,,,,,,,,,,,,,,,,,synced,1773198512,,approved,,,,,,,,,,,,,,,,,,,,,,,,,,,,,,
17849,variation,80142864168,,"Sudadera Deportiva Logo BMW M, unisex - Unisex, M",1,0,visible,,"BMW M sudadera deportiva Logo unisexgrey L",,,taxable,parent,0,0,,0,0,,,,,0,,,2197.29,,,,,,,80142864166,,,,,,1,,genero,Unisex,,1,talla,M,,1,,,,,,,,,,,,,,,,,,,,,,,,,,,,,,,,,,,,,,,,,,,,,,,,,,,,,,,,,,,,,,,,,,,,,
17854,simple,80915A21510,,"Bicicleta BMW M 28"", Black, M",1,0,visible,,"BMW M Bike28 black M",,,taxable,,1,1,,0,0,,,,,1,,,39910.32,"Life Style > Bicicletas, Life Style",Promoción,,https://vecsaboutique.com/wp-content/uploads/2025/02/80915A21510.avif,,,,,,,,,0,BMW,,,,,,,,,,,,,,,,,,,,,,,,,,,,,,,,,,,,,,,,,,sync-and-show,updated,synced,1773716486,,approved,,,,,,,,,,,,,,,,,,,,,,,,,,,,,,
17957,variation,76218536378,,"Guantes para motociclista  BMW Motorrad Furka GTX antracita, Unisex",1,0,visible,,,,,taxable,parent,1,2,,0,0,,,,,0,,,5778.11,,,,,,,76218536374,,,,,,2,,talla,10,,1,genero,Unisex,,1,color,Negro,,1,,,,,,,,,,,,,,,,,,,,,,,,,,,,,,,,synced,1773716486,Negro,approved,,,,,,,,,,,,,,,,,,,,,,,,,,,,,,
17958,variation,76218536376,,"Guantes para motociclista  BMW Motorrad Furka GTX antracita, Unisex",1,0,visible,,,,,taxable,parent,0,0,,0,0,,,,,0,,,5778.11,,,,,,,76218536374,,,,,,3,,talla,8,,1,genero,Unisex,,1,color,Negro,,1,,,,,,,,,,,,,,,,,,,,,,,,,,,,,,,,,,Negro,,,,,,,,,,,,,,,,,,,,,,,,,,,,,,,
17959,variation,76218536377,,"Guantes para motociclista  BMW Motorrad Furka GTX antracita, Unisex",1,0,visible,,,,,taxable,parent,1,4,,0,0,,,,,0,,,5778.11,,,,,,,76218536374,,,,,,4,,talla,9,,1,genero,Unisex,,1,color,Negro,,1,,,,,,,,,,,,,,,,,,,,,,,,,,,,,,,,synced,1773716486,Negro,approved,,,,,,,,,,,,,,,,,,,,,,,,,,,,,,
17968,variable,76218536381,,"Guantes para motociclista  BMW Motorrad Silvretta GTX, para Hombre",1,0,visible,,"<p class=""p1"">Los BMW Silvretta GTX son guantes de invierno ideales para uso urbano, roadster o touring ocasional. Diseñados para ofrecer máxima protección contra el frío, destacan por su comodidad y seguridad en condiciones adversas.</p>\n<p class=""p2"">Características principales:</p>\n\n<ul>\n 	<li class=""p1"">Membrana GORE-TEX: Impermeables y cortaviento para mantener las manos secas y cálidas.</li>\n 	<li class=""p1"">Palma de cuero Crispin: Aislante y resistente al frío extremo.</li>\n 	<li class=""p1"">Bandas antideslizantes en la palma y los dedos para un agarre seguro en cualquier situación.</li>\n 	<li class=""p1"">Ajuste de doble velcro: Uno en la muñeca para retención de calor y otro en la punta para evitar deslizamientos accidentales.</li>\n 	<li class=""p1"">Compatibles con pantallas táctiles en el índice y el pulgar.</li>\n 	<li class=""p1"">Unisex</li>\n</ul>\n<p class=""p1"">Los BMW Silvretta GTX son la elección perfecta para quienes buscan máxima protección térmica, seguridad y comodidad en sus rutas invernales.</p>",,,taxable,,1,,,0,0,,,,,1,,,,"Rider Gear & Garment",,,"https://vecsaboutique.com/wp-content/uploads/2025/03/76218536383.avif, https://vecsaboutique.com/wp-content/uploads/2025/03/76218536383_2.avif, https://vecsaboutique.com/wp-content/uploads/2025/03/76218536383_3.avif, https://vecsaboutique.com/wp-content/uploads/2025/03/76218536383_4.avif",,,,,,,,,0,,talla,"10, 8, 9",1,1,genero,Unisex,1,1,color,Negro,1,1,,,,,,,,,,,,,,,,,,,,,,,,,,,,,,sync-and-show,updated,synced,1773198513,,approved,yes,yes,yes,,,,0,,1,0,'@ALL,,,,,,,,,,,,,,,,,,,
17981,simple,80165A87971,,"Gorra Logo BMW",1,0,visible,,"<p data-start=""35"" data-end=""157"">La Gorra Logo BMW es el accesorio perfecto para los amantes de la marca, combinando estilo, comodidad y calidad.</p>\n\n<h4 data-start=""159"" data-end=""197"">Características principales:</h4>\n<ul>\n 	<li data-start=""198"" data-end=""581"">Diseño unisex con un ajuste cómodo y versátil.</li>\n 	<li data-start=""198"" data-end=""581"">Material: 100% algodón, ligero y transpirable.</li>\n 	<li data-start=""198"" data-end=""581"">Construcción de seis paneles para mayor durabilidad y estructura.</li>\n 	<li data-start=""198"" data-end=""581"">Correa ajustable con hebilla para un ajuste personalizado.</li>\n 	<li data-start=""198"" data-end=""581"">Logo bordado de BMW en la parte frontal.</li>\n</ul>\n<p data-start=""583"" data-end=""667"" data-is-last-node="""" data-is-only-node="""">Ideal para los entusiastas de BMW que buscan un complemento moderno y auténtico.</p>",,,taxable,,1,1,,0,0,,,,,1,,,722.97,"Life Style > Gorras, Life Style",,,"https://vecsaboutique.com/wp-content/uploads/2025/03/80165A87971.avif, https://vecsaboutique.com/wp-content/uploads/2025/03/80165A87971_2.avif, https://vecsaboutique.com/wp-content/uploads/2025/03/80165A87971_3.avif",,,,,,,,,0,,,,,,,,,,,,,,,,,,,,,,,,,,,,,,,,,,,,,,,,,,,sync-and-show,,synced,1773802828,,approved,,,,,,,,,,,,,,,,,,,,,,,,,,,,,,
17985,simple,80225A7C971,,"BMW Trolley Black",1,0,visible,,"<p data-start=""67"" data-end=""289"">La BMW Trolley Black Gloss 70L es una maleta de diseño elegante y funcional, ideal para viajes de negocios o escapadas largas. Su construcción de alta calidad garantiza durabilidad y comodidad en cada desplazamiento.</p>\n\n<h4 data-start=""291"" data-end=""329"">Características principales:</h4>\n<ul>\n 	<li data-start=""330"" data-end=""968"">Diseño premium con acabado negro brillante y detalles en 3D con la marca BMW.</li>\n 	<li data-start=""330"" data-end=""968"">Capacidad de 70 litros, perfecta para viajes largos.</li>\n 	<li data-start=""330"" data-end=""968"">Carcasa rígida con impresión UV en diseño Trinity, resistente a golpes y arañazos.</li>\n 	<li data-start=""330"" data-end=""968"">4 ruedas dobles de 360° con tapas que llevan el logo de BMW, para un desplazamiento suave y estable.</li>\n 	<li data-start=""330"" data-end=""968"">Cierre con cremallera repelente al agua para mayor protección.</li>\n 	<li data-start=""330"" data-end=""968"">Candado TSA integrado, ideal para viajes internacionales.</li>\n 	<li data-start=""330"" data-end=""968"">Interior con forro de poliéster reciclado con estampado Trinity.</li>\n 	<li data-start=""330"" data-end=""968"">Correas elásticas de sujeción, para mantener el equipaje en su lugar.</li>\n 	<li data-start=""330"" data-end=""968"">Dimensiones: 70 cm x 45 cm x 25 cm</li>\n 	<li data-start=""330"" data-end=""968"">Peso: 3.63 kg</li>\n 	<li data-start=""330"" data-end=""968"">Material: Carcasa de policarbonato (PC), forro de poliéster reciclado (PES)</li>\n</ul>\n<p data-start=""1122"" data-end=""1208"" data-is-last-node="""" data-is-only-node="""">Una maleta sofisticada y resistente, con la calidad y el diseño distintivo de BMW.</p>",,,taxable,,0,0,,0,0,,,,,1,,,5440.07,"Life Style, Life Style > Maletas",,,"https://vecsaboutique.com/wp-content/uploads/2025/03/80225A7C971.avif, https://vecsaboutique.com/wp-content/uploads/2025/03/80225A7C971_2.avif, https://vecsaboutique.com/wp-content/uploads/2025/03/80225A7C971_3.avif, https://vecsaboutique.com/wp-content/uploads/2025/03/80225A7C971_4.avif, https://vecsaboutique.com/wp-content/uploads/2025/03/80225A7C971_5.avif",,,,,,,,,0,,,,,,,,,,,,,,,,,,,,,,,,,,,,,,,,,,,,,,,,,,,sync-and-show,updated,,,,,,yes,yes,,,,,,1,0,'@ALL,,,,product,,,,,,,,,,,1760982257,,,,
17991,simple,80225A7C974,,"Maleta de Viaje BMW M",1,0,visible,,"<p data-start=""34"" data-end=""276"">La maleta ideal para viajeros exigentes que buscan estilo, funcionalidad y resistencia. Con detalles exclusivos de la línea BMW M, esta maleta de cabina combina un diseño moderno con materiales de alta calidad.</p>\n\n<h4 data-start=""278"" data-end=""316"">Características principales:</h4>\n<ul>\n 	<li data-start=""317"" data-end=""998"">Diseño exclusivo BMW M, con logo en 3D y acabado en rojo vibrante.</li>\n 	<li data-start=""317"" data-end=""998"">Mango telescópico de aluminio anodizado en color dorado mate, con mecanismo de ajuste suave.</li>\n 	<li data-start=""317"" data-end=""998"">Ruedas dobles de 360° con tapas que llevan el logo BMW M, para un desplazamiento fluido y estable.</li>\n 	<li data-start=""317"" data-end=""998"">Candado TSA integrado, ideal para viajes internacionales.</li>\n 	<li data-start=""317"" data-end=""998"">Cremallera repelente al agua, para mayor protección del contenido.</li>\n 	<li data-start=""317"" data-end=""998"">Correas de compresión con cierre magnético FIDLOCK®, con impresión del logo M.</li>\n 	<li data-start=""317"" data-end=""998"">Incluye bolsa para ropa y bolsa para zapatos, para una mejor organización.</li>\n 	<li data-start=""317"" data-end=""998""> Interior con forro de poliéster reciclado, alineado con estándares sostenibles.</li>\n 	<li data-start=""317"" data-end=""998"">Dimensiones: 55 cm x 40 cm x 23 cm</li>\n 	<li data-start=""317"" data-end=""998"">Peso: 2,95 kg</li>\n 	<li data-start=""317"" data-end=""998"">Capacidad: 43 litros</li>\n 	<li data-start=""317"" data-end=""998"">Material: Carcasa de policarbonato (PC), forro de poliéster reciclado (PES)</li>\n</ul>",,,taxable,,0,0,,0,0,,,,,1,,,4592.81,"Life Style, Life Style > Maletas",,,"https://vecsaboutique.com/wp-content/uploads/2025/03/80225A7C974.avif, https://vecsaboutique.com/wp-content/uploads/2025/03/80225A7C974_3.avif, https://vecsaboutique.com/wp-content/uploads/2025/03/80225A7C974_2.avif",,,,,,,,,0,,,,,,,,,,,,,,,,,,,,,,,,,,,,,,,,,,,,,,,,,,,sync-and-show,updated,,,,,,yes,yes,,,,,,1,0,'@ALL,,,,product,,,,,,,,,,,1760982094,1,,,
17999,simple,80445A52020,,"BMW a control remoto RC X6 M",1,0,visible,,"<p data-start=""65"" data-end=""339"">Disfruta de la emoción de conducir un BMW X6M a escala con este coche de control remoto. Ideal tanto para niños como para adultos, este modelo a escala 1:14 combina diseño realista con tecnología avanzada para una experiencia de conducción divertida y precisa.</p>\n\n<h4 data-start=""341"" data-end=""379"">Características principales:</h4>\n<ul>\n 	<li data-start=""380"" data-end=""803"">Control remoto de 2.4 GHz, permite manejar hasta 70 vehículos sin interferencias.</li>\n 	<li data-start=""380"" data-end=""803"">Diseño detallado del BMW X6M, con acabados de alta calidad.</li>\n 	<li data-start=""380"" data-end=""803"">Batería recargable por USB, para mayor comodidad y tiempo de juego prolongado.</li>\n 	<li data-start=""380"" data-end=""803"">Controlador con el logo de BMW, que reconoce automáticamente el dispositivo.</li>\n 	<li data-start=""380"" data-end=""803"">Apto para niños a partir de 8 años, ofreciendo seguridad y diversión garantizada.</li>\n</ul>\n<p data-start=""943"" data-end=""1028"" data-is-last-node="""" data-is-only-node=""""></p>",,,taxable,,1,2,,0,0,,,,,1,,,1345.96,"Life Style > Juguetes & Coleccionables, Life Style",,,"https://vecsaboutique.com/wp-content/uploads/2025/03/Mesa-de-trabajo-1.avif, https://vecsaboutique.com/wp-content/uploads/2025/03/Mesa-de-trabajo-2.avif, https://vecsaboutique.com/wp-content/uploads/2025/03/Mesa-de-trabajo-3.avif",,,,,,,,,0,,,,,,,,,,,,,,,,,,,,,,,,,,,,,,,,,,,,,,,,,,,sync-and-show,,synced,1773198512,,approved,,,,,,,,,,,,,,,,,,,,,,,,,,,,,,
18015,variation,76235A80FB1,,"Camiseta BMW Motorrad Rallye, Unisex - L",1,0,visible,,,,,taxable,parent,1,2,,0,0,,,,,0,,,2007.25,,,,,,,76235A80FB0,,,,,,1,,talla,L,,1,,,,,,,,,,,,,,,,,,,,,,,,,,,,,,,,,,,,,,,,synced,1773802828,,approved,,,,,,,,,,,,,,,,,,,,,,,,,,,,,,
18016,variation,,,"Camiseta BMW Motorrad Rallye, Unisex - M",1,0,visible,,,,,taxable,parent,1,1,,0,0,,,,,0,,,2007.25,,,,,,,76235A80FB0,,,,,,2,,talla,M,,1,,,,,,,,,,,,,,,,,,,,,,,,,,,,,,,,,,,,,,,,synced,1773802828,,approved,,,,,,,,,,,,,,,,,,,,,,,,,,,,,,
18053,variation,76615A811F7,,"Camiseta Spirit of GS - L",1,0,visible,,"T Shirt Spirit of GS Herren gr nL",,,taxable,parent,0,0,,0,0,,,,,0,,,978.25,,,,,,,76615A811F4,,,,,,1,,talla,L,,1,,,,,,,,,,,,,,,,,,,,,,,,,,,,,,,,,,,,,,,,,,,,,yes,yes,,,,,,,,,,,,product,,,,,,,,,,,,,,,
18054,variation,,,"Camiseta Spirit of GS - M",1,0,visible,,,,,taxable,parent,0,0,,0,0,,,,,0,,,978.25,,,,,,,76615A811F4,,,,,,2,,talla,M,,1,,,,,,,,,,,,,,,,,,,,,,,,,,,,,,,,,,,,,,,,,,,,,yes,yes,,,,,,,,,,,,product,,,,,,,,,,,1760743872,,,,
18061,variation,76615A812F2,,"Camiseta RR - L",1,0,visible,,"T Shirt RR Herren schwarzL",,,taxable,parent,0,0,,0,0,,,,,0,,,1128.40,,,,,,,76615A812F1,,,,,,1,,talla,L,,1,,,,,,,,,,,,,,,,,,,,,,,,,,,,,,,,,,,,,,,,,,,,,yes,yes,,,,,,,,,,,,product,,,,,,,,,,,,,,,
18062,variation,,,"Camiseta RR - M",1,0,visible,,,,,taxable,parent,0,0,,0,0,,,,,0,,,1128.40,,,,,,,76615A812F1,,,,,,2,,talla,M,,1,,,,,,,,,,,,,,,,,,,,,,,,,,,,,,,,,,,,,,,,,,,,,yes,yes,,,,,,,,,,,,product,,,,,,,,,,,1760744035,,,,
18070,variation,76615A81475,,"Camiseta Spirit of GS - M",1,0,visible,,,,,taxable,parent,1,1,,0,0,,,,,0,,,1778.43,,,,,,,76615A81473,,,,,,1,,talla,M,,1,,,,,,,,,,,,,,,,,,,,,,,,,,,,,,,,,,,,,,,,synced,1773198512,,approved,,,,,,,,,,,,,,,,,,,,,,,,,,,,,,
18071,variation,,,"Camiseta Spirit of GS - XS",1,0,visible,,,,,taxable,parent,1,1,,0,0,,,,,0,,,1778.43,,,,,,,76615A81473,,,,,,2,,talla,XS,,1,,,,,,,,,,,,,,,,,,,,,,,,,,,,,,,,,,,,,,,,synced,1773198512,,approved,,,,,,,,,,,,,,,,,,,,,,,,,,,,,,
18075,variation,76615A81482,,"Camiseta BMW Motorrad Motorsport - L",1,0,visible,,"Camiseta m larga Motorsport cab negroL",,,taxable,parent,1,1,,0,0,,,,,0,,,1774.43,,,,,,,76615A81481,,,,,,1,,talla,L,,1,,,,,,,,,,,,,,,,,,,,,,,,,,,,,,,,,,,,,,,,synced,1773716487,,approved,,,,,,,,,,,,,,,,,,,,,,,,,,,,,,
18076,variation,,,"Camiseta BMW Motorrad Motorsport - M",1,0,visible,,,,,taxable,parent,1,2,,0,0,,,,,0,,,1774.43,,,,,,,76615A81481,,,,,,2,,talla,M,,1,,,,,,,,,,,,,,,,,,,,,,,,,,,,,,,,,,,,,,,,synced,1773716487,,approved,,,,,,,,,,,,,,,,,,,,,,,,,,,,,,
18077,variation,76615A81483,,"Camiseta BMW Motorrad Motorsport - XL",1,0,visible,,"Camiseta m larga Motorsport cab negroXL",,,taxable,parent,0,0,,0,0,,,,,0,,,1774.43,,,,,,,76615A81481,,,,,,3,,talla,XL,,1,,,,,,,,,,,,,,,,,,,,,,,,,,,,,,,,,,,,,,,,,,,,,,,,,,,,,,,,,,,,,,,,,,,,,,,,,
18103,variation,76615A815F9,,"Sudadera Berlin Built para hombre - L",1,0,visible,,"Sweatshirt Berlin Built Herren off weissL",,,taxable,parent,1,1,,0,0,,,,,0,,,1690.56,,,,,,,76615A815F7,,,,,,1,,talla,L,,1,,,,,,,,,,,,,,,,,,,,,,,,,,,,,,,,,,,,,,,,synced,1773716487,,approved,,,,,,,,,,,,,,,,,,,,,,,,,,,,,,
18104,variation,76615A815F8,,"Sudadera Berlin Built para hombre - M",1,0,visible,,"Sweatshirt Berlin Built Herren off weissM",,,taxable,parent,1,1,,0,0,,,,,0,,,1690.56,,,,,,,76615A815F7,,,,,,2,,talla,M,,1,,,,,,,,,,,,,,,,,,,,,,,,,,,,,,,,,,,,,,,,synced,1773716487,,approved,,,,,,,,,,,,,,,,,,,,,,,,,,,,,,
18105,variation,,,"Sudadera Berlin Built para hombre - S",1,0,visible,,,,,taxable,parent,1,1,,0,0,,,,,0,,,1690.56,,,,,,,76615A815F7,,,,,,3,,talla,S,,1,,,,,,,,,,,,,,,,,,,,,,,,,,,,,,,,,,,,,,,,synced,1773716487,,approved,,,,,,,,,,,,,,,,,,,,,,,,,,,,,,
18147,variation,76617109824,,"Sudadera BMW Motorrad Soulfuel Negra para hombre - L",1,0,visible,,"Sudadera cap Soulfuel caballero negraL",,,taxable,parent,0,0,,0,0,,,,,0,,,1980,,,,https://vecsaboutique.com/wp-content/uploads/2025/02/76617109822.avif,,,76617109822,,,,,,1,,talla,L,,1,,,,,,,,,,,,,,,,,,,,,,,,,,,,,,,,,,,,,,,,,,,,,no,yes,,,,,,,,,,,,,,,,,,,,,,,,,,,
18148,variation,,,"Sudadera BMW Motorrad Soulfuel Negra para hombre - S",1,0,visible,,,,,taxable,parent,0,0,,0,0,,,,,0,,,1980,,,,https://vecsaboutique.com/wp-content/uploads/2025/02/76617109822.avif,,,76617109822,,,,,,2,,talla,S,,1,,,,,,,,,,,,,,,,,,,,,,,,,,,,,,,,,,,,,,,,,,,,,no,yes,,,,,,,,,,,,,,,,,,,,,,,,,,,
18155,variation,76617109925,,"Camiseta R 80 GS - L",1,0,visible,,"Camiseta R 80 G S caballero azulL",,,taxable,parent,0,0,,0,0,,,,,0,,,978.25,,,,,,,76617109924,,,,,,1,,talla,L,,1,,,,,,,,,,,,,,,,,,,,,,,,,,,,,,,,,,,,,,,,,,,,,yes,yes,,,,,,,,,,,,product,,,,,,,,,,,1760744112,,,,
18156,variation,,,"Camiseta R 80 GS - M",1,0,visible,,,,,taxable,parent,0,0,,0,0,,,,,0,,,978.25,,,,,,,76617109924,,,,,,2,,talla,M,,1,,,,,,,,,,,,,,,,,,,,,,,,,,,,,,,,,,,,,,,,,,,,,yes,yes,,,,,,,,,,,,product,,,,,,,,,,,1760744112,,,,
18203,variation,,,"Botas para motociclista  BMW Motorrad KnitLite, Unisex - 36, Unisex",1,0,visible,,,,,taxable,parent,1,1,,0,0,,,,,0,,,7050.08,,,,,,,76225A808F4,,,,,,1,,talla,36,,1,genero,Unisex,,1,,,,,,,,,,,,,,,,,,,,,,,,,,,,,,,,,,,,synced,1773716487,,approved,,,,,,,,,,,,,,,,,,,,,,,,,,,,,,
18206,variation,,,"Camiseta tipo polo GS - XL",1,0,visible,,,,,taxable,parent,0,0,,0,0,,,,,0,,,1263.53,,,,,,,76615A81410,,,,,,1,,talla,XL,,1,,,,,,,,,,,,,,,,,,,,,,,,,,,,,,,,,,,,,,,,,,,,,yes,yes,,,,,,,,,,,,product,,,,,,,,,,,1760743781,,,,
18208,variation,,,"Sudadera con cremallera Make Life a Ride para mujer - M",1,0,visible,,,,,taxable,parent,0,0,,0,0,,,,,0,,,2117.36,,,,,,,76615A81567,,,,,,1,,talla,M,,1,,,,,,,,,,,,,,,,,,,,,,,,,,,,,,,,,,,,,,,,,,,,,yes,yes,,,,,,,,,,,,product,,,,,,,,,,,1760658242,,,,
18216,variable,76217913931,,"Guantes Motorrad Aravis Air",1,0,visible,,"Los guantes de motocicleta BMW Aravis AIR, ligeros y aireados, son especialmente adecuados para el verano. El suave cuero de piel de cabra garantiza un agarre eficaz, mientras que la protección en el dorso de los dedos y los nudillos aumenta la seguridad. Detalle práctico: el puño de neopreno rodea la muñeca de forma segura y cómoda.\n<ul>\n 	<li>Cuero de cabra suave para un agarre estable.</li>\n 	<li>Puño corto de neopreno 3D con cierre de velcro amplio y ajustado para evitar que se desenrolle.</li>\n 	<li>Inscripción ""BMW Motorrad"" en el cierre de velcro</li>\n 	<li>Protección de nudillos suave, integrada y de gran superficie</li>\n 	<li>Refuerzo de los bordes de la mano y la yema del pulgar con doble cuero.</li>\n 	<li>Fortalecimiento de la palma sobre una gran superficie.</li>\n 	<li>Las puntas del dedo índice y el pulgar están adaptadas para operar pantallas táctiles.</li>\n</ul>",,,taxable,,0,,,0,0,,,,,1,,,,"Rider Gear & Garment > Guantes, Rider Gear & Garment",MOTO,,"https://vecsaboutique.com/wp-content/uploads/2025/03/76217913932.avif, https://vecsaboutique.com/wp-content/uploads/2025/03/76217913932_2.avif, https://vecsaboutique.com/wp-content/uploads/2025/03/76217913932_4.avif, https://vecsaboutique.com/wp-content/uploads/2025/03/76217913932_3.avif",,,,,,,,,0,,talla,8,1,1,genero,Unisex,1,1,,,,,,,,,,,,,,,,,,,,,,,,,,,,,,,,,,sync-and-show,,synced,1772938862,,approved,yes,yes,yes,,,,,,1,0,'@ALL,,,,,,,,,,,,,,,,,,,
18229,variable,76427109639,,"Chaleco de alta visibilidad",1,0,visible,"[contact-form][contact-field label=""Nombre"" type=""name""  required=""true"" /][contact-field label=""Correo electrónico"" type=""email"" required=""true"" /][contact-field label=""Web"" type=""url"" /][contact-field label=""Mensaje"" type=""textarea"" /][/contact-form]","El chaleco de alta visibilidad garantiza una mejor visibilidad del motociclista gracias a sus materiales reflectantes y su llamativo color, que aumenta la visibilidad. El chaleco es ceñido, por lo que no ondea con el viento. Se puede usar sobre todas las chaquetas y trajes de BMW Motorrad, y su pequeño tamaño facilita su almacenamiento.",,,taxable,,1,,,0,0,,,,,1,,,,"Rider Gear & Garment",MOTO,,"https://vecsaboutique.com/wp-content/uploads/2025/03/76427109639.avif, https://vecsaboutique.com/wp-content/uploads/2025/03/imagesrs.avif",,,,,,,,,0,,talla,"M, XL, XXL",1,1,,,,,,,,,,,,,,,,,,,,,,,,,,,,,,,,,,,,,,sync-and-show,,synced,1773802828,,approved,yes,yes,yes,,,,,,1,0,'@ALL,,,,,,,,,,,,,,,,,,,
18233,variation,,,"Chaleco de alta visibilidad - XL",1,0,visible,,,,,taxable,parent,1,1,,0,0,,,,,0,,,1412.11,,,,,,,76427109639,,,,,,2,,talla,XL,,1,,,,,,,,,,,,,,,,,,,,,,,,,,,,,,,,,,,,,,,,synced,1773802828,,approved,,,,,,,,,,,,,,,,,,,,,,,,,,,,,,
18234,variation,80142454940,,"Chaleco de alta visibilidad - XXL",1,0,visible,,,,,taxable,parent,0,0,,0,0,,,,,0,,,1412.11,,,,,,,76427109639,,,,,,3,,talla,XXL,,1,,,,,,,,,,,,,,,,,,,,,,,,,,,,,,,,,,,,,,,,synced,1743536615,,,,,,,,,,,,,,,,,,,,,,,,,,,,,,,,
18235,variable,80142463195,,"Camiseta MINI para Dama",1,0,visible,,,,,taxable,,1,,,0,0,,,,,1,,,,"Life Style > Camisetas, Life Style",,,"https://vecsaboutique.com/wp-content/uploads/2025/03/80142463195.avif, https://vecsaboutique.com/wp-content/uploads/2025/03/80142463195_2.avif, https://vecsaboutique.com/wp-content/uploads/2025/03/80142463195_3.avif",,,,,,,,,0,,talla,XS,1,1,genero,Mujer,1,1,,,,,,,,,,,,,,,,,,,,,,,,,,,,,,,,,,sync-and-show,created,has-errors,1755721515,,,yes,yes,yes,,,,,default,1,0,'@ALL,,,,,,,,,,,,,,,,,,,
18245,variable,76235A80EF1,,"Chamarra Polar GS BMW Motorrad",1,0,visible,,"SKU: 76235A80EF1\nUbicación: VHGO\nCaja: P5F1A\nMarca: MOTO\nCategoría: Life Style Accesories",,,taxable,,1,1,1,0,0,,,,,1,,,,"Rider Gear & Garment > Chamarras, Rider Gear & Garment",MOTO,,"https://vecsaboutique.com/wp-content/uploads/2025/03/76235A80EF1.avif, https://vecsaboutique.com/wp-content/uploads/2025/03/6597220fc67fc768021747259c770fcd.avif",,,,,,,,,0,,talla,L,1,1,,,,,,,,,,,,,,,,,,,,,,,,,,,,,,,,,,,,,,sync-and-show,,synced,1773802828,,approved,yes,yes,yes,,,,,,1,0,'@ALL,,,,,,,,,,,,,,,,,,,
18260,variation,76217913924,,"Guantes para motociclista BMW Motorrad GS Rallye, Unisex - 8, Unisex",1,0,visible,,,,,taxable,parent,1,1,,0,0,,,,,0,,,2630.45,,,,,,,76217913922,,,,,,2,,talla,8,,1,genero,Unisex,,1,,,,,,,,,,,,,,,,,,,,,,,,,,,,,,,,,,,,synced,1773802828,,approved,,,,,,,,,,,,,,,,,,,,,,,,,,,,,,
18261,variation,,,"Guantes Motorrad Aravis Air - 8, Unisex",1,0,visible,,,,,taxable,parent,1,1,,0,0,,,,,0,,,3235.95,,,,,,,76217913931,,,,,,1,,talla,8,,1,genero,Unisex,,1,,,,,,,,,,,,,,,,,,,,,,,,,,,,,,,,,,,,synced,1772938862,,approved,,,,,,,,,,,,,,,,,,,,,,,,,,,,,,
18263,variation,,,"Guantes Atlanta GTX - 8",1,0,visible,,,,,taxable,parent,0,0,,0,0,,,,,0,,,2117.36,,,,,,,76218536411,,,,,,1,,talla,8,,1,,,,,,,,,,,,,,,,,,,,,,,,,,,,,,,,,,,,,,,,,,,,,,,,,,,,,,,,,,,,,,,,,,,,,,,,,
18268,variation,76247922790,,"Camiseta BMW Motorrad Function Summer, para Hombre",1,0,visible,,"Shirt Function Summer HerrenXL",,,taxable,parent,1,1,,0,0,,,,,0,,,1671.65,,,,,,,76247922787,,,,,,1,,talla,XL,,1,genero,Hombre,,1,color,Gris,,1,,,,,,,,,,,,,,,,,,,,,,,,,,,,,,,,synced,1774148558,Gris,approved,,yes,yes,,,,,,,,,,,,product,,,,,,,,,,,,,,,
18270,variation,76427109637,,"Chaleco de alta visibilidad - M",1,0,visible,,,,,taxable,parent,0,0,,0,0,,,,,0,,,1412.11,,,,,,,76427109639,,,,,,1,,talla,M,,1,,,,,,,,,,,,,,,,,,,,,,,,,,,,,,,,,,,,,,,,,,,,,,,,,,,,,,,,,,,,,,,,,,,,,,,,,
18274,variation,76617109905,,"Camisa BMW Motorrad Denim, para Hombre - L, Hombre",1,0,visible,,"Shirt Denim caballero gris oscuroL",,,taxable,parent,1,1,,0,0,,,,,0,,,2871.11,,,,,,,76617109904,,,,,,1,,talla,L,,1,genero,Hombre,,1,,,,,,,,,,,,,,,,,,,,,,,,,,,,,,,,,,,,synced,1773630074,,approved,,,,,,,,,,,,,,,,,,,,,,,,,,,,,,
18276,variation,76617109918,,"Camiseta BMW Motorrad R 80 G/S, para Hombre",1,0,visible,,"Camiseta R 80 G S caballero blanco rotoM",,,taxable,parent,1,1,,0,0,,,,,0,,,1104.81,,,,,,,76617109917,,,,,,1,,talla,M,,1,genero,Hombre,,1,color,Blanco,,1,,,,,,,,,,,,,,,,,,,,,,,,,,,,,,,,synced,1773630074,Blanco,approved,,,,,,,,,,,,,,,,,,,,,,,,,,,,,,
18277,variation,,,"Camiseta Boxer Motorsport",1,0,visible,,,,,taxable,parent,0,0,,0,0,,,,,0,,,978.25,,,,,,,76617109929,,,,,,1,,talla,S,,1,genero,Hombre,,1,color,Blanco/negro,,1,,,,,,,,,,,,,,,,,,,,,,,,,,,,,,,,,,Blanco/negro,,,no,yes,,,,,,,,,,,,product,,,,,,,,,,,,,,,
18278,variation,76617109950,,"Camiseta BMW Motorrad Spirit of GS, para Hombre",1,0,visible,,"Camiseta Spirit of GS caballero olivaM",,,taxable,parent,1,2,,0,0,,,,,0,,,1104.80,,,,,,,76617109949,,,,,,2,,talla,M,,1,color,"Verde Oliva",,1,genero,Hombre,,1,,,,,,,,,,,,,,,,,,,,,,,,,,,,,,,,synced,1773630074,"Verde Oliva",approved,,,,,,,,,,,,,,,,,,,,,,,,,,,,,,
18285,variation,76618542448,,"Chamarra BMW Motorrad Softshell Motorsport, para Hombre",1,0,visible,,"Chaqueta Softshell Motorsport negraL",,,taxable,parent,1,1,,0,0,,,,,0,,,3838.11,,,,,,,76618542446,,,,,,1,,talla,L,,1,genero,Hombre,,1,color,Negro,,1,,,,,,,,,,,,,,,,,,,,,,,,,,,,,,,,synced,1773630074,Negro,approved,,,,,,,,,,,,,,,,,,,,,,,,,,,,,,
18287,variation,,,"Pantalón Rainlock - XL, Unisex",1,0,visible,,,,,taxable,parent,0,0,,0,0,,,,,0,,,2169.33,,,,,,,76817921667,,,,,,1,,talla,XL,,1,genero,Unisex,,1,,,,,,,,,,,,,,,,,,,,,,,,,,,,,,,,,,,,,,,,,no,yes,,,,,,,,,,,,product,,,,,,,,,,,,,,,
18294,variation,,,"Pantalón Make Life a Ride - M",1,0,visible,,,,,taxable,parent,1,1,,0,0,,,,,0,,,2126.36,,,,,,,76615A81649,,,,,,1,,talla,M,,1,,,,,,,,,,,,,,,,,,,,,,,,,,,,,,,,,,,,,,,,synced,1773802828,,approved,,,,,,,,,,,,,,,,,,,,,,,,,,,,,,
18295,variation,,,"Cinturón Soulfuel - XL, Negro",1,0,visible,,,,,taxable,parent,1,1,,0,0,,,,,0,,,1903.96,,,,,,,76615A82F87,,,,,,1,,talla,XL,,1,color,Negro,,1,,,,,,,,,,,,,,,,,,,,,,,,,,,,,,,,,,,,has-errors,,Negro,,,,,,,,,,,,,,,,,,,,,,,,,,,,,,,
18306,variation,,,"Sudadera con capucha MINI, para niños - 2 - 3 años, Niños",1,0,visible,,,,,taxable,parent,1,1,,0,0,,,,,0,,,1148.08,,,,,,,80145A21656,,,,,,1,,talla,"2 - 3 años",,1,genero,Niños,,1,,,,,,,,,,,,,,,,,,,,,,,,,,,,,,,,,,,pending_delete,synced,1773457522,,approved,,,,,,,,,,,,,,,,,,,,,,,,,,,,,,
18321,variation,,,"Chamarra Polar GS BMW Motorrad - L",1,0,visible,,,,,taxable,parent,1,,,0,0,,,,,0,,,4398.22,,,,,,,76235A80EF1,,,,,,1,,talla,L,,1,,,,,,,,,,,,,,,,,,,,,,,,,,,,,,,,,,,,,,,,synced,1773802828,,approved,,,,,,,,,,,,,,,,,,,,,,,,,,,,,,
18322,variation,,,"Camiseta MINI para Dama - XS, Mujer",1,0,visible,,,,,taxable,parent,1,1,,0,0,,,,,0,,,352.00,,,,,,,80142463195,,,,,,1,,talla,XS,,1,genero,Mujer,,1,,,,,,,,,,,,,,,,,,,,,,,,,,,,,,,,,,,,has-errors,,,,,,,,,,,,,,,,,,,,,,,,,,,,,,,,,
18327,variable,76315A80809,,"Casco para motociclista BMW M Pro Race Slick",1,0,visible,,"Máximo rendimiento, seguridad y confort para los riders más exigentes. El casco integral BMW M Pro Race Slick está diseñado para ofrecer un comportamiento aerodinámico superior tanto en pista como en carretera. Su calota, fabricada en un compuesto de carbono, aramida y fibra de vidrio, proporciona una protección de alto nivel sin sacrificar ligereza.",,,taxable,,0,0,,0,1,,,,,1,,,,"Rider Gear & Garment > Cascos",MOTO,,"https://vecsaboutique.com/wp-content/uploads/2025/08/76315A80813.avif, https://vecsaboutique.com/wp-content/uploads/2025/08/76315A80813_2.avif, https://vecsaboutique.com/wp-content/uploads/2025/08/76315A80813_3.avif, https://vecsaboutique.com/wp-content/uploads/2025/08/76315A80813_4.avif",,,,,,,,,0,,talla,60/61,1,1,genero,Unisex,1,1,color,"Amarillo Neon / Negro",1,1,,,,,,,,,,,,,,,,,,,,,,,,,,,,,,sync-and-show,updated,synced,1773198512,"Amarillo Neon / Negro",approved,yes,yes,yes,,,,,default,1,0,'@ALL,,,,,,,,,,,,,,,,,1449294849617468,,
18329,variation,76315A80813,,"Casco para motociclista BMW M Pro Race Slick",1,0,visible,,,,,taxable,parent,1,1,,0,1,,,,,0,,,20444.66,,,,,,,76315A80809,,,,,,1,,talla,,,1,genero,Unisex,,1,color,"Amarillo Neon / Negro",,1,,,,,,,,,,,,,,,,,,,,,,,,,,,,,,,,synced,1773198512,"Amarillo Neon / Negro",approved,,,,,,,,,,,,,,,,,,,,,,,,,,,,,,
18336,variable,76318504125,,"Casco para motociclista BMW Sao Paulo Light White",1,0,visible,,"Estilo, confort y seguridad para la ciudad. El casco Sao Paulo en color blanco combina diseño moderno con funcionalidad: visera larga, parasol integrado, ventilación ajustable y excelente aerodinámica. Su interior es extraíble y lavable, y la calota está reforzada con fibra de vidrio para mayor protección.",,,taxable,,1,1,,0,0,,,,,1,,,,"Rider Gear & Garment > Cascos",MOTO,,"https://vecsaboutique.com/wp-content/uploads/2025/08/76318504129.avif, https://vecsaboutique.com/wp-content/uploads/2025/08/76318504129_2.avif, https://vecsaboutique.com/wp-content/uploads/2025/08/76318504129_3.avif",,,,,,,,,0,,talla,"60/61, 61/62",1,1,color,Blanco,1,1,genero,Unisex,1,1,,,,,,,,,,,,,,,,,,,,,,,,,,,,,,sync-and-show,pending_create,synced,1774839651,,approved,yes,no,yes,,,,,default,1,0,'@ALL,,,,,,,,,,,,,,,,,2182244678870451,,
18337,variation,76318504129,,"Casco para motociclista BMW Sao Paulo Light White",1,0,visible,,,,,taxable,parent,1,2,,0,0,,,,,0,,,10140.17,,,,,,,76318504125,,,,,,1,,talla,60/61,,1,color,Blanco,,1,genero,Unisex,,1,,,,,,,,,,,,,,,,,,,,,,,,,,,,,,,deleted,synced,1774839651,Blanco,approved,,no,,,,,,,,,,,,,,,,,,,,,,,,,,,,
18338,variation,76318504130,,"Casco para motociclista BMW Sao Paulo Light White",1,0,visible,,,,,taxable,parent,1,2,,0,0,,,,,0,,,10140.17,,,,,,,76318504125,,,,,,2,,talla,61/62,,1,color,Blanco,,1,genero,Unisex,,1,,,,,,,,,,,,,,,,,,,,,,,,,,,,,,,deleted,synced,1774839651,Blanco,approved,,no,,,,,,,,,,,,,,,,,,,,,,,,,,,,
18343,variation,76315A75283,,"Casco para motociclista BMW Bowler ECE 100 Years60/61",1,0,visible,,"Casco Bowler ECE 100 Years60 61",,,taxable,parent,1,1,,0,0,,,,,0,,,14532.97,,,,,,,76315A75279,,,,,,1,,talla,60/61,,1,genero,Unisex,,1,color,Negro,,1,,,,,,,,,,,,,,,,,,,,,,,,,,,,,,,,synced,1773802828,Negro,approved,,yes,yes,,,,,,,,,,,,,,,,,,,,,,,,,,,
18344,variable,76318504131,,"Casco para motociclista BMW Sao Paulo",1,0,visible,,"Diseño moderno, comodidad y seguridad para la ciudad. Este casco tipo jet destaca por su visera larga, parasol integrado y excelente ventilación gracias a entradas superiores con cierre y alerón trasero. Cuenta con interior acolchado removible y lavable, y",,,taxable,,1,1,,0,0,,,,,1,,,,"Rider Gear & Garment > Cascos",,,"https://vecsaboutique.com/wp-content/uploads/2025/08/76318504135.avif, https://vecsaboutique.com/wp-content/uploads/2025/08/76318504135_2.avif, https://vecsaboutique.com/wp-content/uploads/2025/08/76318504135_3.avif",,,,,,,,,0,,talla,"60/61, 61/62",1,1,genero,Unisex,1,1,color,"Gris Mate",1,1,,,,,,,,,,,,,,,,,,,,,,,,,,,,,,sync-and-show,updated,synced,1774580453,,approved,yes,yes,yes,,,,,,1,0,'@ALL,,,,,,,,,,,,,,,,,1292206372375637,,
18345,variation,76318504135,,"Casco para motociclista BMW Sao Paulo",1,0,visible,,,,,taxable,parent,1,2,,0,0,,,,,0,,,10140.17,,,,,,,76318504131,,,,,,1,,talla,60/61,,1,genero,Unisex,,1,color,"Gris Mate",,1,,,,,,,,,,,,,,,,,,,,,,,,,,,,,,,,synced,1774580453,"Gris Mate",approved,,,,,,,,,,,,,,,,,,,,,,,,,,,,,24520907957569431,
18346,variation,76318504136,,"Casco para motociclista BMW Sao Paulo",1,0,visible,,,,,taxable,parent,1,1,,0,0,,,,,0,,,10140.17,,,,,,,76318504131,,,,,,2,,talla,61/62,,1,genero,Unisex,,1,color,"Gris Mate",,1,,,,,,,,,,,,,,,,,,,,,,,,,,,,,,,,synced,1774580453,"Gris Mate",approved,,,,,,,,,,,,,,,,,,,,,,,,,,,,,24297831053231733,
18351,variable,76318504137,,"Casco para motociclista BMW Sao Paulo Nigth Black",1,0,visible,,"Estilo, comodidad y seguridad para tus trayectos urbanos. El casco jet Sao Paulo ofrece visera larga, visor solar integrado, ventilación ajustable y una calota compacta reforzada con fibra de vidrio. Su interior es removible y lavable para mayor practicidad.",,,taxable,,1,1,,0,0,,,,,1,,,,"Rider Gear & Garment > Cascos",MOTO,,"https://vecsaboutique.com/wp-content/uploads/2025/08/76318504141.avif, https://vecsaboutique.com/wp-content/uploads/2025/08/76318504141_2.avif, https://vecsaboutique.com/wp-content/uploads/2025/08/76318504141_3.avif",,,,,,,,,0,,talla,"60/61, 61/62",1,1,genero,Unisex,1,1,color,Negro,1,1,,,,,,,,,,,,,,,,,,,,,,,,,,,,,,sync-and-show,pending_create,synced,1774839651,,approved,yes,no,yes,,,,,,1,0,'@ALL,,,,,,,,,,,,,,,,,805518081922867,,
18352,variation,76318504141,,"Casco para motociclista BMW Sao Paulo Nigth Black",1,0,visible,,,,,taxable,parent,1,3,,0,0,,,,,0,,,10140.17,,,,,,,76318504137,,,,,,1,,talla,60/61,,1,genero,Unisex,,1,color,Negro,,1,,,,,,,,,,,,,,,,,,,,,,,,,,,,,,,deleted,synced,1774839651,Negro,approved,,no,,,,,,,,,,,,,,,,,,,,,,,,,,,,
18353,variation,76318504142,,"Casco para motociclista BMW Sao Paulo Nigth Black",1,0,visible,,,,,taxable,parent,1,3,,0,0,,,,,0,,,10140.17,,,,,,,76318504137,,,,,,2,,talla,61/62,,1,genero,Unisex,,1,color,Negro,,1,,,,,,,,,,,,,,,,,,,,,,,,,,,,,,,deleted,synced,1774839651,Negro,approved,,no,,,,,,,,,,,,,,,,,,,,,,,,,,,,
18358,variable,76315A751E3,,"Casco para motociclista BMW M Pro Race",1,0,visible,,"Diseñado para un rendimiento excepcional en carretera y pista. Su carcasa de fibra de carbono, vidrio y aramida combina ligereza con máxima seguridad. Ofrece ajuste personalizado, excelente aerodinámica gracias a su alerón probado en túnel de viento, y una visera clase 1 con tecnología antivaho para visión total. Detalles como su acolchado reversible y sistema de liberación de emergencia lo hacen ideal para pilotos exigentes.",,,taxable,,1,1,,0,0,,,,,1,,,,"Rider Gear & Garment > Cascos",MOTO,,"https://vecsaboutique.com/wp-content/uploads/2025/08/76315A751E8.avif, https://vecsaboutique.com/wp-content/uploads/2025/08/76315A751E8_2.avif, https://vecsaboutique.com/wp-content/uploads/2025/08/76315A751E8_3.avif, https://vecsaboutique.com/wp-content/uploads/2025/08/76315A751E8_4.avif",,,,,,,,,0,,talla,61/62,1,1,genero,Unisex,1,1,color,Blanco,1,1,,,,,,,,,,,,,,,,,,,,,,,,,,,,,,sync-and-show,updated,synced,1774580453,,approved,yes,yes,yes,,,,,,1,0,'@ALL,,,,,,,,,,,,,,,,,617739021361925,,
18359,variation,76315A751E8,,"Casco para motociclista BMW M Pro Race",1,0,visible,,,,,taxable,parent,1,1,,0,0,,,,,0,,,18966.75,,,,,,,76315A751E3,,,,,,1,,talla,61/62,,1,genero,Unisex,,1,color,Blanco,,1,,,,,,,,,,,,,,,,,,,,,,,,,,,,,,,,synced,1774580453,Blanco,approved,,,,,,,,,,,,,,,,,,,,,,,,,,,,,24389397844056417,
18374,variable,76315A752B5,,"Casco para motociclista BMW Grand Racer",1,0,visible,,"Inspirado en el espíritu clásico del motociclismo, el casco Grand Racer combina un diseño retro con tecnología moderna. Ofrece excelente confort acústico, materiales premium y detalles únicos en latón y cobre. Su calota ligera y resistente, fabricada en fibra de vidrio y carbono, garantiza seguridad y estilo para los amantes de la gama Heritage.",,,taxable,,1,,,0,0,,,,,1,,,,"Rider Gear & Garment > Cascos",MOTO,,"https://vecsaboutique.com/wp-content/uploads/2025/08/76315A752B7.avif, https://vecsaboutique.com/wp-content/uploads/2025/08/76315A752B7_2.avif, https://vecsaboutique.com/wp-content/uploads/2025/08/76315A752B7_3.avif",,,,,,,,,0,,talla,"57/58, 59/60",1,1,genero,Unisex,1,1,color,Verde,1,1,,,,,,,,,,,,,,,,,,,,,,,,,,,,,,sync-and-show,updated,synced,1774580453,,approved,yes,yes,yes,,,,,,1,0,'@ALL,,,,,,,,,,,,,,,,,1494958371955393,,
18375,variation,76315A752B7,,"Casco para motociclista BMW Grand Racer",1,0,visible,,,,,taxable,parent,1,1,,0,0,,,,,0,,,19212.97,,,,,,,76315A752B5,,,,,,1,,talla,57/58,,1,genero,Unisex,,1,color,Verde,,1,,,,,,,,,,,,,,,,,,,,,,,,,,,,,,,,synced,1774580453,Verde,approved,,,,,,,,,,,,,,,,,,,,,,,,,,,,,31463921223206160,
18376,variation,76315A752B8,,"Casco para motociclista BMW Grand Racer",1,0,visible,,,,,taxable,parent,1,1,,0,0,,,,,0,,,19212.97,,,,,,,76315A752B5,,,,,,2,,talla,59/60,,1,genero,Unisex,,1,color,Verde,,1,,,,,,,,,,,,,,,,,,,,,,,,,,,,,,,,synced,1774580453,Verde,approved,,,,,,,,,,,,,,,,,,,,,,,,,,,,,24244484015245626,
18380,variable,76315A752C0,,"Casco para motociclista BMW Grand Racer",1,0,visible,,"Diseño clásico, tecnología moderna. El Grand Racer combina el estilo del motociclismo de antaño con materiales premium y un confort acústico superior. Ideal para los modelos BMW Heritage, destaca por sus detalles en latón y cobre, además de una construcción ligera y segura.",,,taxable,,1,,,0,0,,,,,1,,,,"Rider Gear & Garment > Cascos",,,"https://vecsaboutique.com/wp-content/uploads/2025/08/76315A752C2.avif, https://vecsaboutique.com/wp-content/uploads/2025/08/76315A752C2_2.avif, https://vecsaboutique.com/wp-content/uploads/2025/08/76315A752C2_3.avif",,,,,,,,,0,,talla,58/59,1,1,genero,Unisex,1,1,color,Blanco,1,1,,,,,,,,,,,,,,,,,,,,,,,,,,,,,,sync-and-show,updated,synced,1774580453,,approved,yes,yes,yes,,,,,default,1,0,'@ALL,,,,,,,,,,,,,,,,,1046936090847610,,
18381,variation,76315A752C2,,"Casco para motociclista BMW Grand Racer",1,0,visible,,,,,taxable,parent,1,1,,0,0,,,,,0,,,18474.02,,,,,,,76315A752C0,,,,,,1,,talla,58/59,,1,genero,Unisex,,1,color,Blanco,,1,,,,,,,,,,,,,,,,,,,,,,,,,,,,,,,,synced,1774580453,Blanco,approved,,,,,,,,,,,,,,,,,,,,,,,,,,,,,25004292472507265,
18385,variable,76315A80824,,"Casco para motociclista BMW Sao Paulo Watt",1,0,visible,,"Diseño urbano, comodidad superior y seguridad inteligente: el casco BMW Sao Paulo es la elección ideal para quienes se mueven por la ciudad. Su visera larga y el parasol integrado brindan protección en cualquier condición de luz, mientras que los sistemas de ventilación con cierre y el alerón trasero evitan la acumulación de calor. El interior acolchado es completamente extraíble y lavable, ofreciendo practicidad para el día a día. Fabricado con calota reforzada en fibra de vidrio, combina estilo y protección con el respaldo de BMW Motorrad.",,,taxable,,1,,,0,0,,,,,1,,,,"Rider Gear & Garment > Cascos",MOTO,,"https://vecsaboutique.com/wp-content/uploads/2025/08/76315A80829.avif, https://vecsaboutique.com/wp-content/uploads/2025/08/76315A80829_3.avif, https://vecsaboutique.com/wp-content/uploads/2025/08/76315A80829_2.avif",,,,,,,,,0,,talla,"60/61, 61/62",1,1,genero,Unisex,1,1,color,Gris,1,1,,,,,,,,,,,,,,,,,,,,,,,,,,,,,,dont-sync-and-show,,,,,,yes,yes,yes,,,,,default,1,0,'@ALL,,,,,,,,,,,,,,,,,1140945997930787,,
18386,variation,76315A80828,,"Casco para motociclista BMW Sao Paulo Watt",1,0,visible,,,,,taxable,parent,1,3,,0,0,,,,,0,,,12069.60,,,,,,,76315A80824,,,,,,1,,talla,60/61,,1,genero,Unisex,,1,color,Gris,,1,,,,,,,,,,,,,,,,,,,,,,,,,,,,,,,,,,Gris,,,,,,,,,,,,,,,,,,,,,,,,,,,,,,,
18387,variation,76315A80829,,"Casco para motociclista BMW Sao Paulo Watt",1,0,visible,,,,,taxable,parent,1,2,,0,0,,,,,0,,,12069.60,,,,,,,76315A80824,,,,,,2,,talla,61/62,,1,genero,Unisex,,1,color,Gris,,1,,,,,,,,,,,,,,,,,,,,,,,,,,,,,,,,,,Gris,,,,,,,,,,,,,,,,,,,,,,,,,,,,,,,
18391,variable,76315A80831,,"Casco para motociclista BMW Sao Paulo Matter",1,0,visible,,"Moderno, cómodo y seguro para moverte por la ciudad. Este casco jet cuenta con visera larga, visor solar integrado, ventilación ajustable, calota reforzada con fibra de vidrio y un interior extraíble y lavable. Disponible en dos tamaños de calota para un ajuste preciso.",,,taxable,,1,1,,0,0,,,,,1,,,,"Rider Gear & Garment > Cascos",MOTO,,"https://vecsaboutique.com/wp-content/uploads/2025/08/76315A80835.avif, https://vecsaboutique.com/wp-content/uploads/2025/08/76315A80835_2.avif, https://vecsaboutique.com/wp-content/uploads/2025/08/76315A80835_3.avif, https://vecsaboutique.com/wp-content/uploads/2025/08/76315A80835_4.avif",,,,,,,,,0,,talla,"59/60, 60/61",1,1,genero,Unisex,1,1,color,"Negro / Gris",1,1,,,,,,,,,,,,,,,,,,,,,,,,,,,,,,sync-and-show,pending_create,synced,1774839651,,approved,yes,no,yes,,,,,default,1,0,'@ALL,,,,,,,,,,,,,,,,,1011329844350320,,
18392,variation,76315A80834,,"Casco para motociclista BMW Sao Paulo Matter",1,0,visible,,,,,taxable,parent,1,1,,0,0,,,,,0,,,7845.24,,,,,,,76315A80831,,,,,,1,,talla,59/60,,1,genero,Unisex,,1,color,"Negro / Gris",,1,,,,,,,,,,,,,,,,,,,,,,,,,,,,,,,deleted,synced,1774839651,"Negro / Gris",approved,,no,,,,,,,,,,,,,,,,,,,,,,,,,,,,
18393,variation,76315A80835,,"Casco para motociclista BMW Sao Paulo Matter",1,0,visible,,,,,taxable,parent,1,2,,0,0,,,,,0,,,7845.24,,,,,,,76315A80831,,,,,,2,,talla,60/61,,1,genero,Unisex,,1,color,"Negro / Gris",,1,,,,,,,,,,,,,,,,,,,,,,,,,,,,,,,deleted,synced,1774839651,"Negro / Gris",approved,,no,,,,,,,,,,,,,,,,,,,,,,,,,,,,
18398,variable,76315A80838,,"Casco para motociclista BMW Sao Paulo Charge",1,0,visible,,"El casco Sao Paulo combina estilo y funcionalidad con visera larga, visor solar integrado y ventilación ajustable. Su diseño aerodinámico ofrece eficiencia, mientras que el interior extraíble y lavable garantiza comodidad duradera.",,,taxable,,1,1,,0,0,,,,,1,,,,"Rider Gear & Garment > Cascos",,,"https://vecsaboutique.com/wp-content/uploads/2025/08/76315A80842.avif, https://vecsaboutique.com/wp-content/uploads/2025/08/76315A80842_2.avif, https://vecsaboutique.com/wp-content/uploads/2025/08/76315A80842_3.avif, https://vecsaboutique.com/wp-content/uploads/2025/08/76315A80842_4.avif",,,,,,,,,0,,talla,60/61,1,1,genero,Unisex,1,1,color,Rojo,1,1,,,,,,,,,,,,,,,,,,,,,,,,,,,,,,sync-and-show,updated,synced,1774580453,,approved,yes,yes,yes,,,,,default,1,0,'@ALL,,,,,,,,,,,,,,,,,792625019867690,,
18403,variation,76315A80842,,"Casco para motociclista BMW Sao Paulo Charge",1,0,visible,,,,,taxable,parent,1,1,,0,0,,,,,0,,,12069.60,,,,,,,76315A80838,,,,,,1,,talla,60/61,,1,genero,Unisex,,1,color,Rojo,,1,,,,,,,,,,,,,,,,,,,,,,,,,,,,,,,,synced,1774580453,Rojo,approved,,,,,,,,,,,,,,,,,,,,,,,,,,,,,,
18404,variable,76315A80845,,"Casco para motociclista BMW Sao Paulo Neuron",1,0,visible,,"Diseñado para la ciudad, el casco BMW Sao Paulo combina comodidad, seguridad y estilo. Con visera larga, parasol integrado y ventilación ajustable, ofrece una experiencia fresca y protegida en cada trayecto. Su calota reforzada con fibra de vidrio y forro interior lavable garantizan durabilidad y confort. Compatible con el sistema de intercomunicación BMW Fit-for-All.",,,taxable,,1,1,,0,0,,,,,1,,,,"Rider Gear & Garment > Cascos",MOTO,,"https://vecsaboutique.com/wp-content/uploads/2025/08/76315A80848.avif, https://vecsaboutique.com/wp-content/uploads/2025/08/76315A80848_2.avif, https://vecsaboutique.com/wp-content/uploads/2025/08/76315A80848_3.avif, https://vecsaboutique.com/wp-content/uploads/2025/08/76315A80848_4.avif",,,,,,,,,0,,talla,"59/60, 60/61",1,1,genero,Unisex,1,1,color,Azul/blanco,1,1,,,,,,,,,,,,,,,,,,,,,,,,,,,,,,sync-and-show,pending_create,synced,1774839652,,approved,yes,no,yes,,,,,default,1,0,'@ALL,,,,,,,,,,,,,,,,,3070903489748908,,
18405,variation,76315A80848,,"Casco para motociclista BMW Sao Paulo Neuron",1,0,visible,,,,,taxable,parent,1,1,,0,0,,,,,0,,,12069.60,,,,,,,76315A80845,,,,,,1,,talla,59/60,,1,genero,Unisex,,1,color,Azul/blanco,,1,,,,,,,,,,,,,,,,,,,,,,,,,,,,,,,deleted,synced,1774839652,Azul/blanco,approved,,no,,,,,,,,,,,,,,,,,,,,,,,,,,,,
18406,variation,76315A80849,,"Casco para motociclista BMW Sao Paulo Neuron",1,0,visible,,,,,taxable,parent,1,2,,0,0,,,,,0,,,12069.60,,,,,,,76315A80845,,,,,,2,,talla,60/61,,1,genero,Unisex,,1,color,Azul/blanco,,1,,,,,,,,,,,,,,,,,,,,,,,,,,,,,,,deleted,synced,1774839652,Azul/blanco,approved,,no,,,,,,,,,,,,,,,,,,,,,,,,,,,,
18412,variable,76315A80852,,"Casco para motociclista BMW Sao Paulo Nucleus",1,0,visible,,"Ideal para recorrer la ciudad con estilo, comodidad y seguridad. Incorpora una visera larga y una solar integrada para mayor protección, así como ventilaciones superiores y un alerón que optimizan la circulación del aire y la eficiencia aerodinámica. Su interior acolchado es extraíble y lavable, ofreciendo practicidad y confort en cada trayecto.",,,taxable,,1,,,0,0,,,,,1,,,,"Rider Gear & Garment > Cascos",,,"https://vecsaboutique.com/wp-content/uploads/2025/08/76315A80855.avif, https://vecsaboutique.com/wp-content/uploads/2025/08/76315A80855_2.avif, https://vecsaboutique.com/wp-content/uploads/2025/08/76315A80855_3.avif, https://vecsaboutique.com/wp-content/uploads/2025/08/76315A80855_4.avif",,,,,,,,,0,MOTORRAD,talla,59/60,1,1,genero,Unisex,1,1,color,"Blanco / Rojo",1,1,,,,,,,,,,,,,,,,,,,,,,,,,,,,,,sync-and-show,updated,synced,1774580453,,approved,yes,yes,yes,,,,,default,1,0,'@ALL,,,,,,,,,,,,,,,,1,1491014472229759,,
18413,variation,76315A80855,,"Casco para motociclista BMW Sao Paulo Nucleus",1,0,visible,,,,,taxable,parent,1,2,,0,0,,,,,0,,,12069.60,,,,,,,76315A80852,,,,,,1,,talla,59/60,,1,genero,Unisex,,1,color,"Blanco / Rojo",,1,,,,,,,,,,,,,,,,,,,,,,,,,,,,,,,,synced,1774580453,"Blanco / Rojo",approved,,,,,,,,,,,,,,,,,,,,,,,,,,,,,25219027937687683,
18439,variable,76117913242,,"Pantalón para motociclista BMW Motorrad GS Rallye GTX, para hombre",1,0,visible,,"<div class=""ewa-rteLine"">Pantalón para motocicleta con buena ventilación y un aspecto moderno con inserciones elásticas. Adecuado para temperaturas medias y altas. Transpirable, y con tecnología GORE-TEX-Outsert impermeable para todos los climas.</div>\n<div class=""ewa-rteLine""></div>\n<div class=""ewa-rteLine"">\n<div class=""ewa-rteLine"">Funciones de seguridad:</div>\n<div class=""ewa-rteLine"">-Protectores de articulaciones NP3 regulables en altura en las rodillas</div>\n<div class=""ewa-rteLine"">-Impresión reflectante en la pernera del pantalón</div>\n<div class=""ewa-rteLine"">-Clase de protección AA, EN 17092</div>\n<div class=""ewa-rteLine""></div>\n<div class=""ewa-rteLine"">Funcionalidad:</div>\n<div class=""ewa-rteLine"">-Bolsillos con cremallera en ambos muslos</div>\n<div class=""ewa-rteLine"">-Dobladillo de pantalón totalmente ajustable con velcro</div>\n<div class=""ewa-rteLine"">-Cremallera de unión: todo alrededor y corta</div>\n<div class=""ewa-rteLine"">-El ancho de la pernera del pantalón es sencillo de ajustar y se puede abrir en toda su extensión</div>\n<div class=""ewa-rteLine"">-El ancho de la pernera del pantalón se puede ajustar a las botas GS Pro mediante una cremallera integrada</div>\n<div class=""ewa-rteLine"">-Sistema de ajuste de cintura con gancho</div>\n<div class=""ewa-rteLine"">-Zona de estiramiento sobre los bolsillos traseros</div>\n<div class=""ewa-rteLine"">-Ribete de piel en el interior de las rodillas</div>\n</div>",,,taxable,,1,,,0,0,,,,,1,,,,"Rider Gear & Garment > Pantalones",,,"https://vecsaboutique.com/wp-content/uploads/2024/09/76117913245.avif, https://vecsaboutique.com/wp-content/uploads/2024/09/76117913245_2.avif",,,,,,,,,0,MOTORRAD,talla,38,1,1,genero,Hombre,1,1,color,Negro,1,1,,,,,,,,,,,,,,,,,,,,,,,,,,,,,,sync-and-show,updated,synced,1773198512,,approved,yes,yes,yes,,,,0,,1,0,'@ALL,,,,,,,,,,,,,,,,,,,
18440,variation,76117913245,,"Pantalón para motociclista BMW Motorrad GS Rallye GTX, para hombre",1,0,visible,,,,,taxable,parent,1,1,,0,0,,,,,0,,,19367.30,,,,,,,76117913242,,,,,,1,,talla,38,,1,genero,Hombre,,1,color,Negro,,1,,,,,,,,,,,,,,,,,,,,,,,,,,,,,,,,synced,1773198512,Negro,approved,,,,,,,,,,,,,,,,,,,,,,,,,,,,,,
18442,variable,76117913310,,"Pantalón para motociclista BMW Motorrad GS Rallye AIR, para Hombre",1,0,visible,,"<div class=""ewa-rteLine"">Diseñados para enfrentar el calor, estos pantalones de moto ofrecen máxima ventilación gracias a su material de poliamida transpirable y resistente a la abrasión. Equipados con protectores NP3 en las articulaciones, garantizan seguridad sin comprometer la comodidad.</div>\n<div class=""ewa-rteLine"">Con dos prácticos bolsillos en caderas y muslos, elementos reflectantes para mayor visibilidad y ajuste fácil del ancho del pie mediante cremallera, estos pantalones combinan funcionalidad y estilo. Las zonas elásticas y el ribete de cuero en las rodillas proporcionan flexibilidad y durabilidad.</div>\n<div class=""ewa-rteLine""></div>\n<div class=""ewa-rteLine"">Características:</div>\n<div class=""ewa-rteLine""></div>\n<div class=""ewa-rteLine"">Material resistente y transpirable</div>\n<div class=""ewa-rteLine"">Protectores NP3 en articulaciones</div>\n<div class=""ewa-rteLine"">Reflectantes para mayor seguridad</div>\n<div class=""ewa-rteLine"">Ajuste de ancho de pie con cremallera</div>\n<div class=""ewa-rteLine"">Bolsillos con y sin cremallera</div>\n<div class=""ewa-rteLine"">Diseño ergonómico con zonas elásticas</div>\n<div class=""ewa-rteLine"">Ribete de cuero en interior de rodilla</div>\n<div class=""ewa-rteLine"">Certificación de seguridad AA, EN 17092</div>",,,taxable,,1,,,0,0,,,,,1,,,,"Rider Gear & Garment > Pantalones",,,"https://vecsaboutique.com/wp-content/uploads/2024/11/76117913313.avif, https://vecsaboutique.com/wp-content/uploads/2024/11/76117913313_2.avif, https://vecsaboutique.com/wp-content/uploads/2024/11/76117913313_3.avif",,,,,,,,,0,MOTORRAD,talla,38,1,1,genero,Hombre,1,1,color,Caqui,1,1,,,,,,,,,,,,,,,,,,,,,,,,,,,,,,sync-and-show,updated,synced,1773198512,,approved,yes,yes,yes,,,,0,,1,0,'@ALL,,,,,,,,,,,,,,,,,,,
18444,variable,76117913370,,"Pantalón para motociclista BMW Motorrad Puna GTX, para Hombre",1,0,visible,,"<div class=""ewa-rteLine"">Resistentes y versátiles, estos pantalones BMW GS Puna GTX están diseñados para el uso todoterreno y urbano. Fabricados con membrana GORE-TEX®, ofrecen impermeabilidad y alta transpirabilidad para mantenerte seco y cómodo en cualquier clima.</div>\n<div class=""ewa-rteLine""></div>\n<div class=""ewa-rteLine"">Incorporan protectores NP3 extraíbles en rodillas y caderas para una seguridad óptima, además de detalles reflectantes para mayor visibilidad. Las inserciones elásticas y opciones de ajuste, como dobladillos y cordón en cintura, aseguran un ajuste perfecto y libertad de movimiento.</div>\n<div class=""ewa-rteLine""></div>\n<div class=""ewa-rteLine"">Características principales:</div>\n<div class=""ewa-rteLine""></div>\n<div class=""ewa-rteLine"">- Membrana GORE-TEX® impermeable y transpirable</div>\n<div class=""ewa-rteLine"">- Protectores NP3 extraíbles en rodillas y caderas</div>\n<div class=""ewa-rteLine"">- Estampados reflectantes para mayor seguridad</div>\n<div class=""ewa-rteLine"">- Ajuste cómodo con cordón y dobladillos ajustables</div>\n<div class=""ewa-rteLine"">- Dos bolsillos abiertos delanteros</div>\n<div class=""ewa-rteLine"">- Aplicaciones de cuero en el interior de las piernas</div>\n<div class=""ewa-rteLine"">- Certificación de seguridad clase AA</div>",,,taxable,,1,,,0,0,,,,,1,,,,"Rider Gear & Garment > Pantalones",,,"https://vecsaboutique.com/wp-content/uploads/2025/08/76117913374.avif, https://vecsaboutique.com/wp-content/uploads/2025/08/76117913374_2.avif, https://vecsaboutique.com/wp-content/uploads/2025/08/76117913374_3.avif, https://vecsaboutique.com/wp-content/uploads/2025/08/76117913374_4.avif",,,,,,,,,0,MOTORRAD,talla,38,1,1,genero,Hombre,1,1,color,Gris,1,1,,,,,,,,,,,,,,,,,,,,,,,,,,,,,,sync-and-show,updated,synced,1773198512,,approved,yes,yes,yes,,,,0,,1,0,'@ALL,,,,,,,,,,,,,,,,,,,
18445,variation,76117913374,,"Pantalón para motociclista BMW Motorrad Puna GTX, para Hombre",1,0,visible,,,,,taxable,parent,1,1,,0,0,,,,,0,,,14211.19,,,,,,,76117913370,,,,,,1,,talla,38,,1,genero,Hombre,,1,color,Gris,,1,,,,,,,,,,,,,,,,,,,,,,,,,,,,,,,,synced,1773198512,Gris,approved,,,,,,,,,,,,,,,,,,,,,,,,,,,,,,
18446,variation,76117913314,,"Pantalón para motociclista BMW Motorrad GS Rallye AIR, para Hombre",1,0,visible,,,,,taxable,parent,1,2,,0,0,,,,,0,,,11632.11,,,,,,,76117913310,,,,,,1,,talla,38,,1,genero,Hombre,,1,color,Caqui,,1,,,,,,,,,,,,,,,,,,,,,,,,,,,,,,,,synced,1773198512,Caqui,approved,,,,,,,,,,,,,,,,,,,,,,,,,,,,,,
18447,variable,76117913397,,"Chamarra para motociclista Reschen GTX, para Hombre",1,0,visible,,"<div class=""ewa-rteLine"">La comodidad de la chaqueta Reschen GTX es especialmente importante en rutas largas. Esta chaqueta Enduro, impermeable y transpirable, cuenta con ventilación avanzada, inserciones elásticas para una mayor libertad de movimiento y un ajuste óptimo. Los protectores de espalda y articulaciones NP3 extraíbles garantizan la seguridad.</div>\n<div class=""ewa-rteLine""></div>\n<div class=""ewa-rteLine"">- Transpirable y a prueba de viento gracias a la construcción de película Z con membrana GORE-TEX®</div>\n<div class=""ewa-rteLine"">- Ajuste cómodo</div>\n<div class=""ewa-rteLine"">- Ventilación AirVent eficaz en la parte delantera</div>\n<div class=""ewa-rteLine"">- El tejido espaciador 3D en la parte posterior garantiza una mejor circulación del aire.</div>\n<div class=""ewa-rteLine"">- Protectores NP3 extraíbles en hombros y codos.</div>\n<div class=""ewa-rteLine"">- Incluye protector de espalda largo NP3</div>\n<div class=""ewa-rteLine"">- Estampado reflectante en mangas y espalda.</div>\n<div class=""ewa-rteLine"">- Clase de protección AA</div>\n<div class=""ewa-rteLine"">- Dobladillos de mangas con ancho ajustable y cierre de velcro.</div>\n<div class=""ewa-rteLine"">- Ajuste del ancho de los dobladillos mediante un cordón</div>\n<div class=""ewa-rteLine"">- Bolsillo en el pecho y bolsillo trasero grande.</div>\n<div class=""ewa-rteLine"">- Dos grandes bolsillos impermeables con abertura en la parte delantera.</div>",,,taxable,,1,,,0,0,,,,,1,,,,"Rider Gear & Garment > Chamarras",,,"https://vecsaboutique.com/wp-content/uploads/2024/11/76117913400.avif, https://vecsaboutique.com/wp-content/uploads/2024/11/76117913400_2.avif",,,,,,,,,0,MOTORRAD,talla,"34, 36",1,1,genero,Hombre,1,1,color,"Azul / Verde",1,1,,,,,,,,,,,,,,,,,,,,,,,,,,,,,,sync-and-show,updated,synced,1773198512,,approved,yes,yes,yes,,,,0,,1,0,'@ALL,,,,,,,,,,,,,,,,,,,
18448,variation,76117913399,,"Chamarra para motociclista Reschen GTX, para Hombre",1,0,visible,,,,,taxable,parent,1,1,,0,0,,,,,0,,,21608.11,,,,,,,76117913397,,,,,,2,,talla,34,,1,genero,Hombre,,1,color,"Azul / Verde",,1,,,,,,,,,,,,,,,,,,,,,,,,,,,,,,,,synced,1773198512,"Azul / Verde",approved,,,,,,,,,,,,,,,,,,,,,,,,,,,,,,
18449,variation,76117913400,,"Chamarra para motociclista Reschen GTX, para Hombre",1,0,visible,,,,,taxable,parent,1,2,,0,0,,,,,0,,,21608.11,,,,,,,76117913397,,,,,,1,,talla,36,,1,genero,Hombre,,1,color,"Azul / Verde",,1,,,,,,,,,,,,,,,,,,,,,,,,,,,,,,,,synced,1773198512,"Azul / Verde",approved,,,,,,,,,,,,,,,,,,,,,,,,,,,,,,
18450,variable,76117913435,,"Chamarra para motociclista BMW Motorrad GS Adrar, para Hombre",1,0,visible,,"Transpirable y a prueba de viento gracias a la construcción de película Z con membrana GORE-TEX®",,,taxable,,1,,,0,0,,,,,1,,,,"Rider Gear & Garment > Chamarras",,,"https://vecsaboutique.com/wp-content/uploads/2024/09/76117913438.avif, https://vecsaboutique.com/wp-content/uploads/2024/09/76117913438_2.avif, https://vecsaboutique.com/wp-content/uploads/2024/09/76117913438_3.avif, https://vecsaboutique.com/wp-content/uploads/2024/09/76117913438_4.avif, https://vecsaboutique.com/wp-content/uploads/2024/09/76117913438_5.avif",,,,,,76117913457,,,0,MOTORRAD,talla,"40, 44",1,1,genero,Hombre,1,1,color,"Rojo / Blanco",1,1,,,,,,,,,,,,,,,,,,,,,,,,,,,,,,sync-and-show,updated,synced,1773198512,,approved,yes,yes,yes,,,,0,,1,0,'@ALL,,,,,,,,,,,,,,,,,,,
18451,variation,76117913440,,"Chamarra para motociclista BMW Motorrad GS Adrar, para Hombre",1,0,visible,,,,,taxable,parent,1,2,,0,0,,,,,0,,,14719.26,,,,,,,76117913435,,,76117913457,,,1,,talla,40,,1,genero,Hombre,,1,color,"Rojo / Blanco",,1,,,,,,,,,,,,,,,,,,,,,,,,,,,,,,,,synced,1773198512,"Rojo / Blanco",approved,,,,,,,,,,,,,,,,,,,,,,,,,,,,,,
18452,variation,76117913442,,"Chamarra para motociclista BMW Motorrad GS Adrar, para Hombre",1,0,visible,,,,,taxable,parent,1,1,,0,0,,,,,0,,,14719.26,,,,,,,76117913435,,,76117913457,,,2,,talla,44,,1,genero,Hombre,,1,color,"Rojo / Blanco",,1,,,,,,,,,,,,,,,,,,,,,,,,,,,,,,,,synced,1773198512,"Rojo / Blanco",approved,,,,,,,,,,,,,,,,,,,,,,,,,,,,,,
18454,variable,76117913457,,"Pantalon BMW Motorrad GS Adrar, para Hombre",1,0,visible,,"Ventilación AirVent eficaz en la parte delantera, El tejido espaciador 3D en la parte posterior garantiza una mejor circulación del aire.",,,taxable,,1,,,0,0,,,,,1,,,,"Rider Gear & Garment > Pantalones",,,"https://vecsaboutique.com/wp-content/uploads/2024/09/76117913460.avif, https://vecsaboutique.com/wp-content/uploads/2024/09/76117913460_2.avif, https://vecsaboutique.com/wp-content/uploads/2024/09/76117913460_3.avif, https://vecsaboutique.com/wp-content/uploads/2024/09/76117913460_4.avif, https://vecsaboutique.com/wp-content/uploads/2024/09/76117913460_5.avif",,,,,,76117913435,,,0,MOTORRAD,talla,"40, 44",1,1,genero,Hombre,1,1,color,Blanco,1,1,,,,,,,,,,,,,,,,,,,,,,,,,,,,,,sync-and-show,updated,synced,1773198512,,approved,yes,yes,yes,,,,0,,1,0,'@ALL,,,,,,,,,,,,,,,,,,,
18455,variation,76117913462,,"Pantalon BMW Motorrad GS Adrar, para Hombre",1,0,visible,,,,,taxable,parent,1,1,,0,0,,,,,0,,,10439.80,,,,,,,76117913457,,,76117913435,,,1,,talla,40,,1,genero,Hombre,,1,color,Blanco,,1,,,,,,,,,,,,,,,,,,,,,,,,,,,,,,,,synced,1773198512,Blanco,approved,,,,,,,,,,,,,,,,,,,,,,,,,,,,,,
18456,variation,76117913464,,"Pantalon BMW Motorrad GS Adrar, para Hombre",1,0,visible,,,,,taxable,parent,1,1,,0,0,,,,,0,,,10439.80,,,,,,,76117913457,,,76117913435,,,2,,talla,44,,1,genero,Hombre,,1,color,Blanco,,1,,,,,,,,,,,,,,,,,,,,,,,,,,,,,,,,synced,1773198512,Blanco,approved,,,,,,,,,,,,,,,,,,,,,,,,,,,,,,
18457,variation,76117913509,,"Pantalón para motociclista BMW Motorrad Gore-Tex Xride, para Hombre",1,0,visible,,,,,taxable,parent,1,1,,0,0,,,,,0,,,16618.74,,,,,,,76117913506,,,,,,2,,talla,36,,1,genero,Hombre,,1,color,Negro,,1,,,,,,,,,,,,,,,,,,,,,,,,,,,,,,,,synced,1773802828,Negro,approved,,,,,,,,,,,,,,,,,,,,,,,,,,,,,,
18458,variation,76117913510,,"Pantalón para motociclista BMW Motorrad Gore-Tex Xride, para Hombre",1,0,visible,,,,,taxable,parent,1,2,,0,0,,,,,0,,,16618.74,,,,,,,76117913506,,,,,,3,,talla,38,,1,genero,Hombre,,1,color,Negro,,1,,,,,,,,,,,,,,,,,,,,,,,,,,,,,,,,synced,1773802828,Negro,approved,,,,,,,,,,,,,,,,,,,,,,,,,,,,,,
18459,variation,76117913511,,"Pantalón para motociclista BMW Motorrad Gore-Tex Xride, para Hombre",1,0,visible,,,,,taxable,parent,1,1,,0,0,,,,,0,,,16618.74,,,,,,,76117913506,,,,,,4,,talla,40,,1,genero,Hombre,,1,color,Negro,,1,,,,,,,,,,,,,,,,,,,,,,,,,,,,,,,,synced,1773802828,Negro,approved,,,,,,,,,,,,,,,,,,,,,,,,,,,,,,
18460,variation,76117913508,,"Pantalón para motociclista BMW Motorrad Gore-Tex Xride, para Hombre",1,0,visible,,"Pantal n XRide GTX caballero negra50",,,taxable,parent,1,1,,0,0,,,,,0,,,16618.74,,,,,,,76117913506,,,,,,5,,talla,34,,1,genero,Hombre,,1,color,Negro,,1,,,,,,,,,,,,,,,,,,,,,,,,,,,,,,,,synced,1773802828,Negro,approved,,,,,,,,,,,,,,,,,,,,,,,,,,,,,,
18461,variable,76117913539,,"Chamarra para motociclista BMW Motorrad Hotlap, para Hombre",1,0,visible,,"<div class=""ewa-rteLine"">Chamarra fabricada en napa de alta resistencia a las caídas y la abrasión, convence por su impresionante combinación de protección y comodidad. La alta proporción de tejido elástico y</div>\n<div class=""ewa-rteLine"">las inserciones de cuero en hombros y mangas proporcionan una libertad de movimiento óptima a pesar de los protectores.</div>\n<div class=""ewa-rteLine""></div>\n<div class=""ewa-rteLine"">Características destacadas:</div>\n<div class=""ewa-rteLine"">• Chaqueta de cuero premium</div>\n<div class=""ewa-rteLine"">• Alto porcentaje de tejido elástico</div>\n<div class=""ewa-rteLine"">• Inscripción BMW Motorrad en las mangas, el cuello y la espalda</div>\n<div class=""ewa-rteLine"">• Protectores NP3 en hombros y codos, nivel de protección 2</div>\n<div class=""ewa-rteLine"">• Protector de espalda NP3</div>\n<div class=""ewa-rteLine"">• Material exterior resistente a las caídas y la abrasión</div>\n<div class=""ewa-rteLine"">• Clase de protección AAA</div>\n<div class=""ewa-rteLine"">• Inserciones elásticas de cuero para una libertad de movimiento óptima</div>\n<div class=""ewa-rteLine"">• Cuello suave</div>\n<div class=""ewa-rteLine"">• Dos bolsillos laterales de ribete discretos</div>\n<div class=""ewa-rteLine"">• Cremallera de conexión corta y envolvente</div>\n<div class=""ewa-rteLine"">• AirVent integrado en la cremallera frontal</div>\n<div class=""ewa-rteLine"">• Material: 100 % napa de vacuno, inserciones elásticas: 93 % poliamida, 7 % elastano</div>\n<div class=""ewa-rteLine""></div>",,,taxable,,1,,,0,0,,,,,1,,,,"Rider Gear & Garment > Chamarras",,,"https://vecsaboutique.com/wp-content/uploads/2024/11/76117913544.avif, https://vecsaboutique.com/wp-content/uploads/2024/09/76117913544_2.avif, https://vecsaboutique.com/wp-content/uploads/2024/09/76117913544_4.avif, https://vecsaboutique.com/wp-content/uploads/2024/09/76117913544_5.avif, https://vecsaboutique.com/wp-content/uploads/2024/09/76117913544_3.avif",,,,,,,,,0,MOTORRAD,talla,"34, 40",1,1,genero,Hombre,1,1,color,Negro,1,1,,,,,,,,,,,,,,,,,,,,,,,,,,,,,,sync-and-show,updated,synced,1773198512,,approved,yes,yes,yes,,,,0,,1,0,'@ALL,,,,,,,,,,,,,,,,,,,
18462,variation,76117913544,,"Chamarra para motociclista BMW Motorrad Hotlap, para Hombre",1,0,visible,,,,,taxable,parent,1,1,,0,0,,,,,0,,,15789.55,,,,,,,76117913539,,,,,,1,,talla,40,,1,genero,Hombre,,1,color,Negro,,1,,,,,,,,,,,,,,,,,,,,,,,,,,,,,,,,synced,1773198512,Negro,approved,,,,,,,,,,,,,,,,,,,,,,,,,,,,,,
18463,variation,76117913541,,"Chamarra para motociclista BMW Motorrad Hotlap, para Hombre",1,0,visible,,,,,taxable,parent,1,1,,0,0,,,,,0,,,15789.55,,,,,,,76117913539,,,,,,2,,talla,34,,1,genero,Hombre,,1,color,Negro,,1,,,,,,,,,,,,,,,,,,,,,,,,,,,,,,,,synced,1773198512,Negro,approved,,,,,,,,,,,,,,,,,,,,,,,,,,,,,,
18464,variable,76117913606,,"Chamarra para motociclista BMW Motorrad Aravis AIR, para Hombre",1,0,visible,,"<p class=""mnm-productdetails-description"">La chaqueta de moto BMW Aravis AIR para hombre aporta frescura en las épocas más calurosas de la temporada. Gracias a sus amplias inserciones de malla y elástico, no solo garantiza una libertad de movimiento óptima, sino también una agradable circulación del aire. Excepcionalmente práctica: gracias a sus dos correas de hombro integradas, la chaqueta también se puede llevar cómodamente como mochila.</p>\n\n<ul>\n 	<li>Gracias a dos correas integradas, la chaqueta también se puede usar como mochila.</li>\n 	<li>Una capa extra para usar en temperaturas más bajas.</li>\n 	<li>Recubrimiento resistente a la penetración de suciedad y agua.</li>\n 	<li>Protectores NP3 extraíbles en espalda, hombros y codos.</li>\n 	<li>Impresiones reflectantes para una mejor visibilidad.</li>\n 	<li>Material superior altamente resistente a la abrasión</li>\n 	<li>Clase de protección AA</li>\n 	<li>Inserciones elásticas debajo de los brazos para una libertad de movimiento óptima.</li>\n 	<li>El forro de malla y las inserciones de malla en el pecho y los brazos promueven la circulación del aire.</li>\n 	<li>Chaqueta ligera y resistente al viento que se puede llevar en una mochila.</li>\n 	<li>Dobladillos de mangas con ancho ajustable y cierre de velcro.</li>\n 	<li>Dos bolsillos laterales</li>\n 	<li>Un bolsillo trasero</li>\n 	<li>Tres bolsillos interiores, incluido uno con cremallera.</li>\n 	<li>Cremallera corta y envolvente</li>\n</ul>",,,taxable,,1,,,0,0,,,,,1,,,,"Rider Gear & Garment > Chamarras",,,"https://vecsaboutique.com/wp-content/uploads/2025/08/76117913610.avif, https://vecsaboutique.com/wp-content/uploads/2025/08/76117913610_2.avif, https://vecsaboutique.com/wp-content/uploads/2025/08/76117913610_3.avif, https://vecsaboutique.com/wp-content/uploads/2025/08/76117913610_4.avif, https://vecsaboutique.com/wp-content/uploads/2025/08/76117913610_5.avif",,,,,,76117913632,,,0,MOTORRAD,talla,"38, 40",1,1,genero,Hombre,1,1,color,"Blanco / Gris",1,1,,,,,,,,,,,,,,,,,,,,,,,,,,,,,,sync-and-show,updated,synced,1773198512,,approved,yes,yes,yes,,,,0,,1,0,'@ALL,,,,,,,,,,,,,,,,,,,
18465,variation,76117913610,,"Chamarra para motociclista BMW Motorrad Aravis AIR, para Hombre",1,0,visible,,,,,taxable,parent,1,1,,0,0,,,,,0,,,17394.63,,,,,,,76117913606,,,76117913632,,,1,,talla,38,,1,genero,Hombre,,1,color,"Blanco / Gris",,1,,,,,,,,,,,,,,,,,,,,,,,,,,,,,,,,synced,1773198512,"Blanco / Gris",approved,,,,,,,,,,,,,,,,,,,,,,,,,,,,,,
18466,variation,76117913611,,"Chamarra para motociclista BMW Motorrad Aravis AIR, para Hombre",1,0,visible,,,,,taxable,parent,1,2,,0,0,,,,,0,,,17394.63,,,,,,,76117913606,,,76117913632,,,2,,talla,40,,1,genero,Hombre,,1,color,"Blanco / Gris",,1,,,,,,,,,,,,,,,,,,,,,,,,,,,,,,,,synced,1773198512,"Blanco / Gris",approved,,,,,,,,,,,,,,,,,,,,,,,,,,,,,,
18467,variable,76117913632,,"Pantalon BMW Motorrad Aravis AIR, para Hombre",1,0,visible,,"<div class=""ewa-rteLine"">Los pantalones de moto BMW Aravis AIR para hombre aportan frescura en las épocas más calurosas de la temporada. Gracias a sus amplias inserciones de malla y elástico, no solo ofrecen una libertad de movimiento óptima, sino también una agradable circulación del aire. Excepcionalmente prácticos: el material exterior recubierto protege contra la suciedad y el agua.</div>\n<div class=""ewa-rteLine""></div>\n<div class=""ewa-rteLine"">- Recubrimiento resistente a la penetración de suciedad y agua.</div>\n<div class=""ewa-rteLine"">- Protectores de cadera NP3 extraíbles</div>\n<div class=""ewa-rteLine"">- Protectores de rodilla NP3 extraíbles y ajustables en altura</div>\n<div class=""ewa-rteLine"">- Impresión reflectante</div>\n<div class=""ewa-rteLine"">- Inserciones elásticas alrededor de las rodillas y debajo de los puños para una máxima libertad de movimiento.</div>\n<div class=""ewa-rteLine"">- Forro de malla transpirable y flexible.</div>",,,taxable,,1,,,0,0,,,,,1,,,,"Rider Gear & Garment > Pantalones",,,"https://vecsaboutique.com/wp-content/uploads/2025/08/76117913635.avif, https://vecsaboutique.com/wp-content/uploads/2025/08/76117913635_2.avif, https://vecsaboutique.com/wp-content/uploads/2025/08/76117913635_3.avif, https://vecsaboutique.com/wp-content/uploads/2025/08/76117913635_4.avif, https://vecsaboutique.com/wp-content/uploads/2025/08/76117913635_5.avif",,,,,,76117913606,,,0,MOTORRAD,talla,"36, 38, 40",1,1,genero,Hombre,1,1,color,Gris,1,1,,,,,,,,,,,,,,,,,,,,,,,,,,,,,,sync-and-show,updated,synced,1773198512,,approved,yes,yes,yes,,,,0,,1,0,'@ALL,,,,,,,,,,,,,,,,,,,
18468,variation,76117913635,,"Pantalon BMW Motorrad Aravis AIR, para Hombre",1,0,visible,,,,,taxable,parent,1,2,,0,0,,,,,0,,,11632.11,,,,,,,76117913632,,,76117913606,,,1,,talla,36,,1,genero,Hombre,,1,color,Gris,,1,,,,,,,,,,,,,,,,,,,,,,,,,,,,,,,,synced,1773198512,Gris,approved,,,,,,,,,,,,,,,,,,,,,,,,,,,,,,
18469,variation,76117913636,,"Pantalon BMW Motorrad Aravis AIR, para Hombre",1,0,visible,,,,,taxable,parent,1,1,,0,0,,,,,0,,,11632.11,,,,,,,76117913632,,,76117913606,,,2,,talla,38,,1,genero,Hombre,,1,color,Gris,,1,,,,,,,,,,,,,,,,,,,,,,,,,,,,,,,,synced,1773198512,Gris,approved,,,,,,,,,,,,,,,,,,,,,,,,,,,,,,
18470,variation,76117913637,,"Pantalon BMW Motorrad Aravis AIR, para Hombre",1,0,visible,,,,,taxable,parent,1,1,,0,0,,,,,0,,,11632.11,,,,,,,76117913632,,,76117913606,,,3,,talla,40,,1,genero,Hombre,,1,color,Gris,,1,,,,,,,,,,,,,,,,,,,,,,,,,,,,,,,,synced,1773198512,Gris,approved,,,,,,,,,,,,,,,,,,,,,,,,,,,,,,
18472,variable,76127913725,,"Pantalones BMW Motorrad London, para Hombre",1,0,visible,,"<div class=""ewa-rteLine"">Los pantalones London, con su moderno diseño de cinco bolsillos, lucen geniales incluso sin montar en bicicleta. Los protectores NP Flex 3D en las rodillas ofrecen una alta absorción de impactos sin comprometer la comodidad.</div>\n<div class=""ewa-rteLine""></div>\n<div class=""ewa-rteLine"">- Pierna recta</div>\n<div class=""ewa-rteLine"">- Corte: ajuste regular</div>\n<div class=""ewa-rteLine"">- Protectores de rodilla NP Flex 3D extraíbles</div>\n<div class=""ewa-rteLine"">- Protectores NP Flex en las caderas</div>\n<div class=""ewa-rteLine"">- Mezcla de materiales resistentes a la abrasión</div>\n<div class=""ewa-rteLine"">- Botón frontal con cremallera</div>\n<div class=""ewa-rteLine""></div>",,,taxable,,1,,,0,0,,,,,1,,,,"Rider Gear & Garment > Pantalones",,,"https://vecsaboutique.com/wp-content/uploads/2024/09/76127913727.avif, https://vecsaboutique.com/wp-content/uploads/2024/09/76127913727_2.avif",,,,,,,,,0,MOTORRAD,talla,"34 x 32, 36 x 32",1,1,genero,Hombre,1,1,color,Gris,1,1,,,,,,,,,,,,,,,,,,,,,,,,,,,,,,sync-and-show,updated,synced,1773198512,,approved,yes,yes,yes,,,,,,1,0,'@ALL,,,,,,,,,,,,,,,,,,,
18473,variation,76127913727,,"Pantalones BMW Motorrad London, para Hombre",1,0,visible,,,,,taxable,parent,1,1,,0,0,,,,,0,,,6988.27,,,,,,,76127913725,,,,,,1,,talla,"34 x 32",,1,genero,Hombre,,1,color,Gris,,1,,,,,,,,,,,,,,,,,,,,,,,,,,,,,,,,synced,1773198512,Gris,approved,,,,,,,,,,,,,,,,,,,,,,,,,,,,,,
18474,variation,76127913728,,"Pantalones BMW Motorrad London, para Hombre",1,0,visible,,,,,taxable,parent,1,2,,0,0,,,,,0,,,6988.27,,,,,,,76127913725,,,,,,2,,talla,"36 x 32",,1,genero,Hombre,,1,color,Gris,,1,,,,,,,,,,,,,,,,,,,,,,,,,,,,,,,,synced,1773198512,Gris,approved,,,,,,,,,,,,,,,,,,,,,,,,,,,,,,
18475,variable,76127913751,,"Pantalones BMW Motorrad PureRider, para Hombre",1,0,visible,,"<div class=""ewa-rteLine"">Los pantalones PureRider lucen geniales no solo en la moto, sino también en el día a día. Presentan un look moderno y sobrio. Destacan por sus siete bolsillos exteriores, un bolsillo interior y protectores NP-Flex en rodillas y caderas.</div>\n<div class=""ewa-rteLine"">Siete bolsillos exteriores, un bolsillo interior.</div>\n<div class=""ewa-rteLine"">Cremallera de conexión estandarizada BMW Motorrad en la cintura</div>\n<div></div>\n<div class=""ewa-rteLine"">Material exterior: 66% poliéster, 34% algodón</div>\n<div class=""ewa-rteLine"">Forro 1: 100% poliéster</div>\n<div class=""ewa-rteLine"">Forro 2: 65% poliéster, 35% algodón</div>",,,taxable,,1,,,0,0,,,,,1,,,,"Rider Gear & Garment > Pantalones",,,"https://vecsaboutique.com/wp-content/uploads/2025/08/76127913754.avif, https://vecsaboutique.com/wp-content/uploads/2025/08/76127913754_2.avif, https://vecsaboutique.com/wp-content/uploads/2025/08/76127913754_3.avif, https://vecsaboutique.com/wp-content/uploads/2025/08/76127913754_4.avif",,,,,,,,,0,MOTORRAD,talla,"34/32, 36/32",1,1,genero,Hombre,1,1,color,"Verde Oliva",1,1,,,,,,,,,,,,,,,,,,,,,,,,,,,,,,sync-and-show,updated,synced,1773198512,,approved,yes,yes,yes,,,,0,,1,0,'@ALL,,,,,,,,,,,,,,,,,,,
18476,variation,76127913754,,"Pantalones BMW Motorrad PureRider, para Hombre",1,0,visible,,,,,taxable,parent,1,2,,0,0,,,,,0,,,9287.67,,,,,,,76127913751,,,,,,1,,talla,34/32,,1,genero,Hombre,,1,color,"Verde Oliva",,1,,,,,,,,,,,,,,,,,,,,,,,,,,,,,,,,synced,1773198512,"Verde Oliva",approved,,,,,,,,,,,,,,,,,,,,,,,,,,,,,,
18477,variation,76127913755,,"Pantalones BMW Motorrad PureRider, para Hombre",1,0,visible,,,,,taxable,parent,1,2,,0,0,,,,,0,,,9287.67,,,,,,,76127913751,,,,,,2,,talla,36/32,,1,genero,Hombre,,1,color,"Verde Oliva",,1,,,,,,,,,,,,,,,,,,,,,,,,,,,,,,,,synced,1773198512,"Verde Oliva",approved,,,,,,,,,,,,,,,,,,,,,,,,,,,,,,
18480,variable,76128504896,,"Chamarra BMW Motorrad Schwabing, para Hombre",1,0,visible,,"La chaqueta de moto BMW Schwabing Heritage revive un clásico con un toque fresco. Las tradicionales rayas dobles en las mangas aportan un toque llamativo. Los protectores NP-Flex en hombros y codos, bajo cuero vacuno de primera calidad, ofrecen protección, mientras que dos bolsillos exteriores y tres interiores ofrecen espacio de almacenamiento.\n<ul>\n 	<li>Rayas deportivas en las mangas para una sensación tradicional.</li>\n 	<li>Logotipo de BMW en las mangas</li>\n 	<li>Protectores NP-Flex en hombros y codos</li>\n 	<li>Posibilidad de equipar posteriormente con un protector de espalda NPL</li>\n 	<li>Dos bolsillos exteriores, tres bolsillos interiores.</li>\n</ul>",,,taxable,,1,,,0,0,,,,,1,,,,"Rider Gear & Garment > Chamarras",,,"https://vecsaboutique.com/wp-content/uploads/2025/08/76128504897.avif, https://vecsaboutique.com/wp-content/uploads/2025/08/76128504897_2.avif, https://vecsaboutique.com/wp-content/uploads/2025/08/76128504897_3.avif, https://vecsaboutique.com/wp-content/uploads/2025/08/76128504897_4.avif, https://vecsaboutique.com/wp-content/uploads/2025/08/76128504897_5.avif, https://vecsaboutique.com/wp-content/uploads/2025/08/76128504897_6.avif, https://vecsaboutique.com/wp-content/uploads/2025/08/76128504897_7.avif",,,,,,,,,0,MOTORRAD,talla,"L, M",1,1,genero,Hombre,1,1,color,"Negro / Azul",1,1,,,,,,,,,,,,,,,,,,,,,,,,,,,,,,sync-and-show,updated,synced,1773198512,,approved,yes,yes,yes,,,,0,,1,0,'@ALL,,,,,,,,,,,,,,,,,,,
18481,variation,76128504898,,"Chamarra BMW Motorrad Schwabing, para Hombre",1,0,visible,,,,,taxable,parent,1,2,,0,0,,,,,0,,,15503.07,,,,,,,76128504896,,,,,,1,,talla,L,,1,genero,Hombre,,1,color,"Negro / Azul",,1,,,,,,,,,,,,,,,,,,,,,,,,,,,,,,,,synced,1773198512,"Negro / Azul",approved,,,,,,,,,,,,,,,,,,,,,,,,,,,,,,
18482,variation,76128504897,,"Chamarra BMW Motorrad Schwabing, para Hombre",1,0,visible,,,,,taxable,parent,1,2,,0,0,,,,,0,,,15503.07,,,,,,,76128504896,,,,,,2,,talla,M,,1,genero,Hombre,,1,color,"Negro / Azul",,1,,,,,,,,,,,,,,,,,,,,,,,,,,,,,,,,synced,1773198512,"Negro / Azul",approved,,,,,,,,,,,,,,,,,,,,,,,,,,,,,,
18517,variable,76128504928,,"Pantalón para motociclista BMW Motorrad Gerlos, para Hombre",1,0,visible,,"Los pantalones BMW Gerlos para hombre ofrecen un estilo cómodo y relajado, perfectos para el verano y la temporada de entretiempo. Estos pantalones resistentes a la abrasión son resistentes al viento y al agua cuando es necesario gracias a un inserto transpirable. Además, incluyen protectores NPL extraíbles y ajustables en altura en las rodillas y protectores NP3 en las caderas.\n<ul>\n 	<li>Con inserto resistente al viento y al agua.</li>\n 	<li>Estilo casual cómodo con ajuste regular.</li>\n 	<li>Protectores de rodilla NPL extraíbles y ajustables en altura</li>\n 	<li>Protectores NP3 en las caderas</li>\n 	<li>Material resistente a la abrasión</li>\n 	<li>Clase de protección AA</li>\n 	<li>Cinturón textil elástico</li>\n 	<li>Circunferencia de la pierna con cremallera</li>\n 	<li>Dos bolsillos laterales con cremalleras.</li>\n 	<li>Dos bolsillos traseros</li>\n</ul>",,,taxable,,1,,,0,0,,,,,1,,,,"Rider Gear & Garment > Pantalones",Promoción,,https://vecsaboutique.com/wp-content/uploads/2025/08/76128504933.avif,,,,,,,,,0,MOTORRAD,talla,"31, 36, 40",1,1,genero,Hombre,1,1,color,Negro,1,1,,,,,,,,,,,,,,,,,,,,,,,,,,,,,,sync-and-show,updated,synced,1773802828,,approved,yes,yes,yes,,,,0,default,1,0,'@ALL,,,,product,,,,,,,,,,,,,,,
18518,variation,76128504933,,"Pantalón para motociclista BMW Motorrad Gerlos, para Hombre",1,0,visible,,,,,taxable,parent,1,1,,0,0,,,,,0,,,9877.44,,,,,,,76128504928,,,,,,3,,talla,40,,1,genero,Hombre,,1,color,Negro,,1,,,,,,,,,,,,,,,,,,,,,,,,,,,,,,,,synced,1773802828,Negro,approved,,yes,yes,,,,,,,,,,,,product,,,,,,,,,,,,,,,
18520,variable,76137913531,,"Pantalón para motociclista BMW Motorrad Gore-Tex Xride, para Mujer",1,0,visible,,"Los pantalones de moto BMW XRide GORE-TEX para mujer impresionan por sus completas características de seguridad y su excelente comodidad. Gracias a sus aberturas de cuero especialmente ubicadas y al uso de materiales expansibles en rodillas y puños, estos pantalones ofrecen una excelente libertad de movimiento con un ajuste óptimo. Un detalle clave: inserciones de cuero vacuno en zonas de alto riesgo.\n<ul>\n 	<li>Material superior 1: 100% piel de vacuno</li>\n 	<li>Carcasa 2: 95 % poliamida y 5 % elastano</li>\n 	<li>Capa superior: 100% poliéster</li>\n 	<li>El material y el diseño garantizan la máxima libertad de movimiento.</li>\n 	<li>Con pantalones exteriores impermeables (columna de agua 10.000 mm) y a prueba de viento con dimensiones de embalaje reducidas</li>\n 	<li>Material superior flexible y resistente a la abrasión.</li>\n 	<li>Corte: ajuste regular deportivo</li>\n 	<li>Protectores NP3 en caderas y rodillas, ajuste de altura de tres vías</li>\n 	<li>Inserciones de piel de vacuno en zonas de riesgo de caída y en el interior de las piernas.</li>\n 	<li>Estampado reflectante en rodillas y espinillas.</li>\n 	<li>Clase de protección AA</li>\n 	<li>Elástico en acordeón en las rodillas y la cintura para máxima libertad de movimiento.</li>\n 	<li>Recortes de cuero cuidadosamente colocados como pliegues ergonómicos</li>\n 	<li>Tres bolsillos en el pantalón, uno de ellos oculto en el interior.</li>\n 	<li>Los extremos de las piernas se pueden ensanchar con una cremallera.</li>\n 	<li>Fácil de poner y quitar gracias a las largas cremalleras laterales.</li>\n</ul>",,,taxable,,1,,,0,0,,,,,1,,,,"Rider Gear & Garment > Pantalones",,,"https://vecsaboutique.com/wp-content/uploads/2025/08/76137913531.avif, https://vecsaboutique.com/wp-content/uploads/2025/08/76137913531_2.avif",,,,,,,,,0,MOTORRAD,talla,"32, 34",1,1,genero,Mujer,1,1,color,Negro,1,1,,,,,,,,,,,,,,,,,,,,,,,,,,,,,,sync-and-show,updated,synced,1773198512,,approved,yes,yes,yes,,,,0,,1,0,'@ALL,,,,,,,,,,,,,,,,,,,
18521,variation,76137913535,,"Pantalón para motociclista BMW Motorrad Gore-Tex Xride, para Mujer",1,0,visible,,,,,taxable,parent,1,1,,0,0,,,,,0,,,16618.74,,,,,,,76137913531,,,,,,1,,talla,32,,1,genero,Mujer,,1,color,Negro,,1,,,,,,,,,,,,,,,,,,,,,,,,,,,,,,,,synced,1773198512,Negro,approved,,,,,,,,,,,,,,,,,,,,,,,,,,,,,,
18522,variation,76137913536,,"Pantalón para motociclista BMW Motorrad Gore-Tex Xride, para Mujer",1,0,visible,,,,,taxable,parent,1,1,,0,0,,,,,0,,,16618.74,,,,,,,76137913531,,,,,,2,,talla,34,,1,genero,Mujer,,1,color,Negro,,1,,,,,,,,,,,,,,,,,,,,,,,,,,,,,,,,synced,1773198512,Negro,approved,,,,,,,,,,,,,,,,,,,,,,,,,,,,,,
18525,variable,76137913649,,"Chamarra para motociclista BMW Motorrad Aravis AIR, para Mujer",1,0,visible,,"La chaqueta de moto BMW Aravis AIR para mujer aporta frescura en las épocas más calurosas de la temporada. Gracias a sus amplias inserciones de malla y elástico, no solo garantiza una libertad de movimiento óptima, sino también una agradable circulación del aire. Extremadamente práctica: gracias a sus dos correas de hombro integradas, la chaqueta también se puede llevar cómodamente como mochila.\n<ul>\n 	<li>Gracias a dos correas integradas, la chaqueta también se puede usar como mochila.</li>\n 	<li>Una capa extra para usar en temperaturas más bajas.</li>\n 	<li>Recubrimiento resistente a la penetración de suciedad y agua.</li>\n 	<li>Protectores NP3 extraíbles en espalda, hombros y codos.</li>\n 	<li>Impresiones reflectantes para una mejor visibilidad.</li>\n 	<li>Material superior altamente resistente a la abrasión</li>\n 	<li>Clase de protección AA</li>\n 	<li>Inserciones elásticas debajo de los brazos para una libertad de movimiento óptima.</li>\n 	<li>El forro de malla y las inserciones de malla en el pecho y los brazos promueven la circulación del aire.</li>\n 	<li>Chaqueta ligera y resistente al viento que se puede llevar en una mochila.</li>\n 	<li>Dobladillos de mangas con ancho ajustable y cierre de velcro.</li>\n 	<li>Dos bolsillos laterales</li>\n 	<li>Un bolsillo trasero</li>\n 	<li>Tres bolsillos interiores, incluido uno con cremallera.</li>\n 	<li>Cremallera corta y envolvente</li>\n</ul>",,,taxable,,1,,,0,0,,,,,1,,,,"Rider Gear & Garment > Chamarras",,,"https://vecsaboutique.com/wp-content/uploads/2025/08/76137913653.avif, https://vecsaboutique.com/wp-content/uploads/2025/08/76137913653_2.avif, https://vecsaboutique.com/wp-content/uploads/2025/08/76137913653_3.avif, https://vecsaboutique.com/wp-content/uploads/2025/08/76137913653_4.avif, https://vecsaboutique.com/wp-content/uploads/2025/08/76137913653_5.avif, https://vecsaboutique.com/wp-content/uploads/2025/08/76137913653_6.avif",,,,,,76137913662,,,0,MOTORRAD,talla,34,1,1,genero,Mujer,1,1,color,"Blanco / Gris",1,1,,,,,,,,,,,,,,,,,,,,,,,,,,,,,,sync-and-show,updated,synced,1773198513,,approved,yes,yes,yes,,,,0,,1,0,'@ALL,,,,,,,,,,,,,,,,,,,
18526,variation,76137913654,,"Chamarra para motociclista BMW Motorrad Aravis AIR, para Mujer",1,0,visible,,,,,taxable,parent,1,1,,0,0,,,,,0,,,17394.62,,,,,,,76137913649,,,76137913662,,,1,,talla,34,,1,genero,Mujer,,1,color,"Blanco / Gris",,1,,,,,,,,,,,,,,,,,,,,,,,,,,,,,,,,synced,1773198512,"Blanco / Gris",approved,,,,,,,,,,,,,,,,,,,,,,,,,,,,,,
18533,variable,76137913657,,"Pantalón para motociclista BMW Motorrad Aravis AIR, para Mujer",1,0,visible,,"Los pantalones de moto BMW Aravis AIR para mujer aportan frescura en las épocas más calurosas de la temporada. Gracias a sus amplias inserciones de malla y elástico, no solo ofrecen una libertad de movimiento óptima, sino también una agradable circulación del aire. Excepcionalmente prácticos: el material exterior recubierto protege contra la suciedad y el agua.\n<ul>\n 	<li>Recubrimiento resistente a la penetración de suciedad y agua.</li>\n 	<li>Protectores de cadera NP3 extraíbles</li>\n 	<li>Protectores de rodilla NP3 extraíbles y ajustables en altura</li>\n 	<li>Impresión reflectante</li>\n 	<li>Inserciones elásticas alrededor de las rodillas y debajo de los puños para una máxima libertad de movimiento.</li>\n 	<li>Forro de malla transpirable y flexible.</li>\n 	<li>Dos bolsillos de pantalón con cremallera</li>\n 	<li>Cremallera de conexión, corta y envolvente.</li>\n</ul>",,,taxable,,1,,,0,0,,,,,1,,,,"Rider Gear & Garment > Pantalones",,,"https://vecsaboutique.com/wp-content/uploads/2025/08/76137913661.avif, https://vecsaboutique.com/wp-content/uploads/2025/08/76137913661_2.avif, https://vecsaboutique.com/wp-content/uploads/2025/08/76137913661_3.avif, https://vecsaboutique.com/wp-content/uploads/2025/08/76137913661_4.avif",,,,,,76137913649,,,0,MOTORRAD,talla,"34, 36",1,1,genero,Mujer,1,1,color,Gris,1,1,,,,,,,,,,,,,,,,,,,,,,,,,,,,,,sync-and-show,updated,synced,1773198513,,approved,yes,yes,yes,,,,0,,1,0,'@ALL,,,,,,,,,,,,,,,,,,,
18534,variation,76137913663,,"Pantalón para motociclista BMW Motorrad Aravis AIR, para Mujer",1,0,visible,,,,,taxable,parent,1,1,,0,0,,,,,0,,,11632.11,,,,,,,76137913657,,,76137913649,,,1,,talla,36,,1,genero,Mujer,,1,color,Gris,,1,,,,,,,,,,,,,,,,,,,,,,,,,,,,,,,,synced,1773198513,Gris,approved,,,,,,,,,,,,,,,,,,,,,,,,,,,,,,
18535,variation,76137913662,,"Pantalón para motociclista BMW Motorrad Aravis AIR, para Mujer",1,0,visible,,,,,taxable,parent,1,1,,0,0,,,,,0,,,11632.11,,,,,,,76137913657,,,76137913649,,,2,,talla,34,,1,genero,Mujer,,1,color,Gris,,1,,,,,,,,,,,,,,,,,,,,,,,,,,,,,,,,synced,1773198513,Gris,approved,,,,,,,,,,,,,,,,,,,,,,,,,,,,,,
18540,variable,76147913676,,"Chamarra para motociclista BMW Motorrad Bavella, para Hombre",1,0,visible,,"La chaqueta de moto BMW Bavella para mujer está diseñada para diversas temperaturas. El inserto de Membrana Climática BMW repele el viento y el agua, a la vez que garantiza una agradable circulación del aire. En temperaturas más bajas, un chaleco térmico acolchado y extraíble proporciona una agradable calidez. Los colores brillantes mejoran la visibilidad en cualquier condición climática.\n<ul>\n 	<li>Se puede utilizar a diferentes temperaturas.</li>\n 	<li>Inserto transpirable con membrana climática BMW, resistente al viento, impermeable y transpirable (columna de agua 15.000 mm).</li>\n 	<li>Chaleco térmico acolchado y extraíble para clima frío.</li>\n 	<li>Protectores NP3 extraíbles en hombros, codos y espalda.</li>\n 	<li>La impresión reflectante en los brazos y los hombros aumenta aún más la visibilidad.</li>\n 	<li>Material superior altamente resistente a la abrasión</li>\n 	<li>Inserciones de malla grandes y transpirables</li>\n 	<li>Tejido espaciador 3D en la espalda para una circulación de aire óptima</li>\n 	<li>Dos bolsillos laterales con cremalleras.</li>\n 	<li>Bolsillo interior impermeable</li>\n 	<li>Insertar bolsillo</li>\n 	<li>Puños, costuras de hombros y cuello acanalados con ajuste de ancho.</li>\n 	<li>Cremallera de conexión, corta</li>\n</ul>",,,taxable,,1,1,,0,0,,,,,1,,,,"Rider Gear & Garment > Chamarras",Promoción,,"https://vecsaboutique.com/wp-content/uploads/2025/08/76147913678.avif, https://vecsaboutique.com/wp-content/uploads/2025/08/76147913678_2.avif, https://vecsaboutique.com/wp-content/uploads/2025/08/76147913678_3.avif, https://vecsaboutique.com/wp-content/uploads/2025/08/76147913678_4.avif, https://vecsaboutique.com/wp-content/uploads/2025/08/76147913678_5.avif, https://vecsaboutique.com/wp-content/uploads/2025/08/76147913678_6.avif, https://vecsaboutique.com/wp-content/uploads/2025/08/76147913678_7.avif, https://vecsaboutique.com/wp-content/uploads/2025/08/76147913678_8.avif",,,,,,,,,0,MOTORRAD,talla,30,1,1,genero,Hombre,1,1,color,"Amarillo Neon",1,1,,,,,,,,,,,,,,,,,,,,,,,,,,,,,,sync-and-show,updated,synced,1773802828,,approved,yes,yes,yes,,,,0,,1,0,'@ALL,,,,product,,,,,,,,,,,1760646503,,,,
18541,variation,76147913678,,"Chamarra para motociclista BMW Motorrad Bavella, para Hombre",1,0,visible,,,,,taxable,parent,1,1,,0,0,,,,,0,,,14211.19,,,,,,,76147913676,,,,,,1,,talla,30,,1,genero,Hombre,,1,color,"Amarillo Neon",,1,,,,,,,,,,,,,,,,,,,,,,,,,,,,,,,,synced,1773802828,"Amarillo Neon",approved,,yes,yes,,,,,,,,,,,,product,,,,,,,,,,,,,,,
18550,variable,76147913738,,"Pantalon BMW Motorrad London, para Mujer",1,0,visible,,"Los pantalones de moto BMW London para mujer, con su moderno diseño de cinco bolsillos, lucen bien incluso sin estar en moto. Los protectores NP Flex 3D en las rodillas ofrecen una alta absorción de impactos sin comprometer la comodidad.\n<ul>\n 	<li>Pierna recta</li>\n 	<li>Corte: ajuste regular</li>\n 	<li>Protectores de rodilla NP Flex 3D extraíbles</li>\n 	<li>Protectores NP Flex en las caderas</li>\n 	<li>Mezcla de materiales resistentes a la abrasión</li>\n 	<li>Botón frontal con cremallera</li>\n 	<li>Cremallera de conexión, corta</li>\n</ul>",,,taxable,,1,1,,0,0,,,,,1,,,,"Rider Gear & Garment > Pantalones",,,"https://vecsaboutique.com/wp-content/uploads/2025/08/76147913740.avif, https://vecsaboutique.com/wp-content/uploads/2025/08/76147913740_2.avif, https://vecsaboutique.com/wp-content/uploads/2025/08/76147913740_3.avif",,,,,,,,,0,MOTORRAD,talla,28x32,1,1,genero,Mujer,1,1,color,Gris,1,1,,,,,,,,,,,,,,,,,,,,,,,,,,,,,,sync-and-show,updated,synced,1773198513,,approved,yes,yes,yes,,,,0,,1,0,'@ALL,,,,,,,,,,,,,,,,,,,
18551,variation,76147913740,,"Pantalon BMW Motorrad London, para Mujer",1,0,visible,,,,,taxable,parent,1,1,,0,0,,,,,0,,,6988.27,,,,,,,76147913738,,,,,,1,,talla,28x32,,1,genero,Mujer,,1,color,Gris,,1,,,,,,,,,,,,,,,,,,,,,,,,,,,,,,,,synced,1773198513,Gris,approved,,,,,,,,,,,,,,,,,,,,,,,,,,,,,,
18555,variable,76217913946,,"Guantes para motociclista  BMW Motorrad Tenda GTX dos en uno, Unisex",1,0,visible,,"Los guantes de moto BMW Tenda GTX 2 en 1 con tecnología de dos cámaras son excepcionalmente versátiles. La primera cámara no tiene forro, pero gracias a la palma de piel de canguro, ofrece un excelente agarre en el manillar, mientras que la segunda cámara, impermeable y con membrana transpirable GORE-TEX, proporciona una excelente protección contra la intemperie.\n<ul>\n 	<li>Posibilidad de cambiar entre cámaras dependiendo de las condiciones climáticas.</li>\n 	<li>Primera cámara con el mejor agarre gracias a la piel de canguro en la palma</li>\n 	<li>La segunda cámara es resistente al viento y al agua y tiene una buena permeabilidad al aire gracias a la membrana GORE-TEX.</li>\n 	<li>Protector de nudillos de plástico duro revestido con espuma térmica que absorbe los impactos.</li>\n 	<li>Dorso de mano de Cordura® con piel de cabra</li>\n 	<li>Protección SuperFabric® para la bola del pulgar</li>\n 	<li>Inserciones reflectantes 3M-Scotch Lite™</li>\n 	<li>Fortalecimiento de la palma de la mano</li>\n 	<li>Limpiaparabrisas en el dedo índice izquierdo</li>\n 	<li>Las puntas del dedo índice y el pulgar están adaptadas para operar pantallas táctiles.</li>\n 	<li>Codificado por colores para colocarlo y quitarlo rápidamente (cámara PROOF y cámara GRIP)</li>\n 	<li>Material: 45% cuero, 40% poliéster, 5% poliamida, 10% PTFE (membrana GORE-TEX)</li>\n</ul>",,,taxable,,1,,,0,0,,,,,1,,,,"Rider Gear & Garment > Guantes",,,"https://vecsaboutique.com/wp-content/uploads/2025/03/76217913949.avif, https://vecsaboutique.com/wp-content/uploads/2025/03/76217913949_2.avif, https://vecsaboutique.com/wp-content/uploads/2025/03/76217913949_3.avif, https://vecsaboutique.com/wp-content/uploads/2025/03/76217913949_4.avif",,,,,,,,,0,MOTORRAD,talla,8,1,1,genero,Unisex,1,1,color,Negro,1,1,,,,,,,,,,,,,,,,,,,,,,,,,,,,,,sync-and-show,updated,synced,1773198513,,approved,yes,yes,yes,,,,0,,1,0,'@ALL,,,,,,,,,,,,,,,,,,,
18556,variation,76217913949,,"Guantes para motociclista  BMW Motorrad Tenda GTX dos en uno, Unisex",1,0,visible,,,,,taxable,parent,1,1,,0,0,,,,,0,,,5778.11,,,,,,,76217913946,,,,,,1,,talla,8,,1,genero,Unisex,,1,color,Negro,,1,,,,,,,,,,,,,,,,,,,,,,,,,,,,,,,,synced,1773198513,Negro,approved,,,,,,,,,,,,,,,,,,,,,,,,,,,,,,
18561,variation,76217913956,,"Guantes para motociclista  BMW Motorrad GS Puna GTX, para Hombre",1,0,visible,,,,,taxable,parent,1,1,,0,0,,,,,0,,,4037.81,,,,,,,76217913954,,,,,,1,,talla,10,,1,genero,Hombre,,1,color,"Gris / Azul",,1,,,,,,,,,,,,,,,,,,,,,,,,,,,,,,,,synced,1774148558,"Gris / Azul",approved,,yes,yes,,,,,,,,,,,,product,,,,,,,,,,,,,,,
18562,variation,76217913957,,"Guantes para motociclista  BMW Motorrad GS Puna GTX, para Hombre",1,0,visible,,,,,taxable,parent,1,1,,0,0,,,,,0,,,4037.81,,,,,,,76217913954,,,,,,2,,talla,11,,1,genero,Hombre,,1,color,"Gris / Azul",,1,,,,,,,,,,,,,,,,,,,,,,,,,,,,,,,,synced,1774148558,"Gris / Azul",approved,,yes,yes,,,,,,,,,,,,product,,,,,,,,,,,,,,,
18563,variation,76217913955,,"Guantes para motociclista  BMW Motorrad GS Puna GTX, para Hombre",1,0,visible,,"Guantes GS Puna GTX caballero azul gris9",,,taxable,parent,1,2,,0,0,,,,,0,,,4037.81,,,,,,,76217913954,,,,,,3,,talla,9,,1,genero,Hombre,,1,color,"Gris / Azul",,1,,,,,,,,,,,,,,,,,,,,,,,,,,,,,,,,synced,1774148558,"Gris / Azul",approved,,yes,yes,,,,,,,,,,,,product,,,,,,,,,,,,,,,
18564,variable,76217913959,,"Guantes para motociclista  BMW Motorrad GS Puna GTX, para Mujer",1,0,visible,,"Perfectos para viajes largos: los guantes de moto BMW GS Puna GTX para mujer protegen del viento y la intemperie. Una membrana transpirable GORE-TEX® X-TRAFIT™ protege eficazmente del agua y el frío. El cuero doble, el material SuperFabric® altamente resistente a la abrasión y la suave protección de los nudillos completan el conjunto.\n<ul>\n 	<li>Cortavientos, impermeable y muy transpirable gracias a la membrana GORE-TEX® X-TRAFIT™</li>\n 	<li>Dorso de la mano de CORDURA® resistente a la abrasión con piel de cabra</li>\n 	<li>Palma de cuero de cabra (terciopelo) para un mejor agarre</li>\n 	<li>Material SuperFabric® altamente resistente a la abrasión en los pulgares</li>\n 	<li>Protector de nudillos suave fabricado con espuma especial que absorbe los impactos.</li>\n 	<li>Doble capa de cuero en el borde y la bola de la mano.</li>\n 	<li>Inserciones reflectantes</li>\n 	<li>Puño de media longitud con ajuste de ancho mediante velcro y puño de muñeca (interior)</li>\n 	<li>Pulgar e índice con cuero para pantalla táctil para operación con teléfono inteligente</li>\n 	<li>Limpiaparabrisas en el dedo índice izquierdo</li>\n</ul>",,,taxable,,1,1,,0,0,,,,,1,,,,"Rider Gear & Garment > Guantes",,,"https://vecsaboutique.com/wp-content/uploads/2025/02/76217913955.avif, https://vecsaboutique.com/wp-content/uploads/2025/02/76217913955_2.avif, https://vecsaboutique.com/wp-content/uploads/2025/02/76217913955_3.avif, https://vecsaboutique.com/wp-content/uploads/2025/02/76217913955_4.avif",,,,,,,,,0,MOTORRAD,talla,"6, 7, 8",1,1,genero,Mujer,1,1,color,"Gris / Azul",1,1,,,,,,,,,,,,,,,,,,,,,,,,,,,,,,sync-and-show,updated,synced,1774839652,,approved,yes,yes,yes,,,,0,,1,0,'@ALL,,,,,,,,,,,,,,,,,1147867763850093,,
18565,variation,,,"Guantes para motociclista  BMW Motorrad GS Puna GTX, para Mujer",1,0,visible,,,,,taxable,parent,1,2,,0,0,,,,,0,,,4037.81,,,,,,,76217913959,,,,,,2,,talla,7,,1,genero,Mujer,,1,color,"Gris / Azul",,1,,,,,,,,,,,,,,,,,,,,,,,,,,,,,,,,synced,1774839652,"Gris / Azul",approved,yes,yes,,,,,,,,,,,,,product,,,,,,,,,,,,,,24219121464438013,
18566,variation,,,"Guantes para motociclista  BMW Motorrad GS Puna GTX, para Mujer",1,0,visible,,,,,taxable,parent,1,2,,0,0,,,,,0,,,4037.81,,,,,,,76217913959,,,,,,3,,talla,8,,1,genero,Mujer,,1,color,"Gris / Azul",,1,,,,,,,,,,,,,,,,,,,,,,,,,,,,,,,,synced,1774839652,"Gris / Azul",approved,yes,yes,,,,,,,,,,,,,product,,,,,,,,,,,,,,24033625816339899,
18567,variable,76217913962,,"Guantes para motociclista  BMW Motorrad Reschen GTX, para Hombre",1,0,visible,,"Perfectos para viajes largos: los guantes de moto BMW Reschen GTX para hombre protegen del viento y la intemperie. Una membrana transpirable GORE-TEX® X-TRAFIT™ protege eficazmente contra el agua y el frío. El cuero doble, el material SuperFabric® altamente resistente a la abrasión y la suave protección de los nudillos completan el conjunto.\n<ul>\n 	<li>Cortavientos, impermeable y muy transpirable gracias a la membrana GORE-TEX® X-TRAFIT™</li>\n 	<li>Dorso de la mano de CORDURA® resistente a la abrasión con piel de cabra</li>\n 	<li>Superficie de palma de piel de cabra</li>\n 	<li>Pulgar e índice con cuero para pantalla táctil para operación con teléfono inteligente</li>\n 	<li>Material SuperFabric® altamente resistente a la abrasión en los pulgares</li>\n 	<li>Protector de nudillos suave fabricado con espuma especial que absorbe los impactos.</li>\n 	<li>Doble capa de cuero en el borde y la bola de la mano.</li>\n 	<li>Inserciones reflectantes</li>\n 	<li>Puño de media longitud con ajuste de ancho mediante velcro y puño de muñeca (interior)</li>\n 	<li>Limpiaparabrisas en el dedo índice izquierdo</li>\n</ul>",,,taxable,,1,,,0,0,,,,,1,,,,"Rider Gear & Garment > Guantes",,,"https://vecsaboutique.com/wp-content/uploads/2024/09/76217913962.avif, https://vecsaboutique.com/wp-content/uploads/2024/09/76217913962_3.avif, https://vecsaboutique.com/wp-content/uploads/2024/09/76217913962_2.avif",,,,,,,,,0,MOTORRAD,talla,"10, 11, 8, 9",1,1,genero,Hombre,1,1,color,"Azul Marino / Verde",1,1,,,,,,,,,,,,,,,,,,,,,,,,,,,,,,sync-and-show,updated,synced,1773457522,,approved,yes,yes,yes,,,,0,,1,0,'@ALL,,,,,,,,,,,,,,,,,,,
18568,variation,76217913964,,"Guantes para motociclista  BMW Motorrad Reschen GTX, para Hombre",1,0,visible,,,,,taxable,parent,1,3,,0,0,,,,,0,,,4037.80,,,,,,,76217913962,,,,,,1,,talla,10,,1,genero,Hombre,,1,color,"Azul Marino / Verde",,1,,,,,,,,,,,,,,,,,,,,,,,,,,,,,,,,synced,1773457522,"Azul Marino / Verde",approved,,,,,,,,,,,,,,,,,,,,,,,,,,,,,,
18569,variation,76217913965,,"Guantes para motociclista  BMW Motorrad Reschen GTX, para Hombre",1,0,visible,,,,,taxable,parent,1,1,,0,0,,,,,0,,,4037.80,,,,,,,76217913962,,,,,,2,,talla,11,,1,genero,Hombre,,1,color,"Azul Marino / Verde",,1,,,,,,,,,,,,,,,,,,,,,,,,,,,,,,,,synced,1773457522,"Azul Marino / Verde",approved,,,,,,,,,,,,,,,,,,,,,,,,,,,,,,
18570,variation,,,"Guantes para motociclista  BMW Motorrad Reschen GTX, para Hombre",1,0,visible,,,,,taxable,parent,1,2,,0,0,,,,,0,,,4037.80,,,,,,,76217913962,,,,,,3,,talla,8,,1,genero,Hombre,,1,color,"Azul Marino / Verde",,1,,,,,,,,,,,,,,,,,,,,,,,,,,,,,,,,synced,1773457522,"Azul Marino / Verde",approved,,,,,,,,,,,,,,,,,,,,,,,,,,,,,,
18571,variation,76217913963,,"Guantes para motociclista  BMW Motorrad Reschen GTX, para Hombre",1,0,visible,,,,,taxable,parent,1,3,,0,0,,,,,0,,,4037.80,,,,,,,76217913962,,,,,,4,,talla,9,,1,genero,Hombre,,1,color,"Azul Marino / Verde",,1,,,,,,,,,,,,,,,,,,,,,,,,,,,,,,,,synced,1773457522,"Azul Marino / Verde",approved,,,,,,,,,,,,,,,,,,,,,,,,,,,,,,
18572,variable,76217913967,,"Guantes para motociclista  BMW Motorrad Reschen GTX, para Mujer",1,0,visible,,"Perfectos para viajes largos: los guantes de moto BMW Reschen GTX para mujer protegen del viento y la intemperie. Una membrana transpirable GORE-TEX® X-TRAFIT™ protege eficazmente del agua y el frío. El cuero doble, el material SuperFabric® altamente resistente a la abrasión y una suave protección para los nudillos completan el conjunto.\n<ul>\n 	<li>Cortavientos, impermeable y muy transpirable gracias a la membrana GORE-TEX® X-TRAFIT™</li>\n 	<li>Dorso de la mano de CORDURA® resistente a la abrasión con piel de cabra</li>\n 	<li>Superficie de palma de piel de cabra</li>\n 	<li>Pulgar e índice con cuero para pantalla táctil para operación con teléfono inteligente</li>\n 	<li>Material SuperFabric® altamente resistente a la abrasión en los pulgares</li>\n 	<li>Protector de nudillos suave fabricado con espuma especial que absorbe los impactos.</li>\n 	<li>Doble capa de cuero en el borde y la bola de la mano.</li>\n 	<li>Inserciones reflectantes</li>\n 	<li>Puño de media longitud con ajuste de ancho mediante velcro y puño de muñeca (interior)</li>\n 	<li>Limpiaparabrisas en el dedo índice izquierdo</li>\n</ul>",,,taxable,,1,,,0,0,,,,,1,,,,"Rider Gear & Garment > Guantes",,,"https://vecsaboutique.com/wp-content/uploads/2024/09/76217913962-3.avif, https://vecsaboutique.com/wp-content/uploads/2024/09/76217913962_2.avif, https://vecsaboutique.com/wp-content/uploads/2024/09/76217913962_3.avif",,,,,,,,,0,MOTORRAD,talla,"6, 7, 8",1,1,genero,Mujer,1,1,color,"Azul Marino / Verde",1,1,,,,,,,,,,,,,,,,,,,,,,,,,,,,,,sync-and-show,updated,synced,1773802828,,approved,yes,yes,yes,,,,0,,1,0,'@ALL,,,,,,,,,,,,,,,,,,,
18573,variation,,,"Guantes para motociclista  BMW Motorrad Reschen GTX, para Mujer",1,0,visible,,,,,taxable,parent,1,1,,0,0,,,,,0,,,4037.82,,,,,,,76217913967,,,,,,2,,talla,6,,1,genero,Mujer,,1,color,"Azul Marino / Verde",,1,,,,,,,,,,,,,,,,,,,,,,,,,,,,,,,,synced,1773802828,"Azul Marino / Verde",approved,,,,,,,,,,,,,,,,,,,,,,,,,,,,,,
18574,variation,,,"Guantes para motociclista  BMW Motorrad Reschen GTX, para Mujer",1,0,visible,,,,,taxable,parent,1,2,,0,0,,,,,0,,,4037.82,,,,,,,76217913967,,,,,,3,,talla,7,,1,genero,Mujer,,1,color,"Azul Marino / Verde",,1,,,,,,,,,,,,,,,,,,,,,,,,,,,,,,,,synced,1773802828,"Azul Marino / Verde",approved,,,,,,,,,,,,,,,,,,,,,,,,,,,,,,
18576,variation,76218536385,,"Guantes para motociclista  BMW Motorrad Silvretta GTX, para Hombre",1,0,visible,,,,,taxable,parent,1,2,,0,0,,,,,0,,,5487.82,,,,,,,76218536381,,,,,,1,,talla,10,,1,genero,Unisex,,1,color,Negro,,1,,,,,,,,,,,,,,,,,,,,,,,,,,,,,,,,synced,1773198513,Negro,approved,,,,,,,,,,,,,,,,,,,,,,,,,,,,,,
18577,variation,76218536383,,"Guantes para motociclista  BMW Motorrad Silvretta GTX, para Hombre",1,0,visible,,,,,taxable,parent,1,2,,0,0,,,,,0,,,5487.82,,,,,,,76218536381,,,,,,2,,talla,8,,1,genero,Unisex,,1,color,Negro,,1,,,,,,,,,,,,,,,,,,,,,,,,,,,,,,,,synced,1773198513,Negro,approved,,,,,,,,,,,,,,,,,,,,,,,,,,,,,,
18578,variation,76218536384,,"Guantes para motociclista  BMW Motorrad Silvretta GTX, para Hombre",1,0,visible,,,,,taxable,parent,1,1,,0,0,,,,,0,,,5487.82,,,,,,,76218536381,,,,,,3,,talla,9,,1,genero,Unisex,,1,color,Negro,,1,,,,,,,,,,,,,,,,,,,,,,,,,,,,,,,,synced,1773198513,Negro,approved,,,,,,,,,,,,,,,,,,,,,,,,,,,,,,
18580,variation,76227913865,,"Tenis para motociclista BMW Motorrad Seoul GTX, Unisex",1,0,visible,,"Zapatillas Seoul GTX negras41",,,taxable,parent,1,1,,0,0,,,,,0,,,7050.08,,,,,,,76227913861,,,,,,3,,talla,26,,1,genero,Unisex,,1,color,Negro,,1,,,,,,,,,,,,,,,,,,,,,,,,,,,,,,,,synced,1773630074,Negro,approved,,,,,,,,,,,,,,,,,,,,,,,,,,,,,,
18582,variable,76227913900,,"Botas para motociclista BMW Motorrad GS Competition, para Hombre",1,0,visible,,"Capacidad todoterreno sin concesiones: las botas de moto BMW GS Competition ofrecen todo lo necesario para la conducción todoterreno. Su robusta estructura de poliuretano, la espinillera ajustable y los grandes componentes de plástico proporcionan una protección óptima en condiciones de conducción extremas.\n<ul>\n 	<li>Parte superior de microfibra resistente al desgaste con marco de poliuretano.</li>\n 	<li>Suela exterior Michelin Hybrid MX 2K resistente al aceite y al combustible y extremadamente resistente al desgaste</li>\n 	<li>La mejor función de protección posible gracias a las grandes superficies alrededor de los elementos de plástico</li>\n 	<li>Espinillera ajustable para un ajuste individual.</li>\n 	<li>Refuerzo del talón y protección interna de poliuretano en la puntera.</li>\n 	<li>El mecanismo doble Flex-Control proporciona estabilidad al pie y evita esguinces o lesiones de tobillo.</li>\n 	<li>Forro transpirable con respaldo de espuma.</li>\n 	<li>Cuatro hebillas de aluminio ajustables y ergonómicas (reemplazables)</li>\n</ul>",,,taxable,,1,,,0,0,,,,,1,,,,"Rider Gear & Garment > Botas",,,"https://vecsaboutique.com/wp-content/uploads/2025/08/76227913902.avif, https://vecsaboutique.com/wp-content/uploads/2025/08/76227913902_3.avif, https://vecsaboutique.com/wp-content/uploads/2025/08/76227913902_2.avif, https://vecsaboutique.com/wp-content/uploads/2025/08/76227913902_5.avif, https://vecsaboutique.com/wp-content/uploads/2025/08/76227913902_4.avif",,,,,,,,,0,MOTORRAD,talla,"25, 27, 28.5",1,1,genero,Hombre,1,1,color,Negro,1,1,,,,,,,,,,,,,,,,,,,,,,,,,,,,,,sync-and-show,updated,synced,1774839652,,approved,yes,yes,yes,,,,,default,1,0,'@ALL,,,,,,,,,,,,,,,,,1344696353728874,,
18583,variation,76227913903,,"Botas para motociclista BMW Motorrad GS Competition, para Hombre",1,0,visible,,,,,taxable,parent,1,2,,0,0,,,,,0,,,13249.16,,,,,,,76227913900,,,,,,2,,talla,27,,1,genero,Hombre,,1,color,Negro,,1,,,,,,,,,,,,,,,,,,,,,,,,,,,,,,,,synced,1774839652,Negro,approved,yes,yes,,,,,,,,,,,,,product,,,,,,,,,,,,,,24610568885221432,
18584,variation,76227913904,,"Botas para motociclista BMW Motorrad GS Competition, para Hombre",1,0,visible,,,,,taxable,parent,1,1,,0,0,,,,,0,,,13249.16,,,,,,,76227913900,,,,,,3,,talla,28.5,,1,genero,Hombre,,1,color,Negro,,1,,,,,,,,,,,,,,,,,,,,,,,,,,,,,,,,synced,1774839652,Negro,approved,yes,yes,,,,,,,,,,,,,product,,,,,,,,,,,,,,24605513715771062,
18592,variation,76227922743,,"Botas para motociclista  BMW Motorrad CruiseComfort GTX, para Mujer",1,0,visible,,"Botas Cruisecomfort GTX Plus40",,,taxable,parent,1,1,,0,0,,,,,0,,,7332.06,,,,,,,76227922738,,,,,,1,,talla,25.5,,1,genero,Mujer,,1,color,Negro,,1,,,,,,,,,,,,,,,,,,,,,,,,,,,,,,,,synced,1774148558,Negro,approved,,yes,yes,,,,,,,,,,,,product,,,,,,,,,,,,,,,
18593,variation,76227922744,,"Botas para motociclista  BMW Motorrad CruiseComfort GTX, para Mujer",1,0,visible,,,,,taxable,parent,1,2,,0,0,,,,,0,,,7332.06,,,,,,,76227922738,,,,,,2,,talla,26,,1,genero,Mujer,,1,color,Negro,,1,,,,,,,,,,,,,,,,,,,,,,,,,,,,,,,,synced,1774148558,Negro,approved,,yes,yes,,,,,,,,,,,,product,,,,,,,,,,,,,,,
18594,variable,76228523069,,"Botas para motociclista  BMW Motorrad M Pro Race COMP, Unisex",1,0,visible,,"Las botas de moto BMW M Pro Race Comp cumplen con los más altos estándares de calidad y cuentan con amplios elementos de protección de plástico duro. Las deslizaderas de magnesio reemplazables en el talón y la puntera previenen lesiones y garantizan una larga duración. La paleta de colores M complementa su aspecto deportivo.\n<ul>\n 	<li>Grandes elementos de protección de plástico duro</li>\n 	<li>Deslizadores laterales reemplazables (talón y punta) hechos de magnesio</li>\n 	<li>Cierre de micro trinquete de aluminio</li>\n 	<li>Cremallera cubierta en el exterior para garantizar el mejor contacto posible con la bicicleta en el interior de la bota.</li>\n 	<li>La combinación de colores M complementa perfectamente el traje de carreras de BMW.</li>\n 	<li>Sistema 3D integrado en la parte superior del zapato para evitar la torsión de la pierna.</li>\n</ul>",,,taxable,,1,,,0,0,,,,,1,,,,"Rider Gear & Garment > Botas",,,"https://vecsaboutique.com/wp-content/uploads/2024/11/76228523072.avif, https://vecsaboutique.com/wp-content/uploads/2024/11/76228523072_4.avif, https://vecsaboutique.com/wp-content/uploads/2024/11/76228523072_3.avif, https://vecsaboutique.com/wp-content/uploads/2024/11/76228523072_2.avif",,,,,,,,,0,MOTORRAD,talla,"24, 26, 26.5, 27, 28.5",1,1,genero,Unisex,1,1,color,Negro,1,1,,,,,,,,,,,,,,,,,,,,,,,,,,,,,,sync-and-show,updated,synced,1773802828,,approved,yes,yes,yes,,,,,,1,0,'@ALL,,,,,,,,,,,,,,,,,1507498870665428,,
18595,variation,76228523072,,"Botas para motociclista  BMW Motorrad M Pro Race COMP, Unisex",1,0,visible,,,,,taxable,parent,1,1,,0,0,,,,,0,,,11840.21,,,,,,,76228523069,,,,,,3,,talla,26,,1,genero,Unisex,,1,color,Negro,,1,,,,,,,,,,,,,,,,,,,,,,,,,,,,,,,,synced,1773802828,Negro,approved,yes,yes,,,,,,,,,,,,,product,,,,,,,,,,,,,,24519717864375954,
18596,variation,76228523073,,"Botas para motociclista  BMW Motorrad M Pro Race COMP, Unisex",1,0,visible,,"Botas M Pro Race COMP negras42",,,taxable,parent,1,2,,0,0,,,,,0,,,11840.21,,,,,,,76228523069,,,,,,4,,talla,26.5,,1,genero,Unisex,,1,color,Negro,,1,,,,,,,,,,,,,,,,,,,,,,,,,,,,,,,,synced,1773802828,Negro,approved,yes,yes,,,,,,,,,,,,,product,,,,,,,,,,,,,,24810303068593589,
18597,variation,76228523074,,"Botas para motociclista  BMW Motorrad M Pro Race COMP, Unisex",1,0,visible,,"Botas M Pro Race COMP negras43",,,taxable,parent,1,1,,0,0,,,,,0,,,11840.21,,,,,,,76228523069,,,,,,5,,talla,27,,1,genero,Unisex,,1,color,Negro,,1,,,,,,,,,,,,,,,,,,,,,,,,,,,,,,,,synced,1773802828,Negro,approved,yes,yes,,,,,,,,,,,,,product,,,,,,,,,,,,,,24009943498705978,
18598,variation,76228523075,,"Botas para motociclista  BMW Motorrad M Pro Race COMP, Unisex",1,0,visible,,,,,taxable,parent,1,1,,0,0,,,,,0,,,11840.21,,,,,,,76228523069,,,,,,2,,talla,28.5,,1,genero,Unisex,,1,color,Negro,,1,,,,,,,,,,,,,,,,,,,,,,,,,,,,,,,,synced,1773802828,Negro,approved,yes,yes,,,,,,,,,,,,,product,,,,,,,,,,,,,,25164437333157369,
18599,variation,76228523083,,"Botas para motociclista  BMW Motorrad Pro Race GTX, Unisex",1,0,visible,,,,,taxable,parent,1,2,,0,0,,,,,0,,,8177.37,,,,,,,76228523080,,,,,,2,,talla,26,,1,genero,Unisex,,1,color,Negro/blanco,,1,,,,,,,,,,,,,,,,,,,,,,,,,,,,,,,,synced,1774148558,Negro/blanco,approved,,yes,yes,,,,,,,,,,,,product,,,,,,,,,,,,,,,
18601,variation,76228523085,,"Botas para motociclista  BMW Motorrad Pro Race GTX, Unisex",1,0,visible,,"Botas Pro Race GTX negras43",,,taxable,parent,1,4,,0,0,,,,,0,,,7785.78,,,,,,,76228523080,,,,,,3,,talla,27,,1,genero,Unisex,,1,color,Negro/blanco,,1,,,,,,,,,,,,,,,,,,,,,,,,,,,,,,,,synced,1774148558,Negro/blanco,approved,,yes,yes,,,,,,,,,,,,product,,,,,,,,,,,,,,,
18602,variation,76228523086,,"Botas para motociclista  BMW Motorrad Pro Race GTX, Unisex",1,0,visible,,,,,taxable,parent,1,2,,0,0,,,,,0,,,8177.37,,,,,,,76228523080,,,,,,4,,talla,28.5,,1,genero,Unisex,,1,color,Negro/blanco,,1,,,,,,,,,,,,,,,,,,,,,,,,,,,,,,,,synced,1774148558,Negro/blanco,approved,,yes,yes,,,,,,,,,,,,product,,,,,,,,,,,,,,,
18603,variable,76237109628,,"Chamarra BMW Motorrad PCM, Unisex",1,0,visible,,"Gracias a la tecnología schoeller®-PCM™, la chaqueta de moto BMW PCM garantiza siempre una temperatura agradable. Las microcápsulas integradas reaccionan a las diferencias de temperatura y, según la situación, almacenan el exceso de calor o liberan el previamente almacenado. Esto garantiza que, incluso con fluctuaciones extremas de temperatura, la chaqueta no sea ni demasiado fría ni demasiado cálida.\n<ul>\n 	<li>Tecnología schoeller®-PCM™ para un equilibrio óptimo de temperatura</li>\n 	<li>Las microcápsulas integradas almacenan o liberan calor.</li>\n 	<li>Gracias a las mangas desmontables, la chaqueta se puede utilizar como chaleco.</li>\n 	<li>Cuello alto</li>\n 	<li>Cremallera frontal</li>\n 	<li>Dos bolsillos exteriores con cremalleras.</li>\n 	<li>Bolsillo interior con cremallera</li>\n</ul>",,,taxable,,1,,,0,0,,,,,1,,,,"Rider Gear & Garment > Chamarras",,,"https://vecsaboutique.com/wp-content/uploads/2025/08/76237109630.avif, https://vecsaboutique.com/wp-content/uploads/2025/08/76237109630_2.avif, https://vecsaboutique.com/wp-content/uploads/2025/08/76237109630_3.avif",,,,,,,,,0,MOTORRAD,talla,"L, M, XS",1,1,genero,Unisex,1,1,color,Negro,1,1,,,,,,,,,,,,,,,,,,,,,,,,,,,,,,sync-and-show,updated,synced,1774839652,,approved,yes,yes,yes,,,,,,1,0,'@ALL,,,,,,,,,,,,,,,,,696094856820298,,
18604,variation,76237109631,,"Chamarra BMW Motorrad PCM, Unisex",1,0,visible,,,,,taxable,parent,1,2,,0,0,,,,,0,,,6549.14,,,,,,,76237109628,,,,,,2,,talla,L,,1,genero,Unisex,,1,color,Negro,,1,,,,,,,,,,,,,,,,,,,,,,,,,,,,,,,,synced,1774839652,Negro,approved,yes,yes,,,,,,,,,,,,,product,,,,,,,,,,,,,,24511396915151538,
18605,variation,76237109630,,"Chamarra BMW Motorrad PCM, Unisex",1,0,visible,,,,,taxable,parent,1,2,,0,0,,,,,0,,,6549.14,,,,,,,76237109628,,,,,,3,,talla,M,,1,genero,Unisex,,1,color,Negro,,1,,,,,,,,,,,,,,,,,,,,,,,,,,,,,,,,synced,1774839652,Negro,approved,yes,yes,,,,,,,,,,,,,product,,,,,,,,,,,,,,24703380659351259,
18610,simple,76317922217,,"Visera BMW Motorrad para Casco Grand Race Tintada",1,0,visible,,"<div class=""ewa-rteLine"">Visera tintada para el casco Grand Racer</div>\n<div></div>\n<div class=""ewa-rteLine"">* Solo para uso en pista de carreras.</div>\n<div class=""ewa-rteLine"">* protección UV</div>\n<div class=""ewa-rteLine"">* Visera fácilmente reemplazable sin herramientas</div>\n<div class=""ewa-rteLine"">* La visera tiene un revestimiento resistente a los arañazos en ambos lados.</div>\n<div class=""ewa-rteLine"">* Material: policarbonato</div>\n<div class=""ewa-rteLine""></div>",,,taxable,,1,1,,0,0,,,,,1,,,2735.80,"Rider Gear & Garment > Cascos > Viseras",,,https://vecsaboutique.com/wp-content/uploads/2025/08/76317922217.avif,,,,,,"76315A752B5, 76315A752C0",,,0,MOTORRAD,,,,,,,,,,,,,,,,,,,,,,,,,,,,,,,,,,,,,,,,,,sync-and-show,created,synced,1772679684,,approved,,,,,,,,,1,0,'@ALL,,,,,,,,,,,,,,,,,,,
18612,simple,76317923604,,"Gafas BMW Motorrad Enduro GS Pro 101",1,0,visible,,"Diseño enduro con una excelente ventilación, ideales para cualquier condición climática y uso todoterreno. Cuenta protección UV y doble lente para protección óptima, cuenta con un recubrimiento antiarañazos con una montura Over-the-Glasses para los usuarios que llevan gafas graduadas, además, contiene aberturas de ventilación con espuma en el flujo de aire directo, un acolchado de espuma higiénica y antimicrobiana que evita que entre el polvo y se ajusta perfectamente a la cara, la correa ajustable de las gafas cuenta con un revestimiento de silicona que evita que se resbale sobre el casco.",,,taxable,,1,1,,0,0,,,,,1,,,3408.93,"Rider Gear & Garment > Gafas",,,"https://vecsaboutique.com/wp-content/uploads/2025/08/76317923604.avif, https://vecsaboutique.com/wp-content/uploads/2025/08/76317923604_c.avif, https://vecsaboutique.com/wp-content/uploads/2025/08/76317923604_b.avif",,,,,,,,,0,MOTORRAD,talla,Unica,1,1,,,,,,,,,,,,,,,,,,,,,,,,,,,,,,,,,,,,,,sync-and-show,updated,synced,1772679684,,approved,,,,,,,,,1,0,'@ALL,,,,,,,,,,,,,,,,,,,
18617,simple,76317924032,,"Gafas BMW Motorrad Enduro GS Pro",1,0,visible,,"<div class=""ewa-rteLine"">Orientación perfecta en cualquier terreno: Gracias a su doble lente ventilada, las gafas de moto BMW Enduro GS Pro son ideales para conducir en terrenos difíciles. Un revestimiento especial protege la lente del empañamiento y los arañazos. Una característica especialmente práctica para quienes usan gafas: la montura Over-the-Glasses se puede usar fácilmente sobre gafas normales.</div>\n<div class=""ewa-rteLine""></div>\n<div class=""ewa-rteLine"">Orificios de ventilación protegidos con espuma directamente en el flujo de aire</div>\n<div class=""ewa-rteLine"">Resistencia excepcional a la evaporación a bajas temperaturas.</div>\n<div class=""ewa-rteLine"">Recubrimiento antirayaduras</div>\n<div class=""ewa-rteLine"">100% protección UV (categoría de filtro 0)</div>\n<div class=""ewa-rteLine"">Sobre el marco de las gafas para usuarios de gafas</div>\n<div class=""ewa-rteLine"">La espuma antibacteriana e higiénica evita la entrada de polvo y se adapta perfectamente a la forma del rostro.</div>\n<div class=""ewa-rteLine"">Diadema ajustable con revestimiento de silicona que evita que se resbale del casco.</div>",,,taxable,,1,2,,0,0,,,,,1,,,3408.95,"Rider Gear & Garment > Gafas",,,"https://vecsaboutique.com/wp-content/uploads/2025/08/76317924032.avif, https://vecsaboutique.com/wp-content/uploads/2025/08/76317924032_b.avif, https://vecsaboutique.com/wp-content/uploads/2025/08/76317924032_c.avif, https://vecsaboutique.com/wp-content/uploads/2025/08/76317924032_d.avif",,,,,,,,,0,MOTORRAD,talla,Unica,1,1,,,,,,,,,,,,,,,,,,,,,,,,,,,,,,,,,,,,,,sync-and-show,pending_create,synced,1772679684,,approved,,,,,,,,,,,,,,,,,,,,,,,,,,,,,,
18623,variation,76428504312,,"Chaleco BMW Motorrad Cool Down, Unisex",1,0,visible,,"Chaleco Cool DownS",,,taxable,parent,1,2,,0,0,,,,,0,,,2918.61,,,,,,,76428504311,,,,,,2,,talla,S,,1,genero,Unisex,,1,color,Negro,,1,,,,,,,,,,,,,,,,,,,,,,,,,,,,,,,,synced,1773630074,Negro,approved,,yes,yes,,,,,,,,,,,,product,,,,,,,,,,,,,,,
18624,variation,76428504315,,"Chaleco BMW Motorrad Cool Down, Unisex",1,0,visible,,"Chaleco Cool DownXL",,,taxable,parent,1,1,,0,0,,,,,0,,,3124.38,,,,,,,76428504311,,,,,,3,,talla,XL,,1,genero,Unisex,,1,color,Negro,,1,,,,,,,,,,,,,,,,,,,,,,,,,,,,,,,,synced,1773630074,Negro,approved,,yes,yes,,,,,,,,,,,,product,,,,,,,,,,,,,,,
18626,variable,76617109986,,"Camiseta BMW Motorrad Jump, para Hombre",1,0,visible,,"<div class=""productdetails__content"">\n<div class=""productdetails__content"">\n<div class=""productdetails__content"">\n<p class=""mnm-productdetails-description"">Esta camiseta clásica de BMW Motorrad presenta cuello redondo y un estampado de una BMW GS saltando en la parte delantera. También luce la inscripción ""BMW Motorrad"" en negro en la espalda, entre los omóplatos. Diseñada para los fans de las legendarias BMW GS y GS Adventure.</p>\n\n</div>\n</div>\n</div>\n<ul>\n 	<li>Estampado grande con motivo en el pecho.</li>\n 	<li>Letras verticales ""BMW Motorrad"" en la parte trasera</li>\n 	<li>Logotipo de BMW impreso en la manga</li>\n 	<li>Corte: ajuste regular</li>\n</ul>",,,taxable,,1,,,0,0,,,,,1,,,,"Rider Gear & Garment > Camisetas",,,https://vecsaboutique.com/wp-content/uploads/2025/08/76617109987.avif,,,,,,,,,0,MOTORRAD,talla,"M, S",1,1,genero,Hombre,1,1,color,Verde,1,1,,,,,,,,,,,,,,,,,,,,,,,,,,,,,,sync-and-show,updated,synced,1774839652,,approved,yes,yes,yes,,,,0,,,,,,,,,,,,,,,,,,,,,1841912690083159,,
18627,variation,76617109987,,"Camiseta BMW Motorrad Jump, para Hombre",1,0,visible,,,,,taxable,parent,1,1,,0,0,,,,,0,,,1104.80,,,,,,,76617109986,,,,,,2,,talla,M,,1,genero,Hombre,,1,color,Verde,,1,,,,,,,,,,,,,,,,,,,,,,,,,,,,,,,,synced,1774839652,Verde,approved,yes,yes,,,,,,,,,,,,,product,,,,,,,,,,,,,,24363551503310059,
18629,variable,76618536446,,"Camiseta BMW Motorrad Make Life A Ride, para Hombre",1,0,visible,,"La vida está llena de giros y vueltas, ¡anímate a vivirla! La camiseta BMW ""Make Life A Ride"" captura el espíritu aventurero de ir sobre dos ruedas.\n<ul>\n 	<li>Inscripción “Make Life a Ride” en la parte posterior</li>\n 	<li>Inscripción BMW Motorrad en el pecho</li>\n 	<li>Estampado del logotipo de BMW en la manga izquierda</li>\n 	<li>100% algodón orgánico</li>\n</ul>",,,taxable,,1,,,0,0,,,,,1,,,,"Rider Gear & Garment > Camisetas",,,https://vecsaboutique.com/wp-content/uploads/2025/08/76618536447.avif,,,,,,,,,0,MOTORRAD,talla,"M, S",1,1,genero,Hombre,1,1,color,"Azul marino/blanco",1,1,,,,,,,,,,,,,,,,,,,,,,,,,,,,,,sync-and-show,updated,synced,1774839652,,approved,yes,yes,yes,,,,0,,,,,,,,,,,,,,,,,,,,,24313757268293104,,
18630,variation,76618536447,,"Camiseta BMW Motorrad Make Life A Ride, para Hombre",1,0,visible,,,,,taxable,parent,1,1,,0,0,,,,,0,,,1104.80,,,,,,,76618536446,,,,,,2,,talla,M,,1,genero,Hombre,,1,color,"Azul marino/blanco",,1,,,,,,,,,,,,,,,,,,,,,,,,,,,,,,,,synced,1774839652,"Azul marino/blanco",approved,yes,yes,,,,,,,,,,,,,product,,,,,,,,,,,,,,9694905590611743,
18636,variation,76618536531,,"Camiseta BMW Motorrad Big Boxer, para Hombre - M",1,0,visible,,"Camiseta Big Boxer caballero azulM",,,taxable,parent,1,1,,0,0,,,,,0,,,1104.80,,,,,,,76618536530,,,,,,2,,talla,M,,1,,,,,,,,,,,,,,,,,,,,,,,,,,,,,,,,,,,,,,,,synced,1773975656,,approved,,yes,yes,,,,,,,,,,,,product,,,,,,,,,,,,,,,
18637,variation,76115A80CE7,,"Pantalón para motociclista BMW Motorrad GS Rallye AIR, para Hombre",1,0,visible,,,,,taxable,parent,1,1,,0,0,,,,,0,,,11317.88,,,,,,,76115A80CE2,,,,,,2,,talla,40,,1,genero,Hombre,,1,color,Negro,,1,,,,,,,,,,,,,,,,,,,,,,,,,,,,,,,,synced,1773802828,Negro,approved,,,,,,,,,,,,,,,,,,,,,,,,,,,,,,
18638,variable,76115B3D0B7,,"Pantalón para motociclista BMW Motorrad GS Karakum GTX, para Hombre",1,0,visible,,"Los pantalones de moto BMW GS Karakum GTX para hombre presentan un estilo deportivo y son ideales para cualquier tipo de conducción, incluso todoterreno. Gracias a su construcción de tres capas, que incluye una capa exterior de GORE-TEX, son aptos para cualquier condición climática, desde altas temperaturas hasta climas fríos.\n<ul>\n 	<li>Máxima libertad de movimiento gracias al material softshell de poliamida</li>\n 	<li>Gracias al ajuste preciso y a la alta elasticidad, no es necesario un cierre de velcro ajustable en el cuerpo.</li>\n 	<li>Posibilidad de adaptación a las condiciones climáticas</li>\n 	<li>Protectores de cadera y rodillas NP3 extraíbles, nivel de protección 2</li>\n 	<li>Estampado reflectante en el exterior del pantalón.</li>\n 	<li>Clase de protección AA, EN 17092</li>\n 	<li>Cremallera de conexión corta y envolvente</li>\n</ul>",,,taxable,,1,,,0,0,,,,,1,,,,"Rider Gear & Garment > Pantalones",,,"https://vecsaboutique.com/wp-content/uploads/2025/08/76115B3D0B7.avif, https://vecsaboutique.com/wp-content/uploads/2025/08/76115B3D0B7_2.avif, https://vecsaboutique.com/wp-content/uploads/2025/08/76115B3D0B7_3.avif",,,,,,76115B3D395,,,0,MOTORRAD,talla,"36, 38",1,1,color,"Azul marino",1,1,genero,Hombre,1,1,,,,,,,,,,,,,,,,,,,,,,,,,,,,,,sync-and-show,updated,synced,1773457522,,approved,yes,yes,yes,,,,0,,,,,,,,,,,,,,,,,,,,,,,
18639,variation,,,"Pantalón para motociclista BMW Motorrad GS Karakum GTX, para Hombre",1,0,visible,,,,,taxable,parent,1,1,,0,0,,,,,0,,,19600.18,,,,,,,76115B3D0B7,,,76115B3D395,,,1,,talla,36,,1,color,"Azul marino",,1,genero,Hombre,,1,,,,,,,,,,,,,,,,,,,,,,,,,,,,,,,,synced,1773457522,"Azul marino",approved,,,,,,,,,,,,,,,,,,,,,,,,,,,,,,
18640,variation,76115B3D0B8,,"Pantalón para motociclista BMW Motorrad GS Karakum GTX, para Hombre",1,0,visible,,,,,taxable,parent,1,1,,0,0,,,,,0,,,19600.18,,,,,,,76115B3D0B7,,,76115B3D395,,,2,,talla,38,,1,color,"Azul marino",,1,genero,Hombre,,1,,,,,,,,,,,,,,,,,,,,,,,,,,,,,,,,synced,1773457522,"Azul marino",approved,,,,,,,,,,,,,,,,,,,,,,,,,,,,,,
18645,variable,76115B3D227,,"Pantalón para motociclista BMW Motorrad GS Tatacoa, para Hombre",1,0,visible,,"Los pantalones de moto BMW GS Tatacoa de estilo retro están diseñados principalmente para los propietarios de las series R nineT y GS. Estos pantalones de enduro de verano de estilo retro no solo complementan a la perfección el look SPIRIT OF GS, sino que también son resistentes y cómodos gracias a su lona de alta calidad con inserciones de cuero y elástico.\n<ul>\n 	<li>Ribete de pierna fabricado en tejido altamente resistente a la abrasión (poliéster 900D)</li>\n 	<li>Relleno de malla transpirable y agradable para la piel.</li>\n 	<li>Mayor elasticidad en la entrepierna, los glúteos y debajo de las rodillas para una libertad de movimiento óptima.</li>\n 	<li>Protectores articulares NP3, nivel 2</li>\n 	<li>Clase de protección AA, EN 17092</li>\n 	<li>Ventilación en los muslos</li>\n 	<li>Dos bolsillos de parche en los muslos.</li>\n 	<li>Ajuste del ancho de la cintura</li>\n 	<li>Acabado de pierna con doble cremallera para facilitar su colocación.</li>\n 	<li>Dos bolsillos laterales deslizantes</li>\n 	<li>Cremallera de conexión (40 cm) para chaquetas BMW Motorrad</li>\n 	<li>Cremalleras metálicas duraderas</li>\n 	<li>Tirantes desmontables</li>\n 	<li>Material exterior: 57% nailon, 43% algodón.</li>\n 	<li>Material del acabado: 100 % piel de vacuno</li>\n 	<li>Material del forro: 100% poliéster</li>\n 	<li>Material del bolsillo: 100% nailon</li>\n</ul>",,,taxable,,1,,,0,0,,,,,1,,,,"Rider Gear & Garment > Pantalones",,,"https://vecsaboutique.com/wp-content/uploads/2025/08/76115B3D229.avif, https://vecsaboutique.com/wp-content/uploads/2025/08/76115B3D229_3.avif, https://vecsaboutique.com/wp-content/uploads/2025/08/76115B3D229_5.avif, https://vecsaboutique.com/wp-content/uploads/2025/08/76115B3D229_6.avif, https://vecsaboutique.com/wp-content/uploads/2025/08/76115B3D229_4.avif",,,,,,,,,0,MOTORRAD,talla,"30, 31, 34, 38, 40",1,1,genero,Hombre,1,1,color,"Azul marino",1,1,,,,,,,,,,,,,,,,,,,,,,,,,,,,,,sync-and-show,updated,synced,1774839652,,approved,yes,yes,yes,,,,0,,,,,,,,,,,,,,,,,,,,,1093482335832444,,
18646,variation,76115B3D231,,"Pantalón para motociclista BMW Motorrad GS Tatacoa, para Hombre",1,0,visible,,,,,taxable,parent,1,1,,0,0,,,,,0,,,9288.96,,,,,,,76115B3D227,,,,,,3,,talla,38,,1,genero,Hombre,,1,color,"Azul marino",,1,,,,,,,,,,,,,,,,,,,,,,,,,,,,,,,,synced,1774839652,"Azul marino",approved,yes,yes,,,,,,,,,,,,,product,,,,,,,,,,,,,,25589177584005877,
18647,variation,76115B3D232,,"Pantalón para motociclista BMW Motorrad GS Tatacoa, para Hombre",1,0,visible,,,,,taxable,parent,1,1,,0,0,,,,,0,,,9288.96,,,,,,,76115B3D227,,,,,,4,,talla,40,,1,genero,Hombre,,1,color,"Azul marino",,1,,,,,,,,,,,,,,,,,,,,,,,,,,,,,,,,synced,1774839652,"Azul marino",approved,yes,yes,,,,,,,,,,,,,product,,,,,,,,,,,,,,25300015259600966,
18648,variation,76115B3D229,,"Pantalón para motociclista BMW Motorrad GS Tatacoa, para Hombre",1,0,visible,,,,,taxable,parent,1,1,,0,0,,,,,0,,,9288.96,,,,,,,76115B3D227,,,,,,5,,talla,34,,1,genero,Hombre,,1,color,"Azul marino",,1,,,,,,,,,,,,,,,,,,,,,,,,,,,,,,,,synced,1774839652,"Azul marino",approved,yes,yes,,,,,,,,,,,,,product,,,,,,,,,,,,,,24472550529051335,
18655,variable,76115B3D395,,"Chamarra para motociclista BMW Motorrad GS Karakum GTX, para Hombre",1,0,visible,,"<div class=""ewa-rteLine"">\n\nDe estilo deportivo y apta para cualquier ruta, incluso todoterreno: la chaqueta de moto de tres piezas BMW GS Karakum GORE-TEX cumple con los más altos estándares. Gracias a su construcción de tres capas, que incluye una capa exterior de GORE-TEX, es apta para todo tipo de clima, desde altas temperaturas hasta bajas temperaturas. La chaqueta exterior también es ideal para el día a día.\n<ul>\n 	<li>Máxima libertad de movimiento gracias al material softshell de poliamida</li>\n 	<li>Gracias al ajuste preciso y a la alta elasticidad, no es necesario un cierre de velcro ajustable en el cuerpo.</li>\n 	<li>Adaptable a las condiciones climáticas gracias a la chaqueta interior y la chaqueta exterior.</li>\n 	<li>Impermeable (columna de agua 28.000 mm) y transpirable.</li>\n 	<li>La chaqueta exterior también se puede usar una vez finalizado el viaje.</li>\n 	<li>La chaqueta interior es una chaqueta softshell funcional que funcionará en una variedad de situaciones.</li>\n 	<li>Protectores de hombros y codos NP3 extraíbles, nivel de protección 2</li>\n 	<li>Incluye protector de espalda largo NP Flex Pro</li>\n 	<li>Estampado reflectante en la chaqueta exterior.</li>\n 	<li>Clase de protección AA, EN 17092</li>\n 	<li>Tejido espaciador 3D en el protector de espalda para una circulación de aire óptima</li>\n 	<li>Ajuste de ancho mediante correas de velcro en los extremos de las mangas de la chaqueta exterior.</li>\n 	<li>Dos bolsillos de parche impermeables en la chaqueta exterior.</li>\n 	<li>Cremallera de conexión corta y envolvente</li>\n</ul>\n</div>",,,taxable,,1,,,0,0,,,,,1,,,,"Rider Gear & Garment > Chamarras",,,"https://vecsaboutique.com/wp-content/uploads/2025/08/76115B3D398.avif, https://vecsaboutique.com/wp-content/uploads/2025/08/76115B3D398_2.avif, https://vecsaboutique.com/wp-content/uploads/2025/08/76115B3D398_3.avif, https://vecsaboutique.com/wp-content/uploads/2025/08/76115B3D398_4.avif",,,,,,,,,0,MOTORRAD,talla,"31, 36, 38, 40",1,1,genero,Hombre,1,1,color,"Azul marino",1,1,,,,,,,,,,,,,,,,,,,,,,,,,,,,,,sync-and-show,updated,synced,1774839652,,approved,yes,yes,yes,,,,0,,,,,,,,,,,,,,,,,,,,,1197657665733834,,
18656,variation,76115B3D398,,"Chamarra para motociclista BMW Motorrad GS Karakum GTX, para Hombre",1,0,visible,,,,,taxable,parent,1,1,,0,0,,,,,0,,,28406.41,,,,,,,76115B3D395,,,,,,2,,talla,36,,1,genero,Hombre,,1,color,"Azul marino",,1,,,,,,,,,,,,,,,,,,,,,,,,,,,,,,,,synced,1774839652,"Azul marino",approved,yes,yes,,,,,,,,,,,,,product,,,,,,,,,,,,,,24876345971962931,
18657,variation,76115B3D399,,"Chamarra para motociclista BMW Motorrad GS Karakum GTX, para Hombre",1,0,visible,,,,,taxable,parent,1,1,,0,0,,,,,0,,,28406.41,,,,,,,76115B3D395,,,,,,3,,talla,38,,1,genero,Hombre,,1,color,"Azul marino",,1,,,,,,,,,,,,,,,,,,,,,,,,,,,,,,,,synced,1774839652,"Azul marino",approved,yes,yes,,,,,,,,,,,,,product,,,,,,,,,,,,,,30965246713120310,
18658,variation,76115B3D3A0,,"Chamarra para motociclista BMW Motorrad GS Karakum GTX, para Hombre",1,0,visible,,,,,taxable,parent,1,1,,0,0,,,,,0,,,28406.41,,,,,,,76115B3D395,,,,,,4,,talla,40,,1,genero,Hombre,,1,color,"Azul marino",,1,,,,,,,,,,,,,,,,,,,,,,,,,,,,,,,,synced,1774839652,"Azul marino",approved,yes,yes,,,,,,,,,,,,,product,,,,,,,,,,,,,,24358579073751581,
18663,variable,76115B3D4B6,,"Chamarra BMW Motorrad GS Tatacoa, para Hombre",1,0,visible,,"La chaqueta de moto BMW GS Tatacoa para hombre presenta un estilo retro enduro y conmovedor. Esta chaqueta de verano es la combinación perfecta para el espíritu GS. Esta resistente y cómoda compañera de viaje está confeccionada en lona de alta calidad con inserciones de colores y detalles de cuero.\n<ul>\n 	<li>Relleno de malla transpirable y agradable para la piel.</li>\n 	<li>Paneles elásticos en la espalda para una libertad de movimiento óptima.</li>\n 	<li>Inserto AirVent con cierre frontal</li>\n 	<li>Cremalleras de ventilación adicionales en las mangas, hombros y espalda.</li>\n 	<li>Estampados reflectantes en la parte delantera, trasera y hombros.</li>\n 	<li>Protectores de hombros y codos: protectores NP3 EVO</li>\n 	<li>Protector de espalda: protector NP3, largo</li>\n 	<li>Certificado de conformidad con la norma EN 17092, nivel AA</li>\n 	<li>Dos bolsillos en el pecho</li>\n 	<li>Dos bolsillos frontales impermeables</li>\n 	<li>Dos bolsillos interiores</li>\n 	<li>Gran bolsillo trasero para guantes, impermeable, etc.</li>\n 	<li>Bolsillo adicional con cremallera detrás del bolsillo trasero</li>\n 	<li>Ajuste del ancho de la cintura</li>\n 	<li>Ajuste de mangas y cintura</li>\n 	<li>Cremallera de 40 cm de largo para conexión a pantalones BMW Motorrad</li>\n 	<li>Cremalleras metálicas duraderas</li>\n 	<li>Material exterior: 57% nailon, 43% algodón.</li>\n 	<li>Material del acabado: 100 % piel de vacuno</li>\n 	<li>Material del forro: 100% poliéster</li>\n 	<li>Material del bolsillo: 100% nailon</li>\n</ul>",,,taxable,,1,,,0,0,,,,,1,,,,"Rider Gear & Garment > Chamarras",,,"https://vecsaboutique.com/wp-content/uploads/2025/08/76115B3D4B9.avif, https://vecsaboutique.com/wp-content/uploads/2025/08/76115B3D4B9_2.avif, https://vecsaboutique.com/wp-content/uploads/2025/08/76115B3D4B9_3.avif, https://vecsaboutique.com/wp-content/uploads/2025/08/76115B3D4B9_4.avif",,,,,,,,,0,MOTORRAD,talla,"31, 36, 38",1,1,genero,Hombre,1,1,color,Arena,1,1,,,,,,,,,,,,,,,,,,,,,,,,,,,,,,sync-and-show,pending_update,synced,1774839652,,approved,yes,yes,yes,,,,0,,,,,,,,,,,,,,,,,,,,,794550342930953,,
18664,variation,76115B3D4B9,,"Chamarra BMW Motorrad GS Tatacoa, para Hombre",1,0,visible,,,,,taxable,parent,1,1,,0,0,,,,,0,,,12114.63,,,,,,,76115B3D4B6,,,,,,2,,talla,36,,1,genero,Hombre,,1,color,Arena,,1,,,,,,,,,,,,,,,,,,,,,,,,,,,,,,,,synced,1774839652,Arena,approved,yes,yes,,,,,,,,,,,,,product,,,,,,,,,,,,,,24193585136936019,
18665,variation,76115B3D4C0,,"Chamarra BMW Motorrad GS Tatacoa, para Hombre",1,0,visible,,,,,taxable,parent,1,1,,0,0,,,,,0,,,12114.63,,,,,,,76115B3D4B6,,,,,,3,,talla,38,,1,genero,Hombre,,1,color,Arena,,1,,,,,,,,,,,,,,,,,,,,,,,,,,,,,,,,synced,1774839652,Arena,approved,yes,yes,,,,,,,,,,,,,product,,,,,,,,,,,,,,24273762415584368,
18671,variable,76115B3D4C7,,"Chamarra para motociclista BMW Motorrad GS Tatacoa Pro, para Hombre",1,0,visible,,"La chamarra de moto BMW GS Tatacoa para hombre presenta un estilo enduro retro y emotivo. Esta chaqueta de verano es la combinación perfecta para el espíritu GS. Esta resistente y cómoda compañera de viaje luce una lona de alta calidad con un diseño monocromático y detalles de cuero.\n<ul>\n 	<li>Relleno de malla transpirable y agradable para la piel.</li>\n 	<li>Paneles elásticos en la espalda para una libertad de movimiento óptima.</li>\n 	<li>Inserto AirVent con cierre frontal</li>\n 	<li>Cremalleras de ventilación adicionales en las mangas, hombros y espalda.</li>\n 	<li>Estampados reflectantes en la parte delantera, trasera y hombros.</li>\n 	<li>Protectores de hombros y codos: protectores NP3 EVO</li>\n 	<li>Protector de espalda: protector NP3, largo</li>\n 	<li>Certificado de conformidad con la norma EN 17092, nivel AA</li>\n 	<li>Dos bolsillos en el pecho</li>\n 	<li>Dos bolsillos frontales impermeables</li>\n 	<li>Dos bolsillos interiores</li>\n 	<li>Gran bolsillo trasero para guantes, impermeable, etc.</li>\n 	<li>Bolsillo adicional con cremallera detrás del bolsillo trasero</li>\n 	<li>Ajuste del ancho de la cintura</li>\n 	<li>Ajuste de mangas y cintura</li>\n 	<li>Cremallera de 40 cm de largo para conexión a pantalones BMW Motorrad</li>\n 	<li>Cremalleras metálicas duraderas</li>\n 	<li>Material exterior: 57% nailon, 43% algodón.</li>\n 	<li>Material del acabado: 100 % piel de vacuno</li>\n 	<li>Material del forro: 100% poliéster</li>\n 	<li>Material del bolsillo: 100% nailon</li>\n</ul>",,,taxable,,1,,,0,0,,,,,1,,,,"Rider Gear & Garment > Chamarras",,,"https://vecsaboutique.com/wp-content/uploads/2025/08/76115B3D4D3.avif, https://vecsaboutique.com/wp-content/uploads/2025/08/76115B3D4D3_2.avif, https://vecsaboutique.com/wp-content/uploads/2025/08/76115B3D4D3_3.avif, https://vecsaboutique.com/wp-content/uploads/2025/08/76115B3D4D3_4.avif, https://vecsaboutique.com/wp-content/uploads/2025/08/76115B3D4D3_5.avif",,,,,,,,,0,MOTORRAD,talla,"31, 42",1,1,genero,Hombre,1,1,color,Negro,1,1,,,,,,,,,,,,,,,,,,,,,,,,,,,,,,sync-and-show,updated,synced,1774839652,,approved,yes,yes,yes,,,,0,,,,,,,,,,,,,,,,,,,,,1472521987172707,,
18672,variation,76115B3D4D3,,"Chamarra para motociclista BMW Motorrad GS Tatacoa Pro, para Hombre",1,0,visible,,,,,taxable,parent,1,1,,0,0,,,,,0,,,12995.43,,,,,,,76115B3D4C7,,,,,,2,,talla,42,,1,genero,Hombre,,1,color,Negro,,1,,,,,,,,,,,,,,,,,,,,,,,,,,,,,,,,synced,1774839652,Negro,approved,yes,yes,,,,,,,,,,,,,product,,,,,,,,,,,,,,24013273705010034,
18679,variation,76125A80E28,,"Chamarra para motociclista BMW Motorrad Downforce, para Hombre",1,0,visible,,"Chaqueta Downforce caballero negro56",,,taxable,parent,1,1,,0,0,,,,,0,,,14933.49,,,,,,,76125A80E23,,,,,,2,,talla,40,,1,genero,Hombre,,1,color,Negro,,1,,,,,,,,,,,,,,,,,,,,,,,,,,,,,,,,synced,1773630074,Negro,approved,,,,,,,,,,,,,,,,,,,,,,,,,,,,,,
18680,variable,76135A80CF9,,"Pantalón para motociclista BMW Motorrad GS Rallye AIR, para Mujer",1,0,visible,,"Los pantalones de moto BMW GS Rallye AIR para mujer son especialmente adecuados para conducir en condiciones de mucho calor. Su material de poliamida, extremadamente resistente a la abrasión y transpirable, garantiza una ventilación óptima y, junto con varios protectores NP3, garantiza un alto nivel de seguridad. Dos bolsillos en las caderas y los muslos completan su diseño moderno.\n<ul>\n 	<li>Pantalones extremadamente transpirables con inserciones elásticas.</li>\n 	<li>Material de poliamida extremadamente resistente a la abrasión y transpirable.</li>\n 	<li>Protectores articulares NP3</li>\n 	<li>Material reflectante en la pierna.</li>\n 	<li>Clase de protección AA, EN 17092</li>\n 	<li>Dos bolsillos abiertos (caderas)</li>\n 	<li>Bolsillos con cremallera en ambos muslos.</li>\n 	<li>Fácil ajuste del ancho del pie y opción de apertura amplia.</li>\n 	<li>Sistema de ajuste de gancho</li>\n 	<li>Zona elástica debajo de los glúteos</li>\n 	<li>Ribete de cuero en el interior de la rodilla.</li>\n 	<li>Gracias a la cremallera integrada, el ancho del pie se puede ajustar al calzado GS Pro.</li>\n</ul>",,,taxable,,1,,,0,0,,,,,1,,,,"Rider Gear & Garment > Pantalones",,,"https://vecsaboutique.com/wp-content/uploads/2024/09/76135A80D04.avif, https://vecsaboutique.com/wp-content/uploads/2024/09/76135A80D04_2.avif, https://vecsaboutique.com/wp-content/uploads/2024/09/76135A80D04_3.avif",,,,,,,,,0,MOTORRAD,talla,"26, 36",1,1,genero,Mujer,1,1,color,Negro,1,1,,,,,,,,,,,,,,,,,,,,,,,,,,,,,,sync-and-show,updated,synced,1774839652,,approved,yes,yes,yes,,,,0,,,,,,,,,,,,,,,,,,,,,1496036068510845,,
18681,variation,76135A80D04,,"Pantalón para motociclista BMW Motorrad GS Rallye AIR, para Mujer",1,0,visible,,,,,taxable,parent,1,1,,0,0,,,,,0,,,11317.88,,,,,,,76135A80CF9,,,,,,2,,talla,36,,1,genero,Mujer,,1,color,Negro,,1,,,,,,,,,,,,,,,,,,,,,,,,,,,,,,,,synced,1774839652,Negro,approved,yes,yes,,,,,,,,,,,,,product,,,,,,,,,,,,,,24348975944755532,
18682,variable,76215B3D040,,"Guantes para motociclista BMW Motorrad GS Rallye, Unisex",1,0,visible,,"Los guantes de moto BMW GS Rallye son el compañero perfecto para quienes se desplazan fuera de carretera en temperaturas cálidas. El dorso, fabricado con material transpirable y altamente resistente a la abrasión, con amplia protección para los nudillos, es ideal para la conducción todoterreno. La palma de piel de cabra con refuerzos por zonas ofrece el máximo agarre.\n<ul>\n 	<li>Combinación de materiales ligeros y transpirables.</li>\n 	<li>El material flexible garantiza un uso cómodo.</li>\n 	<li>Una combinación de tela y piel de canguro en toda la palma del guante para el mejor agarre posible.</li>\n 	<li>Dorso de la mano de piel de cabra</li>\n 	<li>Protector de nudillos 3D relleno de espuma amortiguadora con orificios de ventilación</li>\n 	<li>Dorso de la mano fabricado en material flexible con refuerzos de piel de cabra para una mejor resistencia al desgarro.</li>\n 	<li>Acolchado en las articulaciones del pulgar para mayor protección.</li>\n 	<li>El cierre de velcro en la muñeca evita que el guante se resbale.</li>\n 	<li>Solapa de guante con almohadilla de silicona para facilitar su colocación.</li>\n 	<li>Tres dedos conductores en la mano derecha permiten acercar, tocar y deslizar fácilmente en pantallas táctiles. Puedes usar el navegador ConnectedRide, la app BMW Motorrad Connected, smartphones y otros dispositivos táctiles sin quitarte los guantes.</li>\n 	<li>Material superior: cuero de cabra LWG</li>\n 	<li>Material de la protección de nudillos: plástico BAYER con un 50 % de contenido reciclado</li>\n 	<li>Material de la palma: piel de canguro.</li>\n 	<li>Material del dorso de la mano: piel de cabra</li>\n 	<li>Material del forro: poliéster</li>\n 	<li>Material del cierre de muñeca: TPU</li>\n 	<li>Composición del material: 20% poliamida, 15% espuma EVA, 15% poliéster, 30% piel de canguro, 20% piel de cabra.</li>\n</ul>",,,taxable,,1,,,0,0,,,,,1,,,,"Rider Gear & Garment > Guantes",,,"https://vecsaboutique.com/wp-content/uploads/2025/08/76215B3D042.avif, https://vecsaboutique.com/wp-content/uploads/2025/08/76215B3D042_2.avif, https://vecsaboutique.com/wp-content/uploads/2025/08/76215B3D042_3.avif",,,,,,,,,0,MOTORRAD,talla,"6, 8",1,1,genero,Unisex,1,1,color,"Azul marino",1,1,,,,,,,,,,,,,,,,,,,,,,,,,,,,,,sync-and-show,updated,synced,1774839652,,approved,yes,yes,yes,,,,0,,,,,,,,,,,,,,,,,,,,,2600091333680431,,
18683,variation,76215B3D042,,"Guantes para motociclista BMW Motorrad GS Rallye, Unisex",1,0,visible,,,,,taxable,parent,1,1,,0,0,,,,,0,,,2845.97,,,,,,,76215B3D040,,,,,,2,,talla,8,,1,genero,Unisex,,1,color,"Azul marino",,1,,,,,,,,,,,,,,,,,,,,,,,,,,,,,,,,synced,1774839652,"Azul marino",approved,yes,yes,,,,,,,,,,,,,product,,,,,,,,,,,,,,24386333197697156,
18687,variable,76215B3D047,,"Guantes para motociclista BMW Motorrad GS Rallye, Unisex",1,0,visible,,"Los guantes de moto BMW GS Rallye son el compañero perfecto para quienes se desplazan fuera de carretera en temperaturas cálidas. El dorso, fabricado con material transpirable y altamente resistente a la abrasión, con amplia protección para los nudillos, es ideal para la conducción todoterreno. La palma de piel de cabra con refuerzos por zonas ofrece el máximo agarre.\n<ul>\n 	<li>Combinación de materiales ligeros y transpirables.</li>\n 	<li>El material flexible garantiza un uso cómodo.</li>\n 	<li>Una combinación de tela y piel de canguro en toda la palma del guante para el mejor agarre posible.</li>\n 	<li>Dorso de la mano de piel de cabra</li>\n 	<li>Protector de nudillos 3D relleno de espuma amortiguadora con orificios de ventilación</li>\n 	<li>Dorso de la mano fabricado en material flexible con refuerzos de piel de cabra para una mejor resistencia al desgarro.</li>\n 	<li>Acolchado en las articulaciones del pulgar para mayor protección.</li>\n 	<li>El cierre de velcro en la muñeca evita que el guante se resbale.</li>\n 	<li>Solapa de guante con almohadilla de silicona para facilitar su colocación.</li>\n 	<li>Tres dedos conductores en la mano derecha permiten acercar, tocar y deslizar fácilmente en pantallas táctiles. Puedes usar el navegador ConnectedRide, la app BMW Motorrad Connected, smartphones y otros dispositivos táctiles sin quitarte los guantes.</li>\n 	<li>Material superior: cuero de cabra LWG</li>\n 	<li>Material de la protección de nudillos: plástico BAYER con un 50 % de contenido reciclado</li>\n 	<li>Material de la palma: piel de canguro.</li>\n 	<li>Material del dorso de la mano: piel de cabra</li>\n 	<li>Material del forro: poliéster</li>\n 	<li>Material del cierre de muñeca: TPU</li>\n 	<li>Composición del material: 20% poliamida, 15% espuma EVA, 15% poliéster, 30% piel de canguro, 20% piel de cabra.</li>\n</ul>",,,taxable,,1,,,0,0,,,,,1,,,,"Rider Gear & Garment > Guantes",,,"https://vecsaboutique.com/wp-content/uploads/2025/08/76215B3D049.avif, https://vecsaboutique.com/wp-content/uploads/2025/08/76215B3D049_2.avif, https://vecsaboutique.com/wp-content/uploads/2025/08/76215B3D049_3.avif",,,,,,,,,0,MOTORRAD,talla,8,1,1,genero,Unisex,1,1,color,Negro,1,1,,,,,,,,,,,,,,,,,,,,,,,,,,,,,,sync-and-show,updated,synced,1773457522,,approved,yes,yes,yes,,,,0,,,,,,,,,,,,,,,,,,,,,,,
18688,variation,76215B3D049,,"Guantes para motociclista BMW Motorrad GS Rallye, Unisex",1,0,visible,,,,,taxable,parent,1,1,,0,0,,,,,0,,,2845.97,,,,,,,76215B3D047,,,,,,1,,talla,8,,1,genero,Unisex,,1,color,Negro,,1,,,,,,,,,,,,,,,,,,,,,,,,,,,,,,,,synced,1773457522,Negro,approved,,,,,,,,,,,,,,,,,,,,,,,,,,,,,,
18692,variable,76215B3D054,,"Guantes para motociclista BMW Motorrad GS Rallye, Unisex",1,0,visible,,"Los guantes de moto BMW GS Rallye son el compañero perfecto para quienes se desplazan fuera de carretera en temperaturas cálidas. El dorso, fabricado con material transpirable y altamente resistente a la abrasión, con amplia protección para los nudillos, es ideal para la conducción todoterreno. La palma de piel de cabra con refuerzos por zonas ofrece el máximo agarre.\n<ul>\n 	<li style=""list-style-type: none;"">\n<ul>\n 	<li>Combinación de materiales ligeros y transpirables.</li>\n 	<li>El material flexible garantiza un uso cómodo.</li>\n 	<li>Una combinación de tela y piel de canguro en toda la palma del guante para el mejor agarre posible.</li>\n 	<li>Dorso de la mano de piel de cabra</li>\n 	<li>Protector de nudillos 3D relleno de espuma amortiguadora con orificios de ventilación</li>\n 	<li>Dorso de la mano fabricado en material flexible con refuerzos de piel de cabra para una mejor resistencia al desgarro.</li>\n 	<li>Acolchado en las articulaciones del pulgar para mayor protección.</li>\n 	<li>El cierre de velcro en la muñeca evita que el guante se resbale.</li>\n 	<li>Solapa de guante con almohadilla de silicona para facilitar su colocación.</li>\n 	<li>Tres dedos conductores en la mano derecha permiten acercar, tocar y deslizar fácilmente en pantallas táctiles. Puedes usar el navegador ConnectedRide, la app BMW Motorrad Connected, smartphones y otros dispositivos táctiles sin quitarte los guantes.</li>\n 	<li>Material superior: cuero de cabra LWG</li>\n 	<li>Material de la protección de nudillos: plástico BAYER con un 50 % de contenido reciclado</li>\n 	<li>Material de la palma: piel de canguro.</li>\n 	<li>Material del dorso de la mano: piel de cabra</li>\n 	<li>Material del forro: poliéster</li>\n 	<li>Material del cierre de muñeca: TPU</li>\n 	<li>Composición del material: 20% poliamida, 15% espuma EVA, 15% poliéster, 30% piel de canguro, 20% piel de cabra.</li>\n</ul>\n</li>\n</ul>",,,taxable,,1,,,0,0,,,,,1,,,,"Rider Gear & Garment > Guantes",,,"https://vecsaboutique.com/wp-content/uploads/2025/08/76215B3D056.avif, https://vecsaboutique.com/wp-content/uploads/2025/08/76215B3D056_2.avif, https://vecsaboutique.com/wp-content/uploads/2025/08/76215B3D056_3.avif",,,,,,,,,0,MOTORRAD,talla,"6, 8",1,1,genero,Unisex,1,1,color,Arena,1,1,,,,,,,,,,,,,,,,,,,,,,,,,,,,,,sync-and-show,updated,synced,1773802828,,approved,yes,yes,yes,,,,0,,,,,,,,,,,,,,,,,,,,,,,
18693,variation,76215B3D056,,"Guantes para motociclista BMW Motorrad GS Rallye, Unisex",1,0,visible,,,,,taxable,parent,1,1,,0,0,,,,,0,,,2845.97,,,,,,,76215B3D054,,,,,,2,,talla,8,,1,genero,Unisex,,1,color,Arena,,1,,,,,,,,,,,,,,,,,,,,,,,,,,,,,,,,synced,1773802828,Arena,approved,,,,,,,,,,,,,,,,,,,,,,,,,,,,,,
18697,variable,76225A808C6,,"Botas para motociclista  BMW Motorrad Treptow GTX, para Hombre",1,0,visible,,"Las resistentes botas con cordones Treptow GORE-TEX impresionan por su gran funcionalidad y su estilo clásico. Un tirador cosido en el extremo de la caña facilita enormemente su colocación. Gracias a la membrana GORE-TEX y a la mezcla de cuero y lona, estas botas son resistentes al viento y al agua. La seguridad también es primordial. Además de los protectores de tobillo NP-Flex, estas botas con cordones cuentan con protectores de puntera y talón, y una zona de cambio de marchas reforzada. Un forro especial también compensa óptimamente las fluctuaciones de temperatura. La caña media-alta y la suela Vibram contorneada proporcionan un excelente agarre. La suela resistente al aceite y a la gasolina también proporciona buena tracción y comodidad al caminar. Gracias a su acabado clásico, las botas con cordones Treptow GORE-TEX no solo quedan genial en moto, sino que también combinan a la perfección con vaqueros y una chaqueta de cuero.\n<ul>\n 	<li>Un tirador al final de la caña permite ponerse los zapatos fácilmente.</li>\n 	<li>Protectores de tobillo NP-Flex</li>\n 	<li>Protectores de puntera y talón</li>\n 	<li>La parte superior media-alta y la suela perfilada garantizan un buen agarre.</li>\n 	<li>Resistente al viento y al agua gracias a la membrana GORE-TEX</li>\n 	<li>Suela Vibram resistente al aceite y a la gasolina para una mayor comodidad.</li>\n 	<li>Un revestimiento especial compensa las fluctuaciones de temperatura.</li>\n</ul>",,,taxable,,1,,,0,0,,,,,1,,,,"Rider Gear & Garment > Botas",,,"https://vecsaboutique.com/wp-content/uploads/2025/08/76225A808C7.avif, https://vecsaboutique.com/wp-content/uploads/2025/08/76225A808C7_2.avif",,,,,,,,,0,MOTORRAD,talla,"26, 26.5, 27, 28.5, 30",1,1,genero,Hombre,1,1,color,Negro,1,1,,,,,,,,,,,,,,,,,,,,,,,,,,,,,,sync-and-show,updated,synced,1773802828,,approved,yes,yes,yes,,,,0,,,,,,,,,,,,,,,,,,,,,,,
18698,variation,76225A808C7,,"Botas para motociclista  BMW Motorrad Treptow GTX, para Hombre",1,0,visible,,,,,taxable,parent,1,1,,0,0,,,,,0,,,8432.86,,,,,,,76225A808C6,,,,,,3,,talla,26.5,,1,genero,Hombre,,1,color,Negro,,1,,,,,,,,,,,,,,,,,,,,,,,,,,,,,,,,synced,1773802828,Negro,approved,,,,,,,,,,,,,,,,,,,,,,,,,,,,,,
18699,variation,76225A808C8,,"Botas para motociclista  BMW Motorrad Treptow GTX, para Hombre",1,0,visible,,,,,taxable,parent,1,3,,0,0,,,,,0,,,8432.86,,,,,,,76225A808C6,,,,,,4,,talla,27,,1,genero,Hombre,,1,color,Negro,,1,,,,,,,,,,,,,,,,,,,,,,,,,,,,,,,,synced,1773802828,Negro,approved,,,,,,,,,,,,,,,,,,,,,,,,,,,,,,
18700,variation,76225A808C9,,"Botas para motociclista  BMW Motorrad Treptow GTX, para Hombre",1,0,visible,,,,,taxable,parent,1,3,,0,0,,,,,0,,,8432.86,,,,,,,76225A808C6,,,,,,5,,talla,28.5,,1,genero,Hombre,,1,color,Negro,,1,,,,,,,,,,,,,,,,,,,,,,,,,,,,,,,,synced,1773802828,Negro,approved,,,,,,,,,,,,,,,,,,,,,,,,,,,,,,
18701,variation,76225A808D1,,"Botas para motociclista  BMW Motorrad Treptow GTX, para Hombre",1,0,visible,,,,,taxable,parent,1,1,,0,0,,,,,0,,,8432.86,,,,,,,76225A808C6,,,,,,2,,talla,30,,1,genero,Hombre,,1,color,Negro,,1,,,,,,,,,,,,,,,,,,,,,,,,,,,,,,,,synced,1773802828,Negro,approved,,,,,,,,,,,,,,,,,,,,,,,,,,,,,,
18704,variation,,,"Botas para motociclista  BMW Motorrad Treptow GTX, para Mujer",1,0,visible,,,,,taxable,parent,1,1,,0,0,,,,,0,,,8432.86,,,,,,,76225A808D4,,,,,,1,,talla,23,,1,genero,Mujer,,1,color,Negro,,1,,,,,,,,,,,,,,,,,,,,,,,,,,,,,,,,synced,1773630074,Negro,approved,,,,,,,,,,,,,,,,,,,,,,,,,,,,,,
18705,variation,76225A808D5,,"Botas para motociclista  BMW Motorrad Treptow GTX, para Mujer",1,0,visible,,,,,taxable,parent,1,3,,0,0,,,,,0,,,8432.86,,,,,,,76225A808D4,,,,,,2,,talla,23.5,,1,genero,Mujer,,1,color,Negro,,1,,,,,,,,,,,,,,,,,,,,,,,,,,,,,,,,synced,1773630074,Negro,approved,,,,,,,,,,,,,,,,,,,,,,,,,,,,,,
18706,variation,76225A808D6,,"Botas para motociclista  BMW Motorrad Treptow GTX, para Mujer",1,0,visible,,,,,taxable,parent,1,1,,0,0,,,,,0,,,8432.86,,,,,,,76225A808D4,,,,,,3,,talla,24,,1,genero,Mujer,,1,color,Negro,,1,,,,,,,,,,,,,,,,,,,,,,,,,,,,,,,,synced,1773630074,Negro,approved,,,,,,,,,,,,,,,,,,,,,,,,,,,,,,
18707,variable,76225A808E2,,"Botas para motociclista  BMW Motorrad Gavia AIR, Unisex",1,0,visible,,"<div class=""productdetails__content"">\n<p class=""mnm-productdetails-description"">Las botas de moto BMW Gavia AIR están fabricadas con un tejido especialmente transpirable: un forro y un material exterior especiales garantizan una excelente transpirabilidad. Esto las hace ideales para conducir en altas temperaturas. Gracias a la suela Vibram ligera y con buen agarre, ofrecen una sensación deportiva al caminar.</p>\n\n</div>\n<ul>\n 	<li>Estilo de zapatillas y comodidad al caminar.</li>\n 	<li>Protección sólida para el tobillo y la palanca de cambios.</li>\n 	<li>Suela Touring estable y resistente al aceite y al combustible.</li>\n</ul>",,,taxable,,1,,,0,0,,,,,1,,,,"Rider Gear & Garment > Botas",,,"https://vecsaboutique.com/wp-content/uploads/2025/08/76225A808E8.avif, https://vecsaboutique.com/wp-content/uploads/2025/08/76225A808E8_2.avif, https://vecsaboutique.com/wp-content/uploads/2025/08/76225A808E8_3.avif",,,,,,,,,0,,talla,"24, 27",1,1,genero,Unisex,1,1,color,Gris,1,1,,,,,,,,,,,,,,,,,,,,,,,,,,,,,,sync-and-show,updated,synced,1773802828,,approved,yes,yes,yes,,,,0,,,,,,,,,,,,,,,,,,,,,,,
18708,variation,76225A808E8,,"Botas para motociclista  BMW Motorrad Gavia AIR, Unisex",1,0,visible,,,,,taxable,parent,1,1,,0,0,,,,,0,,,7332.06,,,,,,,76225A808E2,,,,,,2,,talla,27,,1,genero,Unisex,,1,color,Gris,,1,,,,,,,,,,,,,,,,,,,,,,,,,,,,,,,,synced,1773802828,Gris,approved,,,,,,,,,,,,,,,,,,,,,,,,,,,,,,
18712,variable,76225A869D8,,"Botas para motociclista  BMW Motorrad Pro Race Comp GTX, Unisex",1,0,visible,,"Las botas de moto BMW Pro Race GORE-TEX cumplen con los más altos estándares de rendimiento e incorporan amplios elementos de protección de plástico duro. Las deslizaderas laterales de plástico reemplazables en el talón y la puntera previenen lesiones y garantizan una alta durabilidad.\n<ul>\n 	<li>Cierre micrométrico con hebilla de aluminio.</li>\n 	<li>Cremallera cubierta en el exterior para un mejor contacto con el vehículo en el interior de los zapatos.</li>\n 	<li>Grandes elementos de protección de plástico duro</li>\n 	<li>Deslizadores laterales reemplazables (talón y punta) hechos de magnesio</li>\n</ul>",,,taxable,,1,,,0,0,,,,,1,,,,"Rider Gear & Garment > Botas",,,"https://vecsaboutique.com/wp-content/uploads/2025/08/76225A869E1.avif, https://vecsaboutique.com/wp-content/uploads/2025/08/76225A869E1_2.avif, https://vecsaboutique.com/wp-content/uploads/2025/08/76225A869E1_3.avif",,,,,,,,,0,MOTORRAD,talla,"25, 26, 26.5, 27, 28.5",1,1,genero,Unisex,1,1,color,Negro,1,1,,,,,,,,,,,,,,,,,,,,,,,,,,,,,,sync-and-show,updated,synced,1773802828,,approved,yes,yes,yes,,,,0,,,,,,,,,,,,,,,,,,,,,,,
18713,variation,76225A869E1,,"Botas para motociclista  BMW Motorrad Pro Race Comp GTX, Unisex",1,0,visible,,,,,taxable,parent,1,3,,0,0,,,,,0,,,13249.16,,,,,,,76225A869D8,,,,,,2,,talla,26,,1,genero,Unisex,,1,color,Negro,,1,,,,,,,,,,,,,,,,,,,,,,,,,,,,,,,,synced,1773802828,Negro,approved,,,,,,,,,,,,,,,,,,,,,,,,,,,,,,
18714,variation,76225A869E2,,"Botas para motociclista  BMW Motorrad Pro Race Comp GTX, Unisex",1,0,visible,,,,,taxable,parent,1,2,,0,0,,,,,0,,,13249.16,,,,,,,76225A869D8,,,,,,3,,talla,26.5,,1,genero,Unisex,,1,color,Negro,,1,,,,,,,,,,,,,,,,,,,,,,,,,,,,,,,,synced,1773802828,Negro,approved,,,,,,,,,,,,,,,,,,,,,,,,,,,,,,
18715,variation,76225A869E3,,"Botas para motociclista  BMW Motorrad Pro Race Comp GTX, Unisex",1,0,visible,,,,,taxable,parent,1,3,,0,0,,,,,0,,,13249.16,,,,,,,76225A869D8,,,,,,4,,talla,27,,1,genero,Unisex,,1,color,Negro,,1,,,,,,,,,,,,,,,,,,,,,,,,,,,,,,,,synced,1773802828,Negro,approved,,,,,,,,,,,,,,,,,,,,,,,,,,,,,,
18716,variation,76225A869E4,,"Botas para motociclista  BMW Motorrad Pro Race Comp GTX, Unisex",1,0,visible,,,,,taxable,parent,1,3,,0,0,,,,,0,,,13249.16,,,,,,,76225A869D8,,,,,,5,,talla,28.5,,1,genero,Unisex,,1,color,Negro,,1,,,,,,,,,,,,,,,,,,,,,,,,,,,,,,,,synced,1773802828,Negro,approved,,,,,,,,,,,,,,,,,,,,,,,,,,,,,,
18720,variable,76225B3D688,,"Tenis para motociclista  BMW Motorrad Seoul GTX, Unisex",1,0,visible,,"<div class=""ewa-rteLine"">Las zapatillas Seoul GORE-TEX impresionan con mucho más que su estilo. La membrana GORE-TEX protege contra el viento y el agua, mientras que las protecciones integradas en el talón y el tobillo aumentan la protección. La cremallera interior oculta facilita su colocación y extracción.</div>\n<div class=""ewa-rteLine""></div>\n<div class=""ewa-rteLine"">* Mayor comodidad de uso</div>\n<div class=""ewa-rteLine"">* Suela 1K resistente al aceite y al combustible</div>\n<div class=""ewa-rteLine"">* La correa ayuda a proteger el lazo para que no se enganche.</div>\n<div class=""ewa-rteLine"">* Protección integrada para el talón y el tobillo</div>\n<div class=""ewa-rteLine"">* Certificación de motocicletas de nivel 1</div>\n<div class=""ewa-rteLine"">* Datos clave</div>\n<div class=""ewa-rteLine"">* Material: 70% cuero, 20% poliuretano, 10% poliéster.</div>\n<div class=""ewa-rteLine""></div>",,,taxable,,1,,,0,0,,,,,1,,,,"Rider Gear & Garment > Tenis",,,"https://vecsaboutique.com/wp-content/uploads/2025/08/76225B3D688.avif, https://vecsaboutique.com/wp-content/uploads/2025/08/76225B3D688_2.avif, https://vecsaboutique.com/wp-content/uploads/2025/08/76225B3D688_4.avif, https://vecsaboutique.com/wp-content/uploads/2025/08/76225B3D688_3.avif",,,,,,,,,0,MOTORRAD,talla,23,1,1,genero,Unisex,1,1,color,Negro,1,1,,,,,,,,,,,,,,,,,,,,,,,,,,,,,,sync-and-show,updated,synced,1773457522,,approved,yes,yes,yes,,,,0,,,,,,,,,,,,,,,,,,,,,,,
18721,variation,,,"Tenis para motociclista  BMW Motorrad Seoul GTX, Unisex",1,0,visible,,,,,taxable,parent,1,2,,0,0,,,,,0,,,5950.27,,,,,,,76225B3D688,,,,,,1,,talla,23,,1,genero,Unisex,,1,color,Negro,,1,,,,,,,,,,,,,,,,,,,,,,,,,,,,,,,,synced,1773457522,Negro,approved,,,,,,,,,,,,,,,,,,,,,,,,,,,,,,
18726,variable,76225B3D709,,"Botas para motociclista  BMW Motorrad Gavia AIR, Unisex",1,0,visible,,"<div class=""ewa-rteLine"">Las botas de moto BMW Gavia AIR están fabricadas con un tejido especialmente transpirable: un forro y un material exterior especiales garantizan una excelente transpirabilidad. Esto las hace ideales para conducir en altas temperaturas. Gracias a la suela Vibram ligera y con buen agarre, ofrecen una sensación deportiva al caminar.</div>\n<div class=""ewa-rteLine""></div>\n<div class=""ewa-rteLine"">Estilo de zapatillas y comodidad al caminar.</div>\n<div class=""ewa-rteLine"">Protección sólida para el tobillo y la palanca de cambios.</div>\n<div class=""ewa-rteLine"">Suela Touring estable y resistente al aceite y al combustible.</div>",,,taxable,,1,,,0,0,,,,,1,,,,"Rider Gear & Garment > Botas",,,"https://vecsaboutique.com/wp-content/uploads/2025/08/76225B3D711.avif, https://vecsaboutique.com/wp-content/uploads/2025/08/76225A808E8_3.avif",,,,,,76225A808E2,,,0,MOTORRAD,talla,"24, 24.5, 25, 26, 26.5, 27, 28.5",1,1,genero,Unisex,1,1,color,Negro,1,1,,,,,,,,,,,,,,,,,,,,,,,,,,,,,,sync-and-show,updated,synced,1773457522,,approved,yes,yes,yes,,,,0,,,,,,,,,,,,,,,,,,,,,,,
18727,variation,76225B3D711,,"Botas para motociclista  BMW Motorrad Gavia AIR, Unisex",1,0,visible,,,,,taxable,parent,1,1,,0,0,,,,,0,,,5861.74,,,,,,,76225B3D709,,,76225A808E2,,,1,,talla,24,,1,genero,Unisex,,1,color,Negro,,1,,,,,,,,,,,,,,,,,,,,,,,,,,,,,,,,synced,1773457522,Negro,approved,,,,,,,,,,,,,,,,,,,,,,,,,,,,,,
18728,variation,76225B3D713,,"Botas para motociclista  BMW Motorrad Gavia AIR, Unisex",1,0,visible,,,,,taxable,parent,1,1,,0,0,,,,,0,,,5861.74,,,,,,,76225B3D709,,,76225A808E2,,,2,,talla,25,,1,genero,Unisex,,1,color,Negro,,1,,,,,,,,,,,,,,,,,,,,,,,,,,,,,,,,synced,1773457522,Negro,approved,,,,,,,,,,,,,,,,,,,,,,,,,,,,,,
18729,variation,76225B3D714,,"Botas para motociclista  BMW Motorrad Gavia AIR, Unisex",1,0,visible,,,,,taxable,parent,1,1,,0,0,,,,,0,,,6705.07,,,,,,,76225B3D709,,,76225A808E2,,,3,,talla,26,,1,genero,Unisex,,1,color,Negro,,1,,,,,,,,,,,,,,,,,,,,,,,,,,,,,,,,synced,1773457522,Negro,approved,,,,,,,,,,,,,,,,,,,,,,,,,,,,,,
18730,variation,76225B3D715,,"Botas para motociclista  BMW Motorrad Gavia AIR, Unisex",1,0,visible,,,,,taxable,parent,1,2,,0,0,,,,,0,,,6705.07,,,,,,,76225B3D709,,,76225A808E2,,,4,,talla,26.5,,1,genero,Unisex,,1,color,Negro,,1,,,,,,,,,,,,,,,,,,,,,,,,,,,,,,,,synced,1773457522,Negro,approved,,,,,,,,,,,,,,,,,,,,,,,,,,,,,,
18731,variation,76225B3D716,,"Botas para motociclista  BMW Motorrad Gavia AIR, Unisex",1,0,visible,,,,,taxable,parent,1,2,,0,0,,,,,0,,,6705.07,,,,,,,76225B3D709,,,76225A808E2,,,5,,talla,27,,1,genero,Unisex,,1,color,Negro,,1,,,,,,,,,,,,,,,,,,,,,,,,,,,,,,,,synced,1773457522,Negro,approved,,,,,,,,,,,,,,,,,,,,,,,,,,,,,,
18732,variation,76225B3D717,,"Botas para motociclista  BMW Motorrad Gavia AIR, Unisex",1,0,visible,,,,,taxable,parent,1,1,,0,0,,,,,0,,,6705.07,,,,,,,76225B3D709,,,76225A808E2,,,6,,talla,28.5,,1,genero,Unisex,,1,color,Negro,,1,,,,,,,,,,,,,,,,,,,,,,,,,,,,,,,,synced,1773457522,Negro,approved,,,,,,,,,,,,,,,,,,,,,,,,,,,,,,
18733,variation,76225B3D712,,"Botas para motociclista  BMW Motorrad Gavia AIR, Unisex",1,0,visible,,,,,taxable,parent,1,1,,0,0,,,,,0,,,5861.74,,,,,,,76225B3D709,,,76225A808E2,,,7,,talla,24.5,,1,genero,Unisex,,1,color,Negro,,1,,,,,,,,,,,,,,,,,,,,,,,,,,,,,,,,synced,1773457522,Negro,approved,,,,,,,,,,,,,,,,,,,,,,,,,,,,,,
18735,variable,76225B3D771,,"Tenis para motociclista BMW Motorrad Seoul GTX, Unisex",1,0,visible,,"<div class=""ewa-rteLine"">Las zapatillas Seoul GORE-TEX impresionan con mucho más que su estilo. La membrana GORE-TEX protege contra el viento y el agua, mientras que las protecciones integradas en el talón y el tobillo aumentan la protección. La cremallera interior oculta facilita su colocación y extracción.</div>\n<div class=""ewa-rteLine""></div>\n<div class=""ewa-rteLine"">* Mayor comodidad de uso</div>\n<div class=""ewa-rteLine"">* Suela 1K resistente al aceite y al combustible</div>\n<div class=""ewa-rteLine"">* La correa ayuda a proteger el lazo para que no se enganche.</div>\n<div class=""ewa-rteLine"">* Protección integrada para el talón y el tobillo</div>\n<div class=""ewa-rteLine"">* Certificación de motocicletas de nivel 1</div>\n<div class=""ewa-rteLine"">* Datos clave</div>\n<div class=""ewa-rteLine"">* Material: 70% cuero, 20% poliuretano, 10% poliéster.</div>\n<div class=""ewa-rteLine""></div>",,,taxable,,0,,,0,0,,,,,1,,,,"Rider Gear & Garment > Tenis",,,"https://vecsaboutique.com/wp-content/uploads/2025/08/76225B3D776.avif, https://vecsaboutique.com/wp-content/uploads/2025/08/76225B3D776_2.avif, https://vecsaboutique.com/wp-content/uploads/2025/08/76225B3D776_3.avif, https://vecsaboutique.com/wp-content/uploads/2025/08/76225B3D776_4.avif",,,,,,,,,0,MOTORRAD,talla,26.5,1,1,genero,Unisex,1,1,color,Azul,1,1,,,,,,,,,,,,,,,,,,,,,,,,,,,,,,sync-and-show,updated,pending,1755634218,,,yes,no,yes,,,,0,,,,,,,,,,,,,,,,,,,,,,,
18736,variation,76225B3D776,,"Tenis para motociclista BMW Motorrad Seoul GTX, Unisex",1,0,visible,,,,,taxable,parent,0,0,,0,0,,,,,0,,,5950.29,,,,,,,76225B3D771,,,,,,1,,talla,26.5,,1,genero,Unisex,,1,color,Azul,,1,,,,,,,,,,,,,,,,,,,,,,,,,,,,,,,,pending,1755634218,Azul,,,,,,,,,,,,,,,,,,,,,,,,,,,,,,,
18743,simple,31429062158,,"Aceite para Horquillas Telescópicas Tipo 1, 1000ml",1,0,visible,"<audio class=""audio-for-speech""></audio>\n<div class=""translate-tooltip-mtz translator-hidden"">\n<div class=""header"">\n<div class=""header-controls"">Translator</div>\n<div class=""header-controls""></div>\n<div class=""header-controls""></div>\n</div>\n<div class=""translated-text"">\n<div class=""words""></div>\n<div class=""sentences""></div>\n</div>\n</div>\n&nbsp;\n\n<audio class=""audio-for-speech""></audio>\n<div class=""translate-tooltip-mtz translator-hidden"">\n<div class=""header"">\n<div class=""header-controls"">Translator</div>\n<div class=""header-controls""></div>\n<div class=""header-controls""></div>\n</div>\n<div class=""translated-text"">\n<div class=""words""></div>\n<div class=""sentences""></div>\n</div>\n</div>\n&nbsp;\n\n<audio class=""audio-for-speech""></audio>\n<div class=""translate-tooltip-mtz translator-hidden"">\n<div class=""header"">\n<div class=""header-controls"">Translator</div>\n<div class=""header-controls""></div>\n<div class=""header-controls""></div>\n</div>\n<div class=""translated-text"">\n<div class=""words""></div>\n<div class=""sentences""></div>\n</div>\n</div>\n&nbsp;\n\n<audio class=""audio-for-speech""></audio>\n<div class=""translate-tooltip-mtz translator-hidden"">\n<div class=""header"">\n<div class=""header-controls"">Translator</div>\n<div class=""header-controls""></div>\n<div class=""header-controls""></div>\n</div>\n<div class=""translated-text"">\n<div class=""words""></div>\n<div class=""sentences""></div>\n</div>\n</div>\n&nbsp;\n\n&nbsp;","El aceite de horquilla telescópica tipo 1 está diseñado para mantener mejor su motocicleta BMW. Los consumibles BMW son probados por BMW para motocicletas BMW para garantizar el máximo rendimiento de su motocicleta. Elegir aceites y consumibles BMW significa elegir productos de alta calidad para su motocicleta y su motor.",,,taxable,,1,2,,0,0,,,,,1,,,573.77,"Clean & Care > Aceites, Clean & Care",,,https://vecsaboutique.com/wp-content/uploads/2025/08/31429062158.avif,,,,,,,,,0,MOTORRAD,,,,,,,,,,,,,,,,,,,,,,,,,,,,,,,,,,,,,,,,,,sync-and-show,created,synced,1773457522,,approved,,,,,,,0,,,,,,,,,,,,,,,,,,,,,,,
18744,simple,36106888851,,"Rin MINI JWC 815. 7,5J x 18¨ ET:51 PCD 5x112",1,0,visible,,"Los rines JCW 815 Grip Spoke 18"" están diseñados con precisión para un manejo inmejorable de su MINI. Diseñadas y desarrolladas en el Reino Unido por JCW, estos rines de aleación son perfectas para su Mini, proporcionando el equilibrio perfecto entre estilo, robustez y calidad.",,,taxable,,1,1,,0,0,,,,,1,,,12942.83,"Llantas y rines, Llantas y rines > Rines",,,https://vecsaboutique.com/wp-content/uploads/2025/08/36106888851.avif,,,,,,,,,0,MINI,,,,,,,,,,,,,,,,,,,,,,,,,,,,,,,,,,,,,,,,,,sync-and-show,created,synced,1773457522,,approved,,,,,,,0,,,,,,,,,,,,,,,,,,,,,,,
18747,simple,51912212834,,"Paquete de relleno multi-primer, gris oscuro 400ML",1,0,visible,"<audio class=""audio-for-speech""></audio>\n<div class=""translate-tooltip-mtz translator-hidden"">\n<div class=""header"">\n<div class=""header-controls"">Translator</div>\n<div class=""header-controls""></div>\n<div class=""header-controls""></div>\n</div>\n<div class=""translated-text"">\n<div class=""words""></div>\n<div class=""sentences""></div>\n</div>\n</div>\n&nbsp;\n\n<audio class=""audio-for-speech""></audio>\n<div class=""translate-tooltip-mtz translator-hidden"">\n<div class=""header"">\n<div class=""header-controls"">Translator</div>\n<div class=""header-controls""></div>\n<div class=""header-controls""></div>\n</div>\n<div class=""translated-text"">\n<div class=""words""></div>\n<div class=""sentences""></div>\n</div>\n</div>\n&nbsp;\n\n<audio class=""audio-for-speech""></audio>\n<div class=""translate-tooltip-mtz translator-hidden"">\n<div class=""header"">\n<div class=""header-controls"">Translator</div>\n<div class=""header-controls""></div>\n<div class=""header-controls""></div>\n</div>\n<div class=""translated-text"">\n<div class=""words""></div>\n<div class=""sentences""></div>\n</div>\n</div>\n&nbsp;\n\n<audio class=""audio-for-speech""></audio>\n<div class=""translate-tooltip-mtz translator-hidden"">\n<div class=""header"">\n<div class=""header-controls"">Translator</div>\n<div class=""header-controls""></div>\n<div class=""header-controls""></div>\n</div>\n<div class=""translated-text"">\n<div class=""words""></div>\n<div class=""sentences""></div>\n</div>\n</div>\n&nbsp;\n\n&nbsp;","Relleno multiimprimación 1C, gris oscuro ""Sistema de color original del grupo BMW""",,,taxable,,1,1,,0,0,,,,,1,,,530.30,"Clean & Care, Clean & Care > Selladores",,,https://vecsaboutique.com/wp-content/uploads/2025/08/51912212834.avif,,,,,,,,,0,BMW,,,,,,,,,,,,,,,,,,,,,,,,,,,,,,,,,,,,,,,,,,sync-and-show,created,synced,1773457522,,approved,,,,,,,0,,,,,,,,,,,,,,,,,,,,,,,
18748,simple,36116866674,,"Rines Radiales MINI 508,5J x 16¨ ET:46 PCD 5x112",1,0,visible,,"Los rines de aleación Mini 508 Radial Spoke están diseñados con precisión para una conducción deportiva y ofrecerán una experiencia de conducción perfectamente conectada. Diseñados en el Reino Unido por Mini y disponibles en 16"", estas aleaciones se adaptan perfectamente a su Mini, combinando elegancia y practicidad.",,,taxable,,1,1,,0,0,,,,,1,,,5486.74,"Llantas y rines, Llantas y rines > Rines",,,"https://vecsaboutique.com/wp-content/uploads/2025/08/36116866674_a.avif, https://vecsaboutique.com/wp-content/uploads/2025/08/36116866674_b.avif, https://vecsaboutique.com/wp-content/uploads/2025/08/36116866674_c.avif, https://vecsaboutique.com/wp-content/uploads/2025/08/36116866674_d.avif",,,,,,,,,0,MINI,,,,,,,,,,,,,,,,,,,,,,,,,,,,,,,,,,,,,,,,,,sync-and-show,created,synced,1773198513,,approved,,,,,,,0,,,,,,,,,,,,,,,,,,,,,,,
18757,simple,80142864042,80142864042,"Chaleco BMW Offset, para caballero",1,0,visible,,"BMW chaleco caballeroblack S",,,taxable,,1,2,,0,0,,,,,1,,,3986.02,"Life Style > Chalecos, Life Style",Promoción,,"https://vecsaboutique.com/wp-content/uploads/2025/08/80142864042_A.avif, https://vecsaboutique.com/wp-content/uploads/2025/08/80142864042_B.avif",,,,,,,,,0,BMW,talla,S,1,1,color,Black,1,1,genero,Hombre,1,1,,,,,,,,,,,,,,,,,,,,,,,,,,,,,,sync-and-show,updated,has-errors,1755649293,Black,,,,,,,,0,,,,,,,,,,,,,,,,,,,,,,,
18760,simple,,80142864060,"Camiseta Logo tonal BMW, para caballero",1,0,visible,,"Proyecta el carácter audaz de BMW con una camiseta que combina estilo, elegancia y actitud donde vayas. Su diseño minimalista y sofisticado hace que destaque sin esfuerzo, adaptándose a cualquier outfit con un toque premium. Perfecta para eventos casuales o para llevar tu pasión automovilística con clase, todos los días.\nMaterial: 100% algodón\nPropiedades: Cómodo, Suave, Ligero",,,taxable,,1,3,,0,0,,,,,1,,,875.49,"Life Style",,,"https://vecsaboutique.com/wp-content/uploads/2025/08/80142864060.avif, https://vecsaboutique.com/wp-content/uploads/2025/08/80142864060_2.avif",,,,,,,,,0,BMW,color,"Azul marino",1,1,genero,Hombre,1,1,talla,S,1,1,,,,,,,,,,,,,,,,,,,,,,,,,,,,,,sync-and-show,created,has-errors,1755563598,"Azul marino",,,,,,,,0,,,,,,,,,,,,,,,,,,,,,,,
18764,simple,80142864172,80142864172,"Sudadera Deportiva BMW Offset, para caballero",1,0,visible,,"BMW sudadera deportiva caballeroInk blue S",,,taxable,,1,,,0,0,,,,,1,,,1848.39,"Life Style, Life Style > Sudaderas",Promoción,,"https://vecsaboutique.com/wp-content/uploads/2025/08/80142864172.avif, https://vecsaboutique.com/wp-content/uploads/2025/08/80142864172_2.avif",,,,,,,,,0,BMW,color,Azul,1,1,genero,Hombre,1,1,talla,S,1,1,,,,,,,,,,,,,,,,,,,,,,,,,,,,,,sync-and-show,updated,has-errors,1755563939,Azul,,,,,,,,0,,,,,,,,,,,,,,,,,,,,,,,
18768,simple,81229407711,,"Spray Lubricante Universal 250ml",1,0,visible,"<audio class=""audio-for-speech""></audio>\n<div class=""translate-tooltip-mtz translator-hidden"">\n<div class=""header"">\n<div class=""header-controls"">Translator</div>\n<div class=""header-controls""></div>\n<div class=""header-controls""></div>\n</div>\n<div class=""translated-text"">\n<div class=""words""></div>\n<div class=""sentences""></div>\n</div>\n</div>\n&nbsp;\n\n<audio class=""audio-for-speech""></audio>\n<div class=""translate-tooltip-mtz translator-hidden"">\n<div class=""header"">\n<div class=""header-controls"">Translator</div>\n<div class=""header-controls""></div>\n<div class=""header-controls""></div>\n</div>\n<div class=""translated-text"">\n<div class=""words""></div>\n<div class=""sentences""></div>\n</div>\n</div>\n&nbsp;\n\n&nbsp;","Spray Lubricante Universal 250ml",,,taxable,,1,1,,0,0,,,,,1,,,289.40,"Clean & Care, Clean & Care > Lubricantes",,,"https://vecsaboutique.com/wp-content/uploads/2025/08/812294077111.avif, https://vecsaboutique.com/wp-content/uploads/2025/08/812294077111.avif",,,,,,,,,0,BMW,,,,,,,,,,,,,,,,,,,,,,,,,,,,,,,,,,,,,,,,,,sync-and-show,updated,synced,1773457522,,partially_approved,,,,,,,0,,,,,,,,,,,,,,,,,,,,,,,
18769,simple,83122298202,,"Pastillas Limpiacristales 6 Tabs",1,0,visible,"<audio class=""audio-for-speech""></audio>\n<div class=""translate-tooltip-mtz translator-hidden"">\n<div class=""header"">\n<div class=""header-controls"">Translator</div>\n<div class=""header-controls""></div>\n<div class=""header-controls""></div>\n</div>\n<div class=""translated-text"">\n<div class=""words""></div>\n<div class=""sentences""></div>\n</div>\n</div>\n&nbsp;\n\n&nbsp;","Un limpiador de parabrisas concentrado (sin anticongelante) suministrado en forma de tableta, que se puede disolver en el depósito de líquido del limpiaparabrisas para mejorar el rendimiento de la limpieza. Una tableta es suficiente para entre 1 y 4 litros de agua. Y debido a que se pueden combinar con anticongelante, son igualmente efectivos en condiciones invernales. Contenido: 6 tabletas.\n\n&nbsp;",,,taxable,,0,0,,0,0,,,,,1,,,210.47,"Clean & Care, Clean & Care > Liquidos Limpiaparabrisas",,,https://vecsaboutique.com/wp-content/uploads/2025/08/83122298202.avif,,,,,,,,,0,BMW,,,,,,,,,,,,,,,,,,,,,,,,,,,,,,,,,,,,,,,,,,sync-and-show,updated,,,,,,,,,,,0,,,,,,,,,,,,,,,,,,,,,,,
18770,simple,83190404517,,"Sellador Líquido Blanco 50ML",1,0,visible,"<audio class=""audio-for-speech""></audio>\n<div class=""translate-tooltip-mtz translator-hidden"">\n<div class=""header"">\n<div class=""header-controls"">Translator</div>\n<div class=""header-controls""></div>\n<div class=""header-controls""></div>\n</div>\n<div class=""translated-text"">\n<div class=""words""></div>\n<div class=""sentences""></div>\n</div>\n</div>\n&nbsp;\n\n&nbsp;","El formador de juntas líquido BMW 83190404517 es la solución ideal para quienes buscan un producto confiable y de alta calidad para el mantenimiento y reparación de vehículos de la marca BMW. Su fórmula especial proporciona una excelente adherencia y resistencia, asegurando que las superficies queden selladas de forma efectiva, evitando filtraciones y daños. Este sellador es adecuado para carros y camionetas, ofreciendo un rendimiento destacado en diversas condiciones. Su aplicación es sencilla y rápida, lo que permite a los usuarios solucionar problemas de sellado sin complicaciones. Además, al no ser inflamable, garantiza mayor seguridad durante su uso.\n\n&nbsp;",,,taxable,,1,2,,0,0,,,,,1,,,741.80,"Clean & Care, Clean & Care > Selladores",,,https://vecsaboutique.com/wp-content/uploads/2025/08/83190404517.avif,,,,,,,,,0,BMW,,,,,,,,,,,,,,,,,,,,,,,,,,,,,,,,,,,,,,,,,,sync-and-show,updated,synced,1773457522,,approved,,,,,,,0,,,,,,,,,,,,,,,,,,,,,,,
18771,simple,83192208609,,"Silicon en Spray original BMW 400ml",1,0,visible,"<audio class=""audio-for-speech""></audio>\n<div class=""translate-tooltip-mtz translator-hidden"">\n<div class=""header"">\n<div class=""header-controls"">Translator</div>\n<div class=""header-controls""></div>\n<div class=""header-controls""></div>\n</div>\n<div class=""translated-text"">\n<div class=""words""></div>\n<div class=""sentences""></div>\n</div>\n</div>\n&nbsp;\n\n&nbsp;","BMW Group Lubricante universal incoloro de alta calidad para rieles de techo solar, cerraduras de puertas, retractores automáticos de cinturón de seguridad, cables Bowden, bisagras y todas las partes móviles de la maquinaria.\nLimpia, mantiene y protege las piezas de goma y las mangueras de refrigerante. Protege el sistema de encendido contra la humedad, evita el seguimiento de la corriente y los problemas de arranque, extremadamente buenas propiedades antifricción y lubricantes, previene eficazmente los ruidos de roce de las piezas de plástico, rango de temperatura de -50°C a +200°C.\n\n&nbsp;",,,taxable,,1,64,,0,0,,,,,1,,,261.73,"Clean & Care, Clean & Care > Lubricantes",,,https://vecsaboutique.com/wp-content/uploads/2025/08/83192208609.avif,,,,,,,,,0,BMW,,,,,,,,,,,,,,,,,,,,,,,,,,,,,,,,,,,,,,,,,,sync-and-show,updated,synced,1773457522,,approved,,,,,,,0,,,,,,,,,,,,,,,,,,,,,,,
18772,simple,83192210339,,"Fijador de tornillos y tuercas LOCTITE 243, 10ml",1,0,visible,"<audio class=""audio-for-speech""></audio>\n<div class=""translate-tooltip-mtz translator-hidden"">\n<div class=""header"">\n<div class=""header-controls"">Translator</div>\n<div class=""header-controls""></div>\n<div class=""header-controls""></div>\n</div>\n<div class=""translated-text"">\n<div class=""words""></div>\n<div class=""sentences""></div>\n</div>\n</div>\n&nbsp;\n\n&nbsp;","Este fijador asegura y sella los tornillos y tuercas de metal; evita que se afloje involuntario debido a golpes y vibraciones. Resistencia media: desmontable con herramientas manuales.\nLOCTITE® 243 es un fijador de seguridad universal azul para conexiones de resistencia media. Se adhiere excelentemente a los metales sin ningún activo, incluso a materiales pasivos como el acero inoxidable, el aluminio y las superficies recubiertas. Esto significa que es adecuado para la mayoría de los tornillos aceitados, como los suministrados, incluso sin limpieza previa.\n\n&nbsp;",,,taxable,,1,1,,0,0,,,,,1,,,661.25,"Clean & Care > Adhesivos, Clean & Care",,,https://vecsaboutique.com/wp-content/uploads/2025/08/83192210339.avif,,,,,,,,,0,BMW,,,,,,,,,,,,,,,,,,,,,,,,,,,,,,,,,,,,,,,,,,sync-and-show,updated,synced,1773457522,,approved,,,,,,,0,,,,,,,,,,,,,,,,,,,,,,,
18773,simple,83192362037,,"Limpiador de Frenos 500ml",1,0,visible,"<audio class=""audio-for-speech""></audio>\n<div class=""translate-tooltip-mtz translator-hidden"">\n<div class=""header"">\n<div class=""header-controls"">Translator</div>\n<div class=""header-controls""></div>\n<div class=""header-controls""></div>\n</div>\n<div class=""translated-text"">\n<div class=""words""></div>\n<div class=""sentences""></div>\n</div>\n</div>\n&nbsp;\n\n<audio class=""audio-for-speech""></audio>\n<div class=""translate-tooltip-mtz translator-hidden"">\n<div class=""header"">\n<div class=""header-controls"">Translator</div>\n<div class=""header-controls""></div>\n<div class=""header-controls""></div>\n</div>\n<div class=""translated-text"">\n<div class=""words""></div>\n<div class=""sentences""></div>\n</div>\n</div>\n&nbsp;\n\n&nbsp;","Elimina rápidamente la grasa y el aceite. Seca sin dejar residuos. Limpia los tambores de los frenos los revestimientos, los cilindros y resortes. No contiene disolventes clorados ni CFC.\n\n&nbsp;\n\n&nbsp;",,,taxable,,1,30,,0,0,,,,,1,,,188.95,"Clean & Care, Clean & Care > Limpíadores",,,https://vecsaboutique.com/wp-content/uploads/2025/08/83192362037.avif,,,,,,,,,0,BMW,,,,,,,,,,,,,,,,,,,,,,,,,,,,,,,,,,,,,,,,,,sync-and-show,updated,synced,1773457522,,approved,,,,,,,0,,,,,,,,,,,,,,,,,,,,,,,
18774,simple,83192449422,,"Aceite para Horquilla Telescópica Tipo 3, 1000ml",1,0,visible,"<audio class=""audio-for-speech""></audio>\n<div class=""translate-tooltip-mtz translator-hidden"">\n<div class=""header"">\n<div class=""header-controls"">Translator</div>\n<div class=""header-controls""></div>\n<div class=""header-controls""></div>\n</div>\n<div class=""translated-text"">\n<div class=""words""></div>\n<div class=""sentences""></div>\n</div>\n</div>\n&nbsp;\n\n&nbsp;","Aceite de horquilla BMW Tipo 3, este aceite BMW es una formulación premium, fabricada en Alemania, que equilibra un alto rendimiento con una comodidad de amortiguación, un comportamiento confiable en la carretera y una protección efectiva contra el desgaste.\n• Resiste la evaporación.\n• Estabilidad superior de óxido y oxidación.\n• Características superiores de amortiguación y lubricación.\n\n&nbsp;",,,taxable,,0,0,,0,0,,,,,1,,,746.15,"Clean & Care > Aceites, Clean & Care",,,https://vecsaboutique.com/wp-content/uploads/2025/08/83192449422.avif,,,,,,,,,0,MOTORRAD,,,,,,,,,,,,,,,,,,,,,,,,,,,,,,,,,,,,,,,,,,sync-and-show,updated,,,,,,,,,,,0,,,,,,,,,,,,,,,,,,,1761844217,,,,
18775,simple,83192460735,,"Aceite para Horquilla Telescópica Tipo 2, 1000ml",1,0,visible,"<audio class=""audio-for-speech""></audio>\n<div class=""translate-tooltip-mtz translator-hidden"">\n<div class=""header"">\n<div class=""header-controls"">Translator</div>\n<div class=""header-controls""></div>\n<div class=""header-controls""></div>\n</div>\n<div class=""translated-text"">\n<div class=""words""></div>\n<div class=""sentences""></div>\n</div>\n</div>\n&nbsp;\n\n&nbsp;","El aceite de horquilla telescópica tipo 2 está destinado a mantener mejor su motocicleta BMW. Los consumibles BMW son probados por BMW para motocicletas BMW para garantizar el máximo rendimiento de su motocicleta. Elegir aceites y consumibles BMW significa elegir productos de alta calidad para su motocicleta y su motor.\n\n&nbsp;",,,taxable,,1,4,,0,0,,,,,1,,,549.68,"Clean & Care > Aceites, Clean & Care",,,https://vecsaboutique.com/wp-content/uploads/2025/08/83192460735.avif,,,,,,,,,0,MOTORRAD,,,,,,,,,,,,,,,,,,,,,,,,,,,,,,,,,,,,,,,,,,sync-and-show,updated,synced,1773457522,,approved,,,,,,,0,,,,,,,,,,,,,,,,,,,,,,,
18776,simple,83192469491,,"Eliminador de Olores 100 ml",1,0,visible,"<audio class=""audio-for-speech""></audio>\n<div class=""translate-tooltip-mtz translator-hidden"">\n<div class=""header"">\n<div class=""header-controls"">Translator</div>\n<div class=""header-controls""></div>\n<div class=""header-controls""></div>\n</div>\n<div class=""translated-text"">\n<div class=""words""></div>\n<div class=""sentences""></div>\n</div>\n</div>\n&nbsp;\n\n&nbsp;","El eliminador de olores de BMW es una solución permanente que le permite eliminar rápidamente los olores no deseados. Contenido: 100 ml. Suficiente para una aplicación.\n\n&nbsp;",,,taxable,,1,37,,0,0,,,,,1,,,219.85,"Clean & Care > Aromatizantes, Clean & Care",,,https://vecsaboutique.com/wp-content/uploads/2025/08/83192469491.avif,,,,,,,,,0,BMW,,,,,,,,,,,,,,,,,,,,,,,,,,,,,,,,,,,,,,,,,,sync-and-show,updated,synced,1773457522,,approved,,,,,,,0,,,,,,,,,,,,,,,,,,,,,,,
18777,simple,83192470714,,"Aceite para Horquilla Telescópica Tipo 4, 1000ml",1,0,visible,"<audio class=""audio-for-speech""></audio>\n<div class=""translate-tooltip-mtz translator-hidden"">\n<div class=""header"">\n<div class=""header-controls"">Translator</div>\n<div class=""header-controls""></div>\n<div class=""header-controls""></div>\n</div>\n<div class=""translated-text"">\n<div class=""words""></div>\n<div class=""sentences""></div>\n</div>\n</div>\n&nbsp;\n\n&nbsp;","Aceite de horquilla BMW Tipo 4, este aceite BMW es una formulación premium, fabricada en Alemania, que equilibra un alto rendimiento con una comodidad de amortiguación, un comportamiento confiable en la carretera y una protección efectiva contra el desgaste.\n• Resiste la evaporación.\n• Estabilidad superior de óxido y oxidación.\n• Características superiores de amortiguación y lubricación.\n\n&nbsp;",,,taxable,,1,1,,0,0,,,,,1,,,1073.88,"Clean & Care > Aceites, Clean & Care",,,https://vecsaboutique.com/wp-content/uploads/2025/08/83192470714.avif,,,,,,,,,0,MOTORRAD,,,,,,,,,,,,,,,,,,,,,,,,,,,,,,,,,,,,,,,,,,sync-and-show,updated,synced,1772938862,,approved,,,,,,,0,,,,,,,,,,,,,,,,,,,1761844276,,,,
18778,simple,83212365958,,"Aceite Sintético Advantec Ultimate BMW MOTORRAD 5W-40, 1L",1,0,visible,"<audio class=""audio-for-speech""></audio>\n<div class=""translate-tooltip-mtz translator-hidden"">\n<div class=""header"">\n<div class=""header-controls"">Translator</div>\n<div class=""header-controls""></div>\n<div class=""header-controls""></div>\n</div>\n<div class=""translated-text"">\n<div class=""words""></div>\n<div class=""sentences""></div>\n</div>\n</div>\n&nbsp;\n\n&nbsp;","Los aceites de motor ADVANTEC PRO y ULTIMATE se desarrollaron específicamente para motores de alto rendimiento de BMW Motorrad. El nombre ADVANTEC refleja directamente la tecnología y el progreso al tiempo que expresa una promesa de calidad para el cliente: los aceites originales de motor BMW Motorrad tienen fórmulas únicas para garantizar el rendimiento a largo plazo mientras mantienen una posición de valor para otros competidores premium en el mercado.\n\n&nbsp;",,,taxable,,1,56,,0,0,,,,,1,,,289.19,"Clean & Care > Aceites, Clean & Care",,,https://vecsaboutique.com/wp-content/uploads/2025/08/83212365958.avif,,,,,,,,,0,MOTORRAD,,,,,,,,,,,,,,,,,,,,,,,,,,,,,,,,,,,,,,,,,,sync-and-show,updated,synced,1774666825,,approved,,,,,,,0,,,,,,,,,,,,,,,,,,,,,,,
18779,simple,83212365959,,"Motorbike 5W-40 209L",1,0,visible,"<audio class=""audio-for-speech""></audio>\n<div class=""translate-tooltip-mtz translator-hidden"">\n<div class=""header"">\n<div class=""header-controls"">Translator</div>\n<div class=""header-controls""></div>\n<div class=""header-controls""></div>\n</div>\n<div class=""translated-text"">\n<div class=""words""></div>\n<div class=""sentences""></div>\n</div>\n</div>\n&nbsp;\n\n&nbsp;","<audio class=""audio-for-speech""></audio>\n<div class=""translate-tooltip-mtz translator-hidden"">\n<div class=""header"">\n<div class=""header-controls"">Translator</div>\n<div class=""header-controls""></div>\n<div class=""header-controls""></div>\n</div>\n<div class=""translated-text"">\n<div class=""words""></div>\n<div class=""sentences""></div>\n</div>\n</div>\n&nbsp;\n\n&nbsp;",,,taxable,,1,231,,0,0,,,,,1,,,147.11,"Clean & Care > Aceites, Clean & Care",,,https://vecsaboutique.com/wp-content/uploads/2025/08/83212365959.avif,,,,,,,,,0,MOTORRAD,,,,,,,,,,,,,,,,,,,,,,,,,,,,,,,,,,,,,,,,,,sync-and-show,created,synced,1773457522,,approved,,,,,,,0,,,,,,,,,,,,,,,,,,,,,,,
18780,simple,83212365962,,"Motorbike 15W-50 209 L",1,0,visible,"<audio class=""audio-for-speech""></audio>\n<div class=""translate-tooltip-mtz translator-hidden"">\n<div class=""header"">\n<div class=""header-controls"">Translator</div>\n<div class=""header-controls""></div>\n<div class=""header-controls""></div>\n</div>\n<div class=""translated-text"">\n<div class=""words""></div>\n<div class=""sentences""></div>\n</div>\n</div>\n&nbsp;\n\n&nbsp;","<audio class=""audio-for-speech""></audio>\n<div class=""translate-tooltip-mtz translator-hidden"">\n<div class=""header"">\n<div class=""header-controls"">Translator</div>\n<div class=""header-controls""></div>\n<div class=""header-controls""></div>\n</div>\n<div class=""translated-text"">\n<div class=""words""></div>\n<div class=""sentences""></div>\n</div>\n</div>\n&nbsp;\n\n&nbsp;",,,taxable,,1,418,,0,0,,,,,1,,,188.32,"Clean & Care > Aceites, Clean & Care",,,https://vecsaboutique.com/wp-content/uploads/2025/08/83212365962.avif,,,,,,,,,0,MOTORRAD,,,,,,,,,,,,,,,,,,,,,,,,,,,,,,,,,,,,,,,,,,sync-and-show,created,synced,1773457522,,approved,,,,,,,0,,,,,,,,,,,,,,,,,,,,,,,
18781,simple,83212365963,,"Aceite Semi-sintético Advantec Pro 15W-50 1L",1,0,visible,"<audio class=""audio-for-speech""></audio>\n<div class=""translate-tooltip-mtz translator-hidden"">\n<div class=""header"">\n<div class=""header-controls"">Translator</div>\n<div class=""header-controls""></div>\n<div class=""header-controls""></div>\n</div>\n<div class=""translated-text"">\n<div class=""words""></div>\n<div class=""sentences""></div>\n</div>\n</div>\n&nbsp;\n\n&nbsp;","Aceite semisintético de cuatro tiempos para motocicletas de primera calidad diseñado para garantizar la máxima potencia, rendimiento y durabilidad, incluso en las condiciones de conducción más exigentes. BMW Motorrad Advantec Pro SAE 15W50 cumple con las certificaciones de la industria (API SM, JASO MA-2), así como las estrictas pruebas de rendimiento del motor de BMW. Hecho de una mezcla que incluye aceites base Shell PurePlus con tecnología de limpieza activa, este aceite premium mantendrá su motor limpio de fábrica y maximizará la vida útil de su motor.\n\n&nbsp;",,,taxable,,1,29,,0,0,,,,,1,,,261.79,"Clean & Care > Aceites, Clean & Care",,,https://vecsaboutique.com/wp-content/uploads/2025/08/83212365963.avif,,,,,,,,,0,MOTORRAD,,,,,,,,,,,,,,,,,,,,,,,,,,,,,,,,,,,,,,,,,,sync-and-show,updated,synced,1774666825,,approved,,,,,,,0,,,,,,,,,,,,,,,,,,,,,,,
18782,simple,83222167718,,"Aceite para Transmisión Automática Dexron VI, 1L",1,0,visible,"<audio class=""audio-for-speech""></audio>\n<div class=""translate-tooltip-mtz translator-hidden"">\n<div class=""header"">\n<div class=""header-controls"">Translator</div>\n<div class=""header-controls""></div>\n<div class=""header-controls""></div>\n</div>\n<div class=""translated-text"">\n<div class=""words""></div>\n<div class=""sentences""></div>\n</div>\n</div>\n&nbsp;\n\n&nbsp;","El Aceite Para Engranajes BMW Dexron VI es el aliado perfecto para mantener el rendimiento óptimo de su auto o camioneta. Diseñado específicamente para vehículos de la marca BMW, este aceite garantiza una lubricación ideal de los sistemas de transmisión, reduciendo la fricción y el desgaste en los engranajes.\n\n&nbsp;",,,taxable,,1,5,,0,0,,,,,1,,,447.44,"Clean & Care > Aceites, Clean & Care",,,https://vecsaboutique.com/wp-content/uploads/2025/08/83222167718.avif,,,,,,,,,0,BMW,,,,,,,,,,,,,,,,,,,,,,,,,,,,,,,,,,,,,,,,,,sync-and-show,updated,synced,1773457522,,approved,,,,,,,0,,,,,,,,,,,,,,,,,,,,,,,
18783,simple,83222167720,,"Aceite para Transmisión Automática Dexron VI, 5L",1,0,visible,"<audio class=""audio-for-speech""></audio>\n<div class=""translate-tooltip-mtz translator-hidden"">\n<div class=""header"">\n<div class=""header-controls"">Translator</div>\n<div class=""header-controls""></div>\n<div class=""header-controls""></div>\n</div>\n<div class=""translated-text"">\n<div class=""words""></div>\n<div class=""sentences""></div>\n</div>\n</div>\n&nbsp;\n\n&nbsp;","El Aceite Para Engranajes BMW Dexron VI es el aliado perfecto para mantener el rendimiento óptimo de su auto o camioneta. Diseñado específicamente para vehículos de la marca BMW, este aceite garantiza una lubricación ideal de los sistemas de transmisión, reduciendo la fricción y el desgaste en los engranajes.\n\n&nbsp;",,,taxable,,1,1,,0,0,,,,,1,,,1661.14,"Clean & Care > Aceites, Clean & Care",,,https://vecsaboutique.com/wp-content/uploads/2025/08/83222167720.avif,,,,,,,,,0,BMW,,,,,,,,,,,,,,,,,,,,,,,,,,,,,,,,,,,,,,,,,,sync-and-show,updated,synced,1773457522,,approved,,,,,,,0,,,,,,,,,,,,,,,,,,,,,,,
18784,simple,83222355599,,"Aceite para Transmisión Automática BMW ATF 6, 1L",1,0,visible,"<audio class=""audio-for-speech""></audio>\n<div class=""translate-tooltip-mtz translator-hidden"">\n<div class=""header"">\n<div class=""header-controls"">Translator</div>\n<div class=""header-controls""></div>\n<div class=""header-controls""></div>\n</div>\n<div class=""translated-text"">\n<div class=""words""></div>\n<div class=""sentences""></div>\n</div>\n</div>\n&nbsp;\n\n&nbsp;","El Aceite Para Transmisión BMW ATF 6 es la opción ideal para mantener el rendimiento óptimo de su vehículo. Con un volumen de 1 litro, este aceite está diseñado específicamente para satisfacer las necesidades de las cajas automáticas de su auto o camioneta BMW, garantizando una transmisión suave y eficiente en todo momento.\n\n&nbsp;",,,taxable,,1,5,,0,0,,,,,1,,,942.48,"Clean & Care > Aceites, Clean & Care",,,https://vecsaboutique.com/wp-content/uploads/2025/08/83222355599.avif,,,,,,,,,0,BMW,,,,,,,,,,,,,,,,,,,,,,,,,,,,,,,,,,,,,,,,,,sync-and-show,updated,synced,1773457522,,approved,,,,,,,0,,,,,,,,,,,,,,,,,,,,,,,
18785,simple,83222365987,,"Aceite Sintetico de Transmisión Manual OSP 75W-90, 1L",1,0,visible,"<audio class=""audio-for-speech""></audio>\n<div class=""translate-tooltip-mtz translator-hidden"">\n<div class=""header"">\n<div class=""header-controls"">Translator</div>\n<div class=""header-controls""></div>\n<div class=""header-controls""></div>\n</div>\n<div class=""translated-text"">\n<div class=""words""></div>\n<div class=""sentences""></div>\n</div>\n</div>\n&nbsp;\n\n&nbsp;","BMW aceite de transmisión manual sintético OCP 75W-90\n• Número de pieza: 83222365987\n• Clase de viscosidad: SAE 75W90",,,taxable,,1,1,,0,0,,,,,1,,,988.90,"Clean & Care > Aceites, Clean & Care",,,https://vecsaboutique.com/wp-content/uploads/2025/08/83222365987.avif,,,,,,,,,0,BMW,,,,,,,,,,,,,,,,,,,,,,,,,,,,,,,,,,,,,,,,,,sync-and-show,updated,synced,1773457522,,approved,,,,,,,0,,,,,,,,,,,,,,,,,,,,,,,
18786,simple,83222365988,,"Aceite sintético fluido del eje diferencial trasero MSP/A 75W-140, 1L",1,0,visible,"<audio class=""audio-for-speech""></audio>\n<div class=""translate-tooltip-mtz translator-hidden"">\n<div class=""header"">\n<div class=""header-controls"">Translator</div>\n<div class=""header-controls""></div>\n<div class=""header-controls""></div>\n</div>\n<div class=""translated-text"">\n<div class=""words""></div>\n<div class=""sentences""></div>\n</div>\n</div>\n&nbsp;\n\n&nbsp;","El aceite diferencial de deslizamiento limitado BMW M Performance en 1 litro es un componente original de BMW. Por lo tanto, la garantía sigue vigente siempre que el cambio de aceite se realice con precisión y no esté por debajo del mínimo.\nTenga en cuenta: Al reemplazar nuestro líquido, se recomienda que reemplace el tapón de drenaje diferencial con la junta tórica al mismo tiempo.\n\n&nbsp;",,,taxable,,1,1,,0,0,,,,,1,,,967.38,"Clean & Care > Aceites, Clean & Care",,,https://vecsaboutique.com/wp-content/uploads/2025/08/83222365988.avif,,,,,,,,,0,BMW,,,,,,,,,,,,,,,,,,,,,,,,,,,,,,,,,,,,,,,,,,sync-and-show,updated,synced,1773457522,,approved,,,,,,,0,,,,,,,,,,,,,,,,,,,,,,,
18787,simple,83222413477,,"Aceite para Transmisión Automática BMW/MINI ATF 7, 1L",1,0,visible,"<audio class=""audio-for-speech""></audio>\n<div class=""translate-tooltip-mtz translator-hidden"">\n<div class=""header"">\n<div class=""header-controls"">Translator</div>\n<div class=""header-controls""></div>\n<div class=""header-controls""></div>\n</div>\n<div class=""translated-text"">\n<div class=""words""></div>\n<div class=""sentences""></div>\n</div>\n</div>\n&nbsp;\n\n&nbsp;","Este aceite para trasmisión automática ATF 7 de 1 litro es un producto original BMW y MINI, diseñado específicamente para garantizar el rendimiento óptimo de tu vehículo. Con la referencia 83222413477, es compatible con varios modelos de coches BMW y MINI.",,,taxable,,1,6,,0,0,,,,,1,,,1039.49,"Clean & Care > Aceites, Clean & Care",,,https://vecsaboutique.com/wp-content/uploads/2025/08/83222413477.avif,,,,,,,,,0,BMW,,,,,,,,,,,,,,,,,,,,,,,,,,,,,,,,,,,,,,,,,,sync-and-show,updated,synced,1773457522,,approved,,,,,,,0,,,,,,,,,,,,,,,,,,,,,,,
18788,simple,83222446673,,"Aceite de Transmisión de Doble Embrague BMW DCTF 1+, 1000ML",1,0,visible,"<audio class=""audio-for-speech""></audio>\n<div class=""translate-tooltip-mtz translator-hidden"">\n<div class=""header"">\n<div class=""header-controls"">Translator</div>\n<div class=""header-controls""></div>\n<div class=""header-controls""></div>\n</div>\n<div class=""translated-text"">\n<div class=""words""></div>\n<div class=""sentences""></div>\n</div>\n</div>\n&nbsp;\n\n&nbsp;","Aceite original de la caja de cambios BMW para la transmisión de doble embrague (DCT). Cambiar el aceite DCT de su BMW es un artículo de servicio a menudo pasado por alto que prologará la vida de su caja de cambios y la mantendrá funcionando de la mejor manera posible. Con el tiempo, el aceite de la caja de cambios se deteriora y se vuelve menos efectivo en la lubricación, aún más si se expone a altas temperaturas, como en la pista.\n\n&nbsp;",,,taxable,,1,5,,0,0,,,,,1,,,755.11,"Clean & Care > Aceites, Clean & Care",,,https://vecsaboutique.com/wp-content/uploads/2025/08/83222446673.avif,,,,,,,,,0,BMW,,,,,,,,,,,,,,,,,,,,,,,,,,,,,,,,,,,,,,,,,,sync-and-show,updated,synced,1773457522,,approved,,,,,,,0,,,,,,,,,,,,,,,,,,,,,,,
18789,simple,83222447362,,"Aceite para Ejes Hipoides original BMW G4 75W-80, 500ml",1,0,visible,"<audio class=""audio-for-speech""></audio>\n<div class=""translate-tooltip-mtz translator-hidden"">\n<div class=""header"">\n<div class=""header-controls"">Translator</div>\n<div class=""header-controls""></div>\n<div class=""header-controls""></div>\n</div>\n<div class=""translated-text"">\n<div class=""words""></div>\n<div class=""sentences""></div>\n</div>\n</div>\n&nbsp;\n\n&nbsp;","El líquido del diferencial trasero, también conocido como aceite diferencial, es un lubricante diseñado específicamente para el diferencial de un vehículo. El diferencial es un componente crucial en el tren motriz que permite que las ruedas giren a diferentes velocidades, particularmente cuando el vehículo está girando. El líquido ayuda de varias maneras:\nLubricación: Reduce la fricción entre las partes móviles dentro del diferencial, como los engranajes y los rodamientos.\nEnfriamiento: Ayuda a disipar el calor generado por la fricción y el funcionamiento del diferencial.\nProtección: Evita el desgaste de los engranajes y rodamientos, prolongando la vida útil del diferencial.\nRendimiento: Garantiza un funcionamiento suave y eficiente del diferencial, contribuyendo al rendimiento y manejo general del vehículo.\nEl líquido debe cambiarse periódicamente como parte del mantenimiento regular del vehículo para garantizar un rendimiento óptimo y evitar posibles daños a los componentes diferenciales.\n\n&nbsp;",,,taxable,,1,6,,0,0,,,,,1,,,1166.56,"Clean & Care > Aceites, Clean & Care",,,https://vecsaboutique.com/wp-content/uploads/2025/08/83222447362.avif,,,,,,,,,0,BMW,,,,,,,,,,,,,,,,,,,,,,,,,,,,,,,,,,,,,,,,,,sync-and-show,updated,synced,1772938862,,approved,,,,,,,0,,,,,,,,,,,,,,,,,,,1761844139,,,,
18790,simple,83222460128,,"Aceite para Ejes Hipoides original BMW G3 70W-80 GL-5, 500ml",1,0,visible,"<audio class=""audio-for-speech""></audio>\n<div class=""translate-tooltip-mtz translator-hidden"">\n<div class=""header"">\n<div class=""header-controls"">Translator</div>\n<div class=""header-controls""></div>\n<div class=""header-controls""></div>\n</div>\n<div class=""translated-text"">\n<div class=""words""></div>\n<div class=""sentences""></div>\n</div>\n</div>\n&nbsp;\n\n&nbsp;","El aceite para ejes Hypoid G3 está diseñado para mantener mejor su motocicleta BMW. Los consumibles BMW son probados por BMW para motocicletas BMW para garantizar el máximo rendimiento de su motocicleta. Elegir aceites y consumibles BMW significa elegir productos de alta calidad para su motocicleta y su motor.\n\n&nbsp;",,,taxable,,1,5,,0,0,,,,,1,,,1094.68,"Clean & Care > Aceites, Clean & Care",,,https://vecsaboutique.com/wp-content/uploads/2025/08/83222460128.avif,,,,,,,,,0,MOTORRAD,,,,,,,,,,,,,,,,,,,,,,,,,,,,,,,,,,,,,,,,,,sync-and-show,updated,synced,1773457522,,approved,,,,,,,0,,,,,,,,,,,,,,,,,,,,,,,
18791,simple,83222471487,,"Aceite para Ejes Hipoides original BMW G5, 500ml",1,0,visible,"<audio class=""audio-for-speech""></audio>\n<div class=""translate-tooltip-mtz translator-hidden"">\n<div class=""header"">\n<div class=""header-controls"">Translator</div>\n<div class=""header-controls""></div>\n<div class=""header-controls""></div>\n</div>\n<div class=""translated-text"">\n<div class=""words""></div>\n<div class=""sentences""></div>\n</div>\n</div>\n&nbsp;\n\n&nbsp;","Este producto es BMW Hypoid Axle Oil G5 83222471487, fabricado en Alemania. Está diseñado para su uso en vehículos BMW y está destinado a la caja de cambios/diferencial.\n\n&nbsp;",,,taxable,,1,5,,0,0,,,,,1,,,1164.11,"Clean & Care > Aceites, Clean & Care",,,https://vecsaboutique.com/wp-content/uploads/2025/08/83222471487.avif,,,,,,,,,0,BMW,,,,,,,,,,,,,,,,,,,,,,,,,,,,,,,,,,,,,,,,,,sync-and-show,updated,synced,1773457522,,approved,,,,,,,0,,,,,,,,,,,,,,,,,,,,,,,
18792,simple,83227542290,,"Aceite para Transmisión BMW JWS 3309, 1000ML",1,0,visible,"<audio class=""audio-for-speech""></audio>\n<div class=""translate-tooltip-mtz translator-hidden"">\n<div class=""header"">\n<div class=""header-controls"">Translator</div>\n<div class=""header-controls""></div>\n<div class=""header-controls""></div>\n</div>\n<div class=""translated-text"">\n<div class=""words""></div>\n<div class=""sentences""></div>\n</div>\n</div>\n&nbsp;\n\n&nbsp;","El Aceite Para Transmisión BMW JWS 3309 es la elección ideal para quienes buscan mantener el rendimiento óptimo de sus vehículos. Con un volumen de 1 L, este producto está diseñado específicamente para automóviles y camionetas BMW, garantizando una excelente lubricación y funcionamiento de la transmisión.\n\n&nbsp;",,,taxable,,1,1,,0,0,,,,,1,,,865.38,"Clean & Care > Aceites, Clean & Care",,,https://vecsaboutique.com/wp-content/uploads/2025/08/83227542290.avif,,,,,,,,,0,MINI,,,,,,,,,,,,,,,,,,,,,,,,,,,,,,,,,,,,,,,,,,sync-and-show,updated,synced,1773457522,,approved,,,,,,,0,,,,,,,,,,,,,,,,,,,,,,,
18793,simple,83230418567,,"Spray Lubricante Multifuncional Brunox 400ML",1,0,visible,"<audio class=""audio-for-speech""></audio>\n<div class=""translate-tooltip-mtz translator-hidden"">\n<div class=""header"">\n<div class=""header-controls"">Translator</div>\n<div class=""header-controls""></div>\n<div class=""header-controls""></div>\n</div>\n<div class=""translated-text"">\n<div class=""words""></div>\n<div class=""sentences""></div>\n</div>\n</div>\n&nbsp;\n\n&nbsp;","El spray multifuncional es una herramienta verdaderamente universal: es a la vez un lubricante, un agente anticorrosión, un medio para el mantenimiento y la limpieza, el aceite de impregnación, un removedor de óxido y un líquido para procesar conexiones de contacto eléctrico. El innovador cabezal de pulverización de 2 W-Click (exclusivo para BMW) le permite aplicar el spray tanto en punto como en el área. Una lata de 400 ml es bastante rendidora. La eficacia del spray se conserva después de un almacenamiento a largo plazo.\n\n&nbsp;",,,taxable,,1,1,,0,0,,,,,1,,,257.86,"Clean & Care, Clean & Care > Lubricantes",,,https://vecsaboutique.com/wp-content/uploads/2025/08/83230418567.avif,,,,,,,,,0,BMW,,,,,,,,,,,,,,,,,,,,,,,,,,,,,,,,,,,,,,,,,,sync-and-show,updated,synced,1773457522,,approved,,,,,,,0,,,,,,,,,,,,,,,,,,,,,,,
18794,simple,83290429576,,"Liquido Aceite Direción Hidraulica Pentosin CHF 11S, 1000ml",1,0,visible,"<audio class=""audio-for-speech""></audio>\n<div class=""translate-tooltip-mtz translator-hidden"">\n<div class=""header"">\n<div class=""header-controls"">Translator</div>\n<div class=""header-controls""></div>\n<div class=""header-controls""></div>\n</div>\n<div class=""translated-text"">\n<div class=""words""></div>\n<div class=""sentences""></div>\n</div>\n</div>\n&nbsp;\n\n&nbsp;","<audio class=""audio-for-speech""></audio>\n<div class=""translate-tooltip-mtz translator-hidden"">\n<div class=""header"">\n<div class=""header-controls"">Translator</div>\n<div class=""header-controls""></div>\n<div class=""header-controls""></div>\n</div>\n<div class=""translated-text"">\n<div class=""words""></div>\n<div class=""sentences""></div>\n</div>\n</div>\n&nbsp;\n\n&nbsp;",,,taxable,,1,5,,0,0,,,,,1,,,367.70,"Clean & Care > Aceites, Clean & Care",,,https://vecsaboutique.com/wp-content/uploads/2025/08/83290429576.avif,,,,,,,,,0,BMW,,,,,,,,,,,,,,,,,,,,,,,,,,,,,,,,,,,,,,,,,,sync-and-show,created,synced,1773457522,,approved,,,,,,,0,,,,,,,,,,,,,,,,,,,,,,,
18795,simple,83105A6D0B4,,"Limpiador de llantas BMW Motorrad, 500ml",1,0,visible,"<audio class=""audio-for-speech""></audio>\n<div class=""translate-tooltip-mtz translator-hidden"">\n<div class=""header"">\n<div class=""header-controls"">Translator</div>\n<div class=""header-controls""></div>\n<div class=""header-controls""></div>\n</div>\n<div class=""translated-text"">\n<div class=""words""></div>\n<div class=""sentences""></div>\n</div>\n</div>\n&nbsp;\n\n&nbsp;","El limpiador de llantas desarrollado exclusivamente para motocicletas BMW elimina de manera confiable la suciedad típica, como la abrasión de los frenos y la suciedad de la calle. El limpiador intensivo no contiene ácido y es adecuado para todas las llantas de acero y aluminio. Gracias a la práctica botella de spray de 500 ml, el limpiador de llantas se puede aplicar de manera directa la suciedad. Como todos los productos de limpieza y cuidado de motocicletas BMW, cumple con el estándar premium y contribuye a la preservación del valor y la seguridad del vehículo.\n\n&nbsp;",,,taxable,,1,4,,0,0,,,,,1,,,500.32,"Clean & Care, Clean & Care > Limpíadores",,,https://vecsaboutique.com/wp-content/uploads/2025/08/83105A6D0B4.avif,,,,,,,,,0,BMW,,,,,,,,,,,,,,,,,,,,,,,,,,,,,,,,,,,,,,,,,,sync-and-show,updated,synced,1773457522,,approved,,,,,,,,,,,,,,,,,,,,,,,,,,,,,,
18796,simple,83125A7DC77,,"BMW Natural Air Starter Kit",1,0,visible,"<audio class=""audio-for-speech""></audio>\n<div class=""translate-tooltip-mtz translator-hidden"">\n<div class=""header"">\n<div class=""header-controls"">Translator</div>\n<div class=""header-controls""></div>\n<div class=""header-controls""></div>\n</div>\n<div class=""translated-text"">\n<div class=""words""></div>\n<div class=""sentences""></div>\n</div>\n</div>\n&nbsp;\n\n&nbsp;","El kit de inicio de BMW contiene un soporte para ambientador y una barra de fragancia ""Mountain View"", diseñado para montar en las rejillas de ventilación en los interiores de los vehículos de todos los modelos de BMW. El control deslizante integrado le permite ajustar la intensidad de la fragancia. La fragancia Mountain View incluida presenta notas refrescantes de hierbas de montaña y notas cítricas.\n\n&nbsp;",,,taxable,,1,6,,0,0,,,,,1,,,533.37,"Clean & Care > Aromatizantes, Clean & Care",,,"https://vecsaboutique.com/wp-content/uploads/2025/08/83125A7DC77-2.avif, https://vecsaboutique.com/wp-content/uploads/2025/08/83125A7DC77-1.avif, https://vecsaboutique.com/wp-content/uploads/2025/08/83125A7DC77-3.avif",,,,,,83125A7DCA3,,,0,BMW,,,,,,,,,,,,,,,,,,,,,,,,,,,,,,,,,,,,,,,,,,sync-and-show,updated,synced,1773543629,,approved,,,,,,,,,,,,,,,,,,,,,,,,,,,,,,
18797,simple,83125A7DCA3,,"BMW Natural Air, kit repuesto Forest Air",1,0,visible,"<audio class=""audio-for-speech""></audio>\n<div class=""translate-tooltip-mtz translator-hidden"">\n<div class=""header"">\n<div class=""header-controls"">Translator</div>\n<div class=""header-controls""></div>\n<div class=""header-controls""></div>\n</div>\n<div class=""translated-text"">\n<div class=""words""></div>\n<div class=""sentences""></div>\n</div>\n</div>\n&nbsp;\n\n&nbsp;","Refresque el interior de su BMW con el BMW Natural Air Refill Forest Air (número de pieza 83125A7DCA3). Esta recarga original de BMW está diseñada para adaptarse tanto al kit de inicio de aire natural de BMW (83122285673) como al kit de soporte de aire natural de BMW (83125A7DC77). Ofreciendo un aroma revitalizante inspirado en el bosque, este paquete de recarga incluye tres barras de fragancia que proporcionan una frescura duradera. Se integra fácilmente con los sistemas de ventilación de BMW, asegurando que el interior de su vehículo huela naturalmente fresco y vigorizante, perfecto tanto para los desplazamientos diarios como para los viajes largos.\n\n&nbsp;",,,taxable,,1,4,,0,0,,,,,1,,,243.01,"Clean & Care > Aromatizantes, Clean & Care",,,https://vecsaboutique.com/wp-content/uploads/2025/08/83125A7DCA31.avif,,,,,,83125A7DC77,,,0,BMW,,,,,,,,,,,,,,,,,,,,,,,,,,,,,,,,,,,,,,,,,,sync-and-show,updated,synced,1773543629,,approved,,,,,,,,,,,,,,,,,,,,,,,,,,,,,,
18798,simple,83125A978E7,,"MINI Natural Air Starter Kit",1,0,visible,"<audio class=""audio-for-speech""></audio>\n<div class=""translate-tooltip-mtz translator-hidden"">\n<div class=""header"">\n<div class=""header-controls"">Translator</div>\n<div class=""header-controls""></div>\n<div class=""header-controls""></div>\n</div>\n<div class=""translated-text"">\n<div class=""words""></div>\n<div class=""sentences""></div>\n</div>\n</div>\n&nbsp;\n\n&nbsp;","El kit de inicio consta de un soporte diseñado para asegurar en las rejillas de ventilación en el interior de todos los modelos MINI, y uno disco de fragancia intercambiable “Energizing Daylight”. La intensidad de la fragancia se puede ajustar utilizando el aire corriente y la ventana en el soporte de la fragancia.\n\n&nbsp;",,,taxable,,0,0,,0,0,,,,,1,,,533.37,"Clean & Care > Aromatizantes, Clean & Care",,,https://vecsaboutique.com/wp-content/uploads/2025/08/83125A978E7.avif,,,,,,83125A7DCA6,,,0,MINI,,,,,,,,,,,,,,,,,,,,,,,,,,,,,,,,,,,,,,,,,,sync-and-show,updated,,,,,,,,,,,,,,,,,,,,,,,,,,,,,,,,,,
18799,simple,83125A7DCA6,,"MINI Natural Air, kit repuesto Energizing Daylight",1,0,visible,"<audio class=""audio-for-speech""></audio>\n<div class=""translate-tooltip-mtz translator-hidden"">\n<div class=""header"">\n<div class=""header-controls"">Translator</div>\n<div class=""header-controls""></div>\n<div class=""header-controls""></div>\n</div>\n<div class=""translated-text"">\n<div class=""words""></div>\n<div class=""sentences""></div>\n</div>\n</div>\n&nbsp;\n\n&nbsp;","Juego de cartuchos de repuesto para el ambientador natural MINI, incluye tres cartuchos de fragancia. Todas las fragancias creadas contienen ingredientes naturales como aceites esenciales que armonizan bien entre sí. La fragancia ""Energizing Daylight"" con brillantes notas afrutadas crea una atmósfera inspiradora de amanecer.\n\n&nbsp;",,,taxable,,0,0,,0,1,,,,,1,,,237.01,"Clean & Care > Aromatizantes, Clean & Care",,,https://vecsaboutique.com/wp-content/uploads/2025/08/83125A7DCA6.avif,,,,,,83125A978E7,,,0,MINI,,,,,,,,,,,,,,,,,,,,,,,,,,,,,,,,,,,,,,,,,,sync-and-show,updated,,,,,,,,,,,,,,,,,,,,,,,,,,,,,,,,,,
18800,simple,83105A98D70,,"Aceite para Pata Telescópica Suspención Hidráulica, 500ml",-1,0,visible,,,,,taxable,,1,1,,0,0,,,,,1,,,449.41,"Clean & Care > Aceites, Clean & Care",,,,,,,,,,,,0,BMW,,,,,,,,,,,,,,,,,,,,,,,,,,,,,,,,,,,,,,,,,,sync-and-show,deleted,,,,,,,,,,,,,,,,,,,,,,,,,,,,,,,,,,
18801,simple,83105B311D4,,"Spray para cadenas, 300ml",1,0,visible,"<audio class=""audio-for-speech""></audio>\n<div class=""translate-tooltip-mtz translator-hidden"">\n<div class=""header"">\n<div class=""header-controls"">Translator</div>\n<div class=""header-controls""></div>\n<div class=""header-controls""></div>\n</div>\n<div class=""translated-text"">\n<div class=""words""></div>\n<div class=""sentences""></div>\n</div>\n</div>\n&nbsp;\n\n&nbsp;","El spray para cadenas BMW Motorrad es un lubricante totalmente sintético diseñado específicamente para cadenas de accionamiento de motocicletas. Después de la pulverización, la película repelente al agua puede soportar incluso viajes largos en fuertes lluvias y temperaturas de hasta 200 °C. Además, los agentes anticorrosión especiales protegen la cadena, el piñón y el engranaje de los daños causados por la humedad o la sal agresivas. El spray de cadena BMW es adecuado para cadenas estándar, así como para cadenas de anillo en T y anillo en X.\n\n&nbsp;",,,taxable,,1,29,,0,0,,,,,1,,,466.99,"Clean & Care, Clean & Care > Lubricantes",,,https://vecsaboutique.com/wp-content/uploads/2025/08/83105B311D4.avif,,,,,,,,,0,MOTORRAD,,,,,,,,,,,,,,,,,,,,,,,,,,,,,,,,,,,,,,,,,,sync-and-show,updated,synced,1773543629,,approved,,,,,,,,,,,,,,,,,,,,,,,,,,,,,,
18802,simple,83105B57B43,,"Aceite para Horquilla Telescópica Tipo 4 BMW MOTORRAD 1000ml",1,0,visible,"<audio class=""audio-for-speech""></audio>\n<div class=""translate-tooltip-mtz translator-hidden"">\n<div class=""header"">\n<div class=""header-controls"">Translator</div>\n<div class=""header-controls""></div>\n<div class=""header-controls""></div>\n</div>\n<div class=""translated-text"">\n<div class=""words""></div>\n<div class=""sentences""></div>\n</div>\n</div>\n&nbsp;\n\n&nbsp;","Este aceite BMW tipo 4 es una fórmula premium, fabricada en Alemania, que equilibra un alto rendimiento con comodidad de amortiguación, comportamiento confiable en carretera y protección efectiva contra el desgaste.\nResiste la degradación\nEstabilidad superior a la oxidación y el óxido\nCaracterísticas superiores de amortiguación y lubricación\nContenido 1 litro\n\n&nbsp;",,,taxable,,1,2,,0,0,,,,,1,,,1291.88,"Clean & Care > Aceites, Clean & Care",,,https://vecsaboutique.com/wp-content/uploads/2025/08/83105B57B43.avif,,,,,,,,,0,MOTORRAD,,,,,,,,,,,,,,,,,,,,,,,,,,,,,,,,,,,,,,,,,,sync-and-show,updated,synced,1773543629,,approved,,,,,,,,,,,,,,,,,,,,,,,,,,,,,,
18803,simple,83124B05261,,"Líquido limpiaparabrisas sin anticongelante BMW 1000ml",1,0,visible,"<audio class=""audio-for-speech""></audio>\n<div class=""translate-tooltip-mtz translator-hidden"">\n<div class=""header"">\n<div class=""header-controls"">Translator</div>\n<div class=""header-controls""></div>\n<div class=""header-controls""></div>\n</div>\n<div class=""translated-text"">\n<div class=""words""></div>\n<div class=""sentences""></div>\n</div>\n</div>\n&nbsp;\n\n&nbsp;","El líquido limpiaparabrisas elimina perfectamente la suciedad, los residuos de insectos, el polen, los residuos de cera de lavado de autos, la suciedad grasienta proporcionando una limpieza sin rayas. El concentrado debe diluirse con agua en una proporción de 1:10. Contenido: 1000 ml.\n\n&nbsp;",,,taxable,,1,2,,0,0,,,,,1,,,157.35,"Clean & Care, Clean & Care > Liquidos Limpiaparabrisas",,,https://vecsaboutique.com/wp-content/uploads/2025/08/83124B05261.avif,,,,,,,,,0,BMW,,,,,,,,,,,,,,,,,,,,,,,,,,,,,,,,,,,,,,,,,,sync-and-show,updated,synced,1773543629,,approved,,,,,,,,,,,,,,,,,,,,,,,,,,,,,,
18804,simple,83124B05262,,"Líquido limpiaparabrisas sin anticongelante BMW 250ml",1,0,visible,"<audio class=""audio-for-speech""></audio>\n<div class=""translate-tooltip-mtz translator-hidden"">\n<div class=""header"">\n<div class=""header-controls"">Translator</div>\n<div class=""header-controls""></div>\n<div class=""header-controls""></div>\n</div>\n<div class=""translated-text"">\n<div class=""words""></div>\n<div class=""sentences""></div>\n</div>\n</div>\n&nbsp;\n\n<audio class=""audio-for-speech""></audio>\n<div class=""translate-tooltip-mtz translator-hidden"">\n<div class=""header"">\n<div class=""header-controls"">Translator</div>\n<div class=""header-controls""></div>\n<div class=""header-controls""></div>\n</div>\n<div class=""translated-text"">\n<div class=""words""></div>\n<div class=""sentences""></div>\n</div>\n</div>\n&nbsp;\n\n&nbsp;","El líquido limpiaparabrisas elimina perfectamente la suciedad, los residuos de insectos, el polen, los residuos de cera de lavado de autos, la suciedad grasienta proporcionando una limpieza sin rayas. El concentrado debe diluirse con agua en una proporción de 1:10. Contenido: 1000 ml.\n\n&nbsp;",,,taxable,,1,19,,0,0,,,,,1,,,35.88,"Clean & Care, Clean & Care > Liquidos Limpiaparabrisas",,,https://vecsaboutique.com/wp-content/uploads/2025/08/83124B05262.avif,,,,,,,,,0,BMW,,,,,,,,,,,,,,,,,,,,,,,,,,,,,,,,,,,,,,,,,,sync-and-show,updated,synced,1773543629,,approved,,,,,,,,,,,,,,,,,,,,,,,,,,,,,,
18805,simple,83125A16146,,"Set Cera dura con nanotecnología BMW",1,0,visible,"<audio class=""audio-for-speech""></audio>\n<div class=""translate-tooltip-mtz translator-hidden"">\n<div class=""header"">\n<div class=""header-controls"">Translator</div>\n<div class=""header-controls""></div>\n<div class=""header-controls""></div>\n</div>\n<div class=""translated-text"">\n<div class=""words""></div>\n<div class=""sentences""></div>\n</div>\n</div>\n&nbsp;\n\n&nbsp;","La cera dura con nanotecnología es una protección de pintura de alto rendimiento para todas las pinturas uni y metálicas. Los componentes de alto nano y los polímeros de alto rendimiento protegen eficazmente la pintura del coche contra los arañazos de los cepillos de lavado de coches y ofrecen una protección a largo plazo contra la sal de la carretera, la lluvia ácida, los insectos, la savia de los árboles y muchas otras influencias ambientales. Las nanopartículas aumentan el efecto de protección de la superficie y la resistencia al lavado en un 300 % y más en comparación con las ceras convencionales. Aumenta el brillo y refresca el color al mismo tiempo. También es adecuado para cromo, piezas de plástico pintadas y para sellar llantas de aleación ligera. Contenido: Cera dura con nanotecnología (contenido: 250 ml).\n\n&nbsp;",,,taxable,,1,9,,0,0,,,,,1,,,562.53,"Clean & Care > Ceras, Clean & Care",,,https://vecsaboutique.com/wp-content/uploads/2025/08/83125A16146.avif,,,,,,,,,0,BMW,,,,,,,,,,,,,,,,,,,,,,,,,,,,,,,,,,,,,,,,,,sync-and-show,updated,synced,1773543629,,approved,,,,,,,,,,,,,,,,,,,,,,,,,,,,,,
18806,simple,83125A4EF99,,"Set Paño de limpieza de la pantalla BMW",1,0,visible,"<audio class=""audio-for-speech""></audio>\n<div class=""translate-tooltip-mtz translator-hidden"">\n<div class=""header"">\n<div class=""header-controls"">Translator</div>\n<div class=""header-controls""></div>\n<div class=""header-controls""></div>\n</div>\n<div class=""translated-text"">\n<div class=""words""></div>\n<div class=""sentences""></div>\n</div>\n</div>\n&nbsp;\n\n&nbsp;","Elimina suave y eficazmente la suciedad, el polvo y las huellas dactilares de las pantallas táctiles, pantallas y otras superficies de alto brillo. Aunque el paño es útil para limpiar cualquier superficie brillante, fue desarrollado específicamente para pantallas BMW, que solo se pueden limpiar en seco. El paño tiene una alta eficiencia de limpieza y viene con una práctica bolsa de almacenamiento, y su calidad ha sido probada y confirmada por BMW.\n\n&nbsp;",,,taxable,,1,1,,0,0,,,,,1,,,338.96,"Clean & Care, Clean & Care > Paños",,,https://vecsaboutique.com/wp-content/uploads/2025/08/83125A4EF99.avif,,,,,,,,,0,BMW,,,,,,,,,,,,,,,,,,,,,,,,,,,,,,,,,,,,,,,,,,sync-and-show,updated,synced,1773543629,,approved,,,,,,,,,,,,,,,,,,,,,,,,,,,,,,
18807,simple,83125A687A3,,"BMW Natural Air, kit repuesto Green Tea",1,0,visible,"<audio class=""audio-for-speech""></audio>\n<div class=""translate-tooltip-mtz translator-hidden"">\n<div class=""header"">\n<div class=""header-controls"">Translator</div>\n<div class=""header-controls""></div>\n<div class=""header-controls""></div>\n</div>\n<div class=""translated-text"">\n<div class=""words""></div>\n<div class=""sentences""></div>\n</div>\n</div>\n&nbsp;\n\n&nbsp;","Los cartuchos aromáticos crearán un aroma agradable e incomparable de los coches BMW en el interior del coche. Los principales componentes de este olor son el té verde y el almizcle. Estos aromas tienen una nota afrutada y fresca y un efecto equilibrado. Se incluyen 3 cartuchos de repuesto.",,,taxable,,1,3,,0,0,,,,,1,,,189.59,"Clean & Care > Aromatizantes, Clean & Care",,,https://vecsaboutique.com/wp-content/uploads/2025/08/83125A687A3.avif,,,,,,83125A7DC77,,,0,BMW,,,,,,,,,,,,,,,,,,,,,,,,,,,,,,,,,,,,,,,,,,sync-and-show,updated,synced,1773543629,,approved,,,,,,,,,,,,,,,,,,,,,,,,,,,,,,
18808,simple,83125A7DCA9,,"MINI Natural Air, kit repuesto Relaxing Twilight",1,0,visible,"<audio class=""audio-for-speech""></audio>\n<div class=""translate-tooltip-mtz translator-hidden"">\n<div class=""header"">\n<div class=""header-controls"">Translator</div>\n<div class=""header-controls""></div>\n<div class=""header-controls""></div>\n</div>\n<div class=""translated-text"">\n<div class=""words""></div>\n<div class=""sentences""></div>\n</div>\n</div>\n&nbsp;\n\n&nbsp;","Infunde tu MINI con el cautivador aroma de Crepúsculo, una fragancia que promete llenar tu vehículo con un aroma relajante y sereno. Este ambientador MINI genuino está diseñado para complementar perfectamente el interior de su automóvil, asegurando una experiencia agradable y refrescante cada vez que entra. Elaborada pensando en la calidad, esta recarga de aire natural es una adición perfecta a los elementos esenciales para el cuidado de su automóvil. Su sencillo proceso de instalación significa que puede disfrutar del lujoso aroma en poco tiempo, haciendo que cada viaje sea verdaderamente agradable.\n\n&nbsp;",,,taxable,,1,2,,0,0,,,,,1,,,237.02,"Clean & Care > Aromatizantes, Clean & Care",,,https://vecsaboutique.com/wp-content/uploads/2025/08/83125A7DCA9.avif,,,,,,83125A978E7,,,0,MINI,,,,,,,,,,,,,,,,,,,,,,,,,,,,,,,,,,,,,,,,,,sync-and-show,updated,synced,1773543629,,approved,,,,,,,,,,,,,,,,,,,,,,,,,,,,,,
18809,simple,83125A97D49,,"BMW Natural Air Kit repuesto Tropical Forest",1,0,visible,"<audio class=""audio-for-speech""></audio>\n<div class=""translate-tooltip-mtz translator-hidden"">\n<div class=""header"">\n<div class=""header-controls"">Translator</div>\n<div class=""header-controls""></div>\n<div class=""header-controls""></div>\n</div>\n<div class=""translated-text"">\n<div class=""words""></div>\n<div class=""sentences""></div>\n</div>\n</div>\n&nbsp;\n\n&nbsp;","El exclusivo concepto de aroma interior de Natural Air fue desarrollado especialmente para BMW y garantiza una experiencia de fragancia relajante en el interior del vehículo. El conjunto contiene tres barras de fragancia empaquetadas por separado, que se pueden insertar fácilmente en el soporte del kit de inicio de Natural Air. La fragancia Tropical Forest de Edición Limitada despliega una fragancia verde y natural y te lleva a una flora fascinante.\n\n&nbsp;",,,taxable,,1,1,,0,0,,,,,1,,,261.28,"Clean & Care > Aromatizantes, Clean & Care",,,https://vecsaboutique.com/wp-content/uploads/2025/08/83125A97D49.avif,,,,,,83125A7DC77,,,0,BMW,,,,,,,,,,,,,,,,,,,,,,,,,,,,,,,,,,,,,,,,,,sync-and-show,updated,synced,1773543629,,approved,,,,,,,,,,,,,,,,,,,,,,,,,,,,,,
18810,simple,83125A97D90,,"MINI Natural Air, kit repuesto Delightful Serenity",1,0,visible,"<audio class=""audio-for-speech""></audio>\n<div class=""translate-tooltip-mtz translator-hidden"">\n<div class=""header"">\n<div class=""header-controls"">Translator</div>\n<div class=""header-controls""></div>\n<div class=""header-controls""></div>\n</div>\n<div class=""translated-text"">\n<div class=""words""></div>\n<div class=""sentences""></div>\n</div>\n</div>\n&nbsp;\n\n&nbsp;","Mini Natural Air Delightful Serenity cartuchos de fragancia Una composición de fragancia sofisticada y elaborada de MINI, creada para darle a su coche una frescura única. La edición limitada de Delightful Serenity evoca el aroma navideño de los árboles cítricos rotos por notas de rosa de geranio, que proporciona una atmósfera fresca inolvidable dentro de su MINI, dando alegría extra a cada viaje. El conjunto incluye: 3 cartuchos de fragancia MINI Natural Air Delightful Serenity que combinan con el set MINI Natural Air Starter Kit\n\n&nbsp;",,,taxable,,1,1,,0,0,,,,,1,,,261.26,"Clean & Care > Aromatizantes, Clean & Care",,,https://vecsaboutique.com/wp-content/uploads/2025/08/83125A97D90.avif,,,,,,83125A978E7,,,0,MINI,,,,,,,,,,,,,,,,,,,,,,,,,,,,,,,,,,,,,,,,,,sync-and-show,updated,synced,1773543629,,approved,,,,,,,,,,,,,,,,,,,,,,,,,,,,,,
18811,simple,83125B531D6,,"Limpiador de interiores BMW 250ml",1,0,visible,"<audio class=""audio-for-speech""></audio>\n<div class=""translate-tooltip-mtz translator-hidden"">\n<div class=""header"">\n<div class=""header-controls"">Translator</div>\n<div class=""header-controls""></div>\n<div class=""header-controls""></div>\n</div>\n<div class=""translated-text"">\n<div class=""words""></div>\n<div class=""sentences""></div>\n</div>\n</div>\n&nbsp;\n\n&nbsp;","Este limpiador interior original de BMW es el producto ideal para mantener las superficies internas de su vehículo en perfectas condiciones. Diseñada para limpiar y proteger, su fórmula respetuosa con el medio ambiente es vegana y libre de microplásticos, lo que garantiza el máximo cuidado para su coche y el planeta.\n\n&nbsp;",,,taxable,,1,4,,0,0,,,,,1,,,203.25,"Clean & Care, Clean & Care > Limpíadores",,,https://vecsaboutique.com/wp-content/uploads/2025/08/83125B531D6.avif,,,,,,,,,0,BMW,,,,,,,,,,,,,,,,,,,,,,,,,,,,,,,,,,,,,,,,,,sync-and-show,updated,synced,1773543629,,approved,,,,,,,,,,,,,,,,,,,,,,,,,,,,,,
18812,simple,83125B541A1,,"Limpiador Cuero, Tapicería y Alcantara BMW 250ml",1,0,visible,"<audio class=""audio-for-speech""></audio>\n<div class=""translate-tooltip-mtz translator-hidden"">\n<div class=""header"">\n<div class=""header-controls"">Translator</div>\n<div class=""header-controls""></div>\n<div class=""header-controls""></div>\n</div>\n<div class=""translated-text"">\n<div class=""words""></div>\n<div class=""sentences""></div>\n</div>\n</div>\n&nbsp;\n\n&nbsp;","El Limpiador original BMW (83125B541A1) fue especialmente desarrollado para superficies sensibles en el interior del vehículo, para una limpieza a fondo sin residuos ni daños materiales.\nAplicación versátil: Ideal para alcantara, cuero liso y referencias textiles.\nLimpieza suave: Elimina la suciedad, las manchas y las grasas de la piel, sin dañar las fibras.\nMaterial suave: Preserva la estructura, el color y la sensación de las superficies sensibles.\nCalidad original de BMW: Desarrollado y probado para superficies interiores BMW\nFragancia fresca: Asegura una sensación agradable y limpia de espacio.\nTu interior no solo se ve limpio, sino que también se siente como nuevo.\n\n&nbsp;",,,taxable,,1,1,,0,0,,,,,1,,,302.18,"Clean & Care, Clean & Care > Limpíadores",,,https://vecsaboutique.com/wp-content/uploads/2025/08/83125B541A1.avif,,,,,,,,,0,BMW,,,,,,,,,,,,,,,,,,,,,,,,,,,,,,,,,,,,,,,,,,sync-and-show,updated,synced,1773543629,,approved,,,,,,,,,,,,,,,,,,,,,,,,,,,,,,
18813,simple,83135A824F2,,"Líquido de frenos BMW DOT 4, 250ml",1,0,visible,"<audio class=""audio-for-speech""></audio>\n<div class=""translate-tooltip-mtz translator-hidden"">\n<div class=""header"">\n<div class=""header-controls"">Translator</div>\n<div class=""header-controls""></div>\n<div class=""header-controls""></div>\n</div>\n<div class=""translated-text"">\n<div class=""words""></div>\n<div class=""sentences""></div>\n</div>\n</div>\n&nbsp;\n\n&nbsp;","BMW DOT 4 es el líquido de frenos original de BMW diseñado para sistemas de frenado que funcionan en condiciones de altas cargas y cambios frecuentes de temperatura. El líquido cumple con los requisitos de la clase DOT-4 y garantiza un funcionamiento efectivo y estable de los frenos para una máxima seguridad mientras se conduce. Evita el atasco incluso en condiciones de frenado extremo durante la conducción deportiva en la pista o cuando se conduce sobre terreno accidentado. No contiene aceite ni alcohol.\n\n&nbsp;",,,taxable,,1,71,,0,0,,,,,1,,,162.95,"Clean & Care, Clean & Care > Liquido de Frenos",,,https://vecsaboutique.com/wp-content/uploads/2025/08/83135A824F2.avif,,,,,,,,,0,BMW,,,,,,,,,,,,,,,,,,,,,,,,,,,,,,,,,,,,,,,,,,sync-and-show,updated,synced,1773716487,,approved,,,,,,,,,,,,,,,,,,,,,,,,,,,,,,
18814,simple,83135A82511,,"Líquido de frenos BMW DOT 4, 1000ml",1,0,visible,"<audio class=""audio-for-speech""></audio>\n<div class=""translate-tooltip-mtz translator-hidden"">\n<div class=""header"">\n<div class=""header-controls"">Translator</div>\n<div class=""header-controls""></div>\n<div class=""header-controls""></div>\n</div>\n<div class=""translated-text"">\n<div class=""words""></div>\n<div class=""sentences""></div>\n</div>\n</div>\n&nbsp;\n\n&nbsp;","Líquido de frenos original BMW. Clasificación: DOT4. Líquido extremadamente delgado (Baja Viscosidad) para desempeño óptimo. Para vehículos con modernos sistemas de ESP y ABS . Aumenta la respuesta del vehículo. Presentación: 1 Litro ESPECIFICACIONES: FMVSS nº 116 – DOT 4 SAE J1704 ISO 4925 Clase 6.\n\n&nbsp;",,,taxable,,1,173,,0,0,,,,,1,,,328.42,"Clean & Care, Clean & Care > Liquido de Frenos",,,https://vecsaboutique.com/wp-content/uploads/2025/08/83135A82511.avif,,,,,,,,,0,BMW,,,,,,,,,,,,,,,,,,,,,,,,,,,,,,,,,,,,,,,,,,sync-and-show,updated,synced,1773716487,,approved,,,,,,,,,,,,,,,,,,,,,,,,,,,,,,
18815,simple,83195A07750,,"Aditivo De Combustible Original BMW Twin Power Turbo, 100 ml",1,0,visible,"<audio class=""audio-for-speech""></audio>\n<div class=""translate-tooltip-mtz translator-hidden"">\n<div class=""header"">\n<div class=""header-controls"">Translator</div>\n<div class=""header-controls""></div>\n<div class=""header-controls""></div>\n</div>\n<div class=""translated-text"">\n<div class=""words""></div>\n<div class=""sentences""></div>\n</div>\n</div>\n&nbsp;\n\n&nbsp;","Líquido de limpieza altamente concentrado y listo para usar. Elimina los depósitos en las válvulas de inyección y admisión, bujías y en la cámara de combustión y evita la formación de nuevos depósitos. Mejora el funcionamiento del motor y optimiza los valores de emisiones. Previene dificultades de arranque, mal funcionamiento del motor, mala respuesta del acelerador y pérdida de rendimiento. Preserva y protege todo el sistema de combustible contra el desgaste, los depósitos y la corrosión. Se aplica directo al tanque de combustible, trata de 40 a 80 litros. Presentación de 100 ml.\n\n&nbsp;",,,taxable,,1,88,,0,0,,,,,1,,,276.63,"Clean & Care, Clean & Care > Limpíadores",,,https://vecsaboutique.com/wp-content/uploads/2025/08/83195A07750.avif,,,,,,,,,0,BMW,,,,,,,,,,,,,,,,,,,,,,,,,,,,,,,,,,,,,,,,,,sync-and-show,updated,synced,1773716487,,approved,,,,,,,,,,,,,,,,,,,,,,,,,,,,,,
18816,simple,83195A42DF3,,"Anticongelante y Anticorrosivo Frostox HT-12, 1,5L",1,0,visible,"<audio class=""audio-for-speech""></audio>\n<div class=""translate-tooltip-mtz translator-hidden"">\n<div class=""header"">\n<div class=""header-controls"">Translator</div>\n<div class=""header-controls""></div>\n<div class=""header-controls""></div>\n</div>\n<div class=""translated-text"">\n<div class=""words""></div>\n<div class=""sentences""></div>\n</div>\n</div>\n&nbsp;\n\n&nbsp;","Frostox HT-12 es un refrigerante híbrido con tecnología de protección contra la corrosión Si-OAT en el que los componentes del sistema de refrigeración (metales, elastómeros y plásticos) están cubiertos con una capa delgada. El refrigerante protege todos los componentes del sistema del radiador y, por lo tanto, el motor de forma duradera contra la corrosión, el sobrecalentamiento y las heladas. Por lo que, el producto contribuye al mantenimiento del motor. Cumple con la especificación BMW GROUP BMW Coolant LC-18.\n\n&nbsp;",,,taxable,,1,11,,0,0,,,,,1,,,342.54,"Clean & Care > Anticongelantes, Clean & Care",,,https://vecsaboutique.com/wp-content/uploads/2025/08/83195A42DF3.avif,,,,,,,,,0,BMW,,,,,,,,,,,,,,,,,,,,,,,,,,,,,,,,,,,,,,,,,,sync-and-show,updated,synced,1773716487,,approved,,,,,,,,,,,,,,,,,,,,,,,,,,,,,,
18817,simple,83195A8F589,,"Aceite para Horquilla Telescópica Tipo 5, 1000ml",1,0,visible,"<audio class=""audio-for-speech""></audio>\n<div class=""translate-tooltip-mtz translator-hidden"">\n<div class=""header"">\n<div class=""header-controls"">Translator</div>\n<div class=""header-controls""></div>\n<div class=""header-controls""></div>\n</div>\n<div class=""translated-text"">\n<div class=""words""></div>\n<div class=""sentences""></div>\n</div>\n</div>\n&nbsp;\n\n&nbsp;","El aceite original para la horquilla telescópica BMW Motorrad Tipo 5 garantiza el perfecto funcionamiento de la suspensión de la motocicleta. Una fórmula especialmente desarrollada garantiza una viscosidad estable, reduciendo la vibración y brindando un funcionamiento suave incluso en las condiciones más difíciles.\n\n&nbsp;",,,taxable,,1,3,,0,0,,,,,1,,,1464.53,"Clean & Care > Aceites, Clean & Care",,,https://vecsaboutique.com/wp-content/uploads/2025/08/83195A8F589.avif,,,,,,,,,0,MOTORRAD,,,,,,,,,,,,,,,,,,,,,,,,,,,,,,,,,,,,,,,,,,sync-and-show,updated,synced,1773716487,,approved,,,,,,,,,,,,,,,,,,,,,,,,,,,,,,
18818,simple,83225A12A00,,"Aceite de caja de cambios automática ATF 3+, 1L",1,0,visible,"<audio class=""audio-for-speech""></audio>\n<div class=""translate-tooltip-mtz translator-hidden"">\n<div class=""header"">\n<div class=""header-controls"">Translator</div>\n<div class=""header-controls""></div>\n<div class=""header-controls""></div>\n</div>\n<div class=""translated-text"">\n<div class=""words""></div>\n<div class=""sentences""></div>\n</div>\n</div>\n&nbsp;\n\n&nbsp;","Con su formulación avanzada, el aceite ATF 3+ proporciona una excelente viscosidad y resistencia a la temperatura, manteniendo sus características incluso en condiciones exigentes. La lubricación superior que ofrece contribuye a la durabilidad de los engranajes, evitando el desgaste y prolongando la vida útil del sistema de transmisión.\n\n&nbsp;",,,taxable,,1,14,,0,0,,,,,1,,,1571.23,"Clean & Care > Aceites, Clean & Care",,,https://vecsaboutique.com/wp-content/uploads/2025/08/83225A12A00.avif,,,,,,,,,0,BMW,,,,,,,,,,,,,,,,,,,,,,,,,,,,,,,,,,,,,,,,,,sync-and-show,updated,synced,1772679684,,approved,,,,,,,,,,,,,,,,,,,,,,,,,,,,,,
18819,simple,83225A53CB0,,"Aceite Sintético Caja Cambio Manual MTF LT-4 GL-4 75W-90, 1L",1,0,visible,"<audio class=""audio-for-speech""></audio>\n<div class=""translate-tooltip-mtz translator-hidden"">\n<div class=""header"">\n<div class=""header-controls"">Translator</div>\n<div class=""header-controls""></div>\n<div class=""header-controls""></div>\n</div>\n<div class=""translated-text"">\n<div class=""words""></div>\n<div class=""sentences""></div>\n</div>\n</div>\n&nbsp;\n\n&nbsp;","Líquido de transmisión manual (MTF-LT-4): Esto especifica el tipo de líquido, lo que indica que está diseñado para transmisiones manuales y la formulación específica para BMW y MINI.\n\n&nbsp;",,,taxable,,1,10,,0,0,,,,,1,,,741.46,"Clean & Care > Aceites, Clean & Care",,,https://vecsaboutique.com/wp-content/uploads/2025/08/83225A53CB0.avif,,,,,,,,,0,BMW,,,,,,,,,,,,,,,,,,,,,,,,,,,,,,,,,,,,,,,,,,sync-and-show,updated,synced,1773716487,,approved,,,,,,,,,,,,,,,,,,,,,,,,,,,,,,
18820,simple,83225B3AC81,,"Líquido de transmisión BMW DCTF-2, 1L",1,0,visible,"<audio class=""audio-for-speech""></audio>\n<div class=""translate-tooltip-mtz translator-hidden"">\n<div class=""header"">\n<div class=""header-controls"">Translator</div>\n<div class=""header-controls""></div>\n<div class=""header-controls""></div>\n</div>\n<div class=""translated-text"">\n<div class=""words""></div>\n<div class=""sentences""></div>\n</div>\n</div>\n&nbsp;\n\n&nbsp;","Líquido de transmisión BMW DCTF-2, específicamente una botella de 1 litro de aceite de transmisión de doble embrague. Este fluido está diseñado para un rendimiento óptimo en las transmisiones de doble embrague de BMW, incluidas las 7DCT300 y 7DCT400 que se encuentran en varios modelos BMW y Mini Cooper. Garantiza un cambio de marcha suave y protege los componentes de la transmisión.\n\n&nbsp;",,,taxable,,1,66,,0,0,,,,,1,,,755.20,"Clean & Care > Aceites, Clean & Care",,,https://vecsaboutique.com/wp-content/uploads/2025/08/83225B3AC81.avif,,,,,,,,,0,BMW,,,,,,,,,,,,,,,,,,,,,,,,,,,,,,,,,,,,,,,,,,sync-and-show,updated,synced,1773716487,,approved,,,,,,,,,,,,,,,,,,,,,,,,,,,,,,
18821,simple,83515A6CDD7,,"Anticongelante Concentrado Azul BMW, 1.5 L",1,0,visible,"<audio class=""audio-for-speech""></audio>\n<div class=""translate-tooltip-mtz translator-hidden"">\n<div class=""header"">\n<div class=""header-controls"">Translator</div>\n<div class=""header-controls""></div>\n<div class=""header-controls""></div>\n</div>\n<div class=""translated-text"">\n<div class=""words""></div>\n<div class=""sentences""></div>\n</div>\n</div>\n&nbsp;\n\n&nbsp;","Anticongelante original BMW, específicamente el Anticongelante BMW Lifetime Coolant 87. Es un líquido refrigerante concentrado de color azul, diseñado para proteger el motor de tu Vehículo contra el sobrecalentamiento y la corrosión. Este refrigerante es adecuado para la mayoría de los modelos BMW y MINI, es de color azul. Si hay algún otro color presente en tu vehículo, no mezcles refrigerantes sin consultarnos. Dilución 50-50.\n\n&nbsp;",,,taxable,,1,163,,0,0,,,,,1,,,342.59,"Clean & Care > Anticongelantes, Clean & Care",,,https://vecsaboutique.com/wp-content/uploads/2025/08/83225B3AC81-1.avif,,,,,,,,,0,BMW,,,,,,,,,,,,,,,,,,,,,,,,,,,,,,,,,,,,,,,,,,sync-and-show,updated,synced,1773802828,,approved,,,,,,,,,,,,,,,,,,,,,,,,,,,,,,
18822,simple,16112472988,,"Tapón tanque de combustible Carbono M Performance",1,0,visible,,"La tapa de llenado de combustible M Performance en fibra de carbono ofrece una clara actualización óptica a la tapa de combustible estándar y es extremadamente resistente al combustible. Este producto está hecho de carbono de alta calidad, para crear un aspecto moderno y premium.",,,taxable,,1,2,,0,0,,,,,1,,,2404.68,"Accesorios para vehiculo, Accesorios para vehiculo > M Performance",,,https://vecsaboutique.com/wp-content/uploads/2025/08/16112472988-1.avif,,,,,,,,,0,BMW,,,,,,,,,,,,,,,,,,,,,,,,,,,,,,,,,,,,,,,,,,sync-and-show,updated,synced,1773198513,,approved,,,,,,,0,,,,,,,,,,,,,,,,,,,,,,,
18823,simple,18302467290,,"Juego terminales de escape titanio/carbono M Performance (X2)",1,0,visible,,"BMW original Set terminales de tubo de escape titanio/CFRP M Performance.",,,taxable,,1,1,,0,0,,,,,1,,,19382.29,"Accesorios para vehiculo, Accesorios para vehiculo > Escapes, Accesorios para vehiculo > M Performance",,,https://vecsaboutique.com/wp-content/uploads/2025/08/18302467290.avif,,,,,,,,,0,BMW,"Compatible con","X2 (2019-2022)",1,1,,,,,,,,,,,,,,,,,,,,,,,,,,,,,,,,,,,,,,sync-and-show,updated,synced,1773802828,,approved,,,,,,,0,,,,,,,,,,,,,,,,,,,,,,,
18824,simple,18308682297,,"Terminales escape brillo Cromo (X2 F39, X1 F48)",1,0,visible,,"Punta de tubo de escape de alto brillo.",,,taxable,,1,2,,0,0,,,,,1,,,1916.89,"Accesorios para vehiculo, Accesorios para vehiculo > Escapes",,,"https://vecsaboutique.com/wp-content/uploads/2025/08/18308682297_a.avif, https://vecsaboutique.com/wp-content/uploads/2025/08/18308682297_a.avif",,,,,,,,,0,BMW,,,,,,,,,,,,,,,,,,,,,,,,,,,,,,,,,,,,,,,,,,sync-and-show,updated,synced,1773802828,,approved,,,,,,,0,,,,,,,,,,,,,,,,,,,,,,,
18825,simple,33817106113,,"Cadena Endurance (F750 GS, F800 GS, F850 GS/GSA, F900 GS/R/XR/GSA)",1,0,visible,,"La cadena original de BMW Motorrad se ajustará perfectamente a su motocicleta, simplemente reemplace la vieja por esta nueva. Elegir una cadena original le permite no perder rendimiento y mantiene su motocicleta en buenas condiciones.",,,taxable,,1,1,,0,0,,,,,1,,,6283.89,"Accesorios para vehiculo, Accesorios para vehiculo > Cadenas",,,https://vecsaboutique.com/wp-content/uploads/2025/08/33817106113.avif,,,,,,,,,0,MOTORRAD,"Compatible con","F750 GS\, F800 GS\, F850 GS/GSA\, F900 GS/R/XR/GSA",1,1,,,,,,,,,,,,,,,,,,,,,,,,,,,,,,,,,,,,,,sync-and-show,updated,synced,1773802828,,approved,,,,,,,0,,,,,,,,,,,,,,,,,,,,,,,
18826,simple,46637105772,,"Embellecedor del radiador Derecho (R1300 GS/GSA)",1,0,visible,,"Cuando pida su cubierta de parrilla, izquierda (46637105771) en nuestra tienda en línea, recibirá una pieza OEM original que se ajusta perfectamente a su motocicleta BMW-Motorrad R 1300 GS Adventure 2023-2025.",,,taxable,,1,1,,0,0,,,,,1,,,7264.69,"Accesorios para vehiculo, Accesorios para vehiculo > Protectores de Radiador",,,https://vecsaboutique.com/wp-content/uploads/2025/08/46637105772.avif,,,,,,46637105771,,,0,MOTORRAD,"Compatible con","R1300 GS/GSA",1,1,,,,,,,,,,,,,,,,,,,,,,,,,,,,,,,,,,,,,,sync-and-show,created,synced,1773802828,,approved,,,,,,,,,,,,,,,,,,,,,,,,,,,,,,
18827,simple,46637105771,,"Embellecedor del radiador izquierdo (R1300 GS/GSA)",1,0,visible,,"Cuando pida su cubierta de parrilla, derecha (46637105772) en nuestra tienda en línea, recibirá una pieza OEM original que se ajusta perfectamente a su motocicleta BMW-Motorrad R 1300 GS Adventure 2023-2025.",,,taxable,,1,1,,0,0,,,,,1,,,7264.69,"Accesorios para vehiculo, Accesorios para vehiculo > Protectores de Radiador",,,https://vecsaboutique.com/wp-content/uploads/2025/08/46637105771.avif,,,,,,46637105772,,,0,MOTORRAD,"Compatible con","R1300 GS/GSA",1,1,,,,,,,,,,,,,,,,,,,,,,,,,,,,,,,,,,,,,,sync-and-show,created,synced,1773802828,,approved,,,,,,,,,,,,,,,,,,,,,,,,,,,,,,
18828,simple,46638523432,,"Protector de Mano Derecha (R1250 GS/GSA, R12 R12 NineT)",1,0,visible,,"Los protectores de manos de BMW le permiten proteger sus manos del viento cuando conduce, pero también de la grava o las salpicaduras durante las salidas de enduro.",,,taxable,,1,1,,0,0,,,,,1,,,1258.39,"Accesorios para vehiculo, Accesorios para vehiculo > Guardamanos",,,https://vecsaboutique.com/wp-content/uploads/2025/08/46638523432.avif,,,,,,46638523431,,,0,MOTORRAD,"Compatible con","R1250 GS/GSA\, R12 R12 NineT",1,1,,,,,,,,,,,,,,,,,,,,,,,,,,,,,,,,,,,,,,sync-and-show,created,synced,1773802828,,approved,,,,,,,,,,,,,,,,,,,,,,,,,,,,,,
18829,simple,46638523431,,"Protector de Mano Izquierda (R1250 GS/GSA, R12 R12 NineT)",1,0,visible,,"Los protectores de manos de BMW le permiten proteger sus manos del viento cuando conduce, pero también de la grava o las salpicaduras durante las salidas de enduro.",,,taxable,,1,1,,0,0,,,,,1,,,1205.47,"Accesorios para vehiculo, Accesorios para vehiculo > Guardamanos",,,https://vecsaboutique.com/wp-content/uploads/2025/08/46638523431.avif,,,,,,46638523432,,,0,MOTORRAD,"Compatible con","R1250 GS/GSA\, R12 R12 NineT",0,1,,,,,,,,,,,,,,,,,,,,,,,,,,,,,,,,,,,,,,sync-and-show,created,synced,1773802828,,approved,,,,,,,,,,,,,,,,,,,,,,,,,,,,,,
18830,simple,46718409498,,"Reposaposapiés Enduro Derecho (F750 GS, F850 GS/GSA)",1,0,visible,,"El reposapiés Enduro de acero inoxidable de la derecho tiene un área de banda de rodadura más ancha y más larga y, por lo tanto, ofrece más soporte y una base antideslizante. Esto permite un mejor control del vehículo cuando se conduce fuera de la carretera en una posición de pie sin restringir la operatividad de la palanca de engranajes.",,,taxable,,1,1,,0,0,,,,,1,,,2994.05,"Accesorios para vehiculo > Reposapies",,,https://vecsaboutique.com/wp-content/uploads/2025/08/46718409498.avif,,,,,,46718409497,,,0,MOTORRAD,,,,,,,,,,,,,,,,,,,,,,,,,,,,,,,,,,,,,,,,,,sync-and-show,created,synced,1773802828,,approved,,,,,,,,,,,,,,,,,,,,,,,,,,,,,,
18831,simple,46718409497,,"Reposaposapiés Enduro Izquierdo (F750 GS, F850 GS/GSA)",1,0,visible,"<audio class=""audio-for-speech""></audio>\n<div class=""translate-tooltip-mtz translator-hidden"">\n<div class=""header"">\n<div class=""header-controls"">Translator</div>\n<div class=""header-controls""></div>\n<div class=""header-controls""></div>\n</div>\n<div class=""translated-text"">\n<div class=""words""></div>\n<div class=""sentences""></div>\n</div>\n</div>\n&nbsp;\n\n&nbsp;","<audio class=""audio-for-speech""></audio>\n<div class=""translate-tooltip-mtz translator-hidden"">\n<div class=""header"">\n<div class=""header-controls"">Translator</div>\n<div class=""header-controls""></div>\n<div class=""header-controls""></div>\n</div>\n<div class=""translated-text"">\n<div class=""words""></div>\n<div class=""sentences""></div>\n</div>\n</div>\n&nbsp;\n\nEl reposapiés Enduro de acero inoxidable de la izquierdo tiene un área de banda de rodadura más ancha y más larga y, por lo tanto, ofrece más soporte y una base antideslizante. Esto permite un mejor control del vehículo cuando se conduce fuera de la carretera en una posición de pie sin restringir la operatividad de la palanca de engranajes.",,,taxable,,1,1,,0,0,,,,,1,,,2994.05,"Accesorios para vehiculo, Accesorios para vehiculo > Reposapies",,,https://vecsaboutique.com/wp-content/uploads/2025/08/46718409497.avif,,,,,,46718409498,,,0,MOTORRAD,,,,,,,,,,,,,,,,,,,,,,,,,,,,,,,,,,,,,,,,,,sync-and-show,created,synced,1773802828,,approved,,,,,,,,,,,,,,,,,,,,,,,,,,,,,,
18832,simple,51112473233,,"Aero Flick Izquierdo M Performance (Serie 4 G22 G23)",1,0,visible,,"El M Performance Front Aero Flicks para el nuevo BMW Serie 4 G22 y G23",,,taxable,,1,1,,0,0,,,,,1,,,3599.49,"Accesorios para vehiculo, Accesorios para vehiculo > M Performance, Accesorios para vehiculo > JCW > Molduras",,,https://vecsaboutique.com/wp-content/uploads/2025/08/51112473233.avif,,,,,,51112473232,,,0,BMW,"Compatible con","Serie 4 G22 G23",1,1,,,,,,,,,,,,,,,,,,,,,,,,,,,,,,,,,,,,,,sync-and-show,created,synced,1773802828,,approved,,,,,,,,,,,,,,,,,,,,,,,,,,,,,,
18833,simple,51112473232,,"Aero Flick Derecho M Performance (Serie 4 G22 G23)",1,0,visible,,"El M Performance Front Aero Flicks para el nuevo BMW Serie 4 G22 y G23",,,taxable,,1,1,,0,0,,,,,1,,,3599.49,"Accesorios para vehiculo, Accesorios para vehiculo > M Performance, Accesorios para vehiculo > Molduras",,,https://vecsaboutique.com/wp-content/uploads/2025/08/51112473232.avif,,,,,,51112473233,,,0,BMW,"Compatible con","Serie 4 G22 G23",1,1,,,,,,,,,,,,,,,,,,,,,,,,,,,,,,,,,,,,,,sync-and-show,created,synced,1773802828,,approved,,,,,,,,,,,,,,,,,,,,,,,,,,,,,,
18834,simple,51472467901,,"Juego Alfombrillas M Performance LHD (X3, X4)",1,0,visible,,"Las alfombrillas M Performance complementan el aspecto deportivo del BMW, especialmente en vehículos con productos M Performance existentes.",,,taxable,,1,1,,0,0,,,,,1,,,5954.99,"Accesorios para vehiculo, Accesorios para vehiculo > M Performance, Accesorios para vehiculo > Tapetes",,,"https://vecsaboutique.com/wp-content/uploads/2025/08/51472467901_a.avif, https://vecsaboutique.com/wp-content/uploads/2025/08/51472467901_d.avif, https://vecsaboutique.com/wp-content/uploads/2025/08/51472467901_c.avif, https://vecsaboutique.com/wp-content/uploads/2025/08/51472467901_e.avif",,,,,,51142456203,,,0,BMW,"Compatible con","X3 G01\, X4 G02",1,1,,,,,,,,,,,,,,,,,,,,,,,,,,,,,,,,,,,,,,sync-and-show,created,synced,1773802828,,approved,,,,,,,,,,,,,,,,,,,,,,,,,,,,,,
18835,simple,51162446965,,"Carcasa retrovisor M Performance Izquierdo (X3,X4,X5,X6,X7)",1,0,visible,,"Elaboradas a mano a partir de carbono: las llamativas tapas de los espejos exteriores subrayan el carácter de alta tecnología del vehículo.",,,taxable,,1,1,,0,0,,,,,1,,,9237.70,"Accesorios para vehiculo, Accesorios para vehiculo > Carcasas de Retrovisor, Accesorios para vehiculo > M Performance",,,https://vecsaboutique.com/wp-content/uploads/2025/08/51162446965.avif,,,,,,51162446964,,,0,BMW,"Compatible con","X5 G05\, X3 G01\, X4 G02\, X7 G07\, X6 G06",1,1,,,,,,,,,,,,,,,,,,,,,,,,,,,,,,,,,,,,,,sync-and-show,created,synced,1773802828,,approved,,,,,,,,,,,,,,,,,,,,,,,,,,,,,,
18836,simple,51162446964,,"Carcasa retrovisor M Performance Derecho (X3,X4,X5,X6,X7)",1,0,visible,,"Elaboradas a mano a partir de carbono: las llamativas tapas de los espejos exteriores subrayan el carácter de alta tecnología del vehículo.",,,taxable,,1,1,,0,0,,,,,1,,,9237.70,"Accesorios para vehiculo, Accesorios para vehiculo > Carcasas de Retrovisor, Accesorios para vehiculo > M Performance",,,https://vecsaboutique.com/wp-content/uploads/2025/08/51162446964.avif,,,,,,51162446965,,,0,BMW,"Compatible con","X5 G05\, X3 G01\, X4 G02\, X7 G07\, X6 G06",1,1,,,,,,,,,,,,,,,,,,,,,,,,,,,,,,,,,,,,,,sync-and-show,created,synced,1773802828,,approved,,,,,,,,,,,,,,,,,,,,,,,,,,,,,,
18837,simple,51162456018,,"Carcasa retrovisor carbono Derecha. M Performance (Z4 G29, X2 F39)",1,0,visible,,"Elaboradas a mano a partir de carbono: las llamativas tapas de los espejos exteriores subrayan el carácter de alta tecnología del vehículo.",,,taxable,,1,2,,0,0,,,,,1,,,12071.58,"Accesorios para vehiculo, Accesorios para vehiculo > Carcasas de Retrovisor, Accesorios para vehiculo > M Performance",,,https://vecsaboutique.com/wp-content/uploads/2025/08/51162456018.avif,,,,,,51162456017,,,0,BMW,"Compatible con","Z4 G29\, X2 F39",1,1,,,,,,,,,,,,,,,,,,,,,,,,,,,,,,,,,,,,,,sync-and-show,created,synced,1773802828,,approved,,,,,,,,,,,,,,,,,,,,,,,,,,,,,,
18838,simple,51162456017,,"Carcasa retrovisor carbono Izquierda. M Performance (Z4 G29, X2 F39)",1,0,visible,,"Elaboradas a mano a partir de carbono: las llamativas tapas de los espejos exteriores subrayan el carácter de alta tecnología del vehículo.",,,taxable,,1,2,,0,0,,,,,1,,,12071.58,"Accesorios para vehiculo, Accesorios para vehiculo > Carcasas de Retrovisor, Accesorios para vehiculo > M Performance",,,https://vecsaboutique.com/wp-content/uploads/2025/08/51162456017.avif,,,,,,51162456018,,,0,BMW,"Compatible con","Z4 G29\, X2 F39",1,1,,,,,,,,,,,,,,,,,,,,,,,,,,,,,,,,,,,,,,sync-and-show,created,synced,1773802828,,approved,,,,,,,,,,,,,,,,,,,,,,,,,,,,,,
18839,simple,51167883950,,"Carcasa del retrovisor M Performance Derecha (Serie 5 G60)",1,0,visible,,"Carcasa de espejo exterior original BMW de carbono. Todos los componentes de carbono están hechos de plástico reforzado con fibra de carbono (CFK). Las piezas están selladas con barniz transparente, asegurando una alta resistencia a la temperatura y rayos UV. Ideal para los modelos especificados de BMW.",,,taxable,,1,3,,0,0,,,,,1,,,11615.71,"Accesorios para vehiculo, Accesorios para vehiculo > Carcasas de Retrovisor, Accesorios para vehiculo > M Performance",,,https://vecsaboutique.com/wp-content/uploads/2025/08/51167883950.avif,,,,,,51167883949,,,0,BMW,"Compatible con","Serie 5 G61",1,1,,,,,,,,,,,,,,,,,,,,,,,,,,,,,,,,,,,,,,sync-and-show,created,synced,1773802828,,approved,,,,,,,,,,,,,,,,,,,,,,,,,,,,,,
18840,simple,51167883949,,"Carcasa del retrovisor M Performance Izquierda (Serie 5 G60)",1,0,visible,,"Carcasa de espejo exterior original BMW de carbono. Todos los componentes de carbono están hechos de plástico reforzado con fibra de carbono (CFK). Las piezas están selladas con barniz transparente, asegurando una alta resistencia a la temperatura y rayos UV. Ideal para los modelos especificados de BMW.",,,taxable,,1,3,,0,0,,,,,1,,,11615.71,"Accesorios para vehiculo, Accesorios para vehiculo > Carcasas de Retrovisor, Accesorios para vehiculo > M Performance",,,https://vecsaboutique.com/wp-content/uploads/2025/08/51167883949.avif,,,,,,51167883950,,,0,BMW,"Compatible con","Serie 5 G60",1,1,,,,,,,,,,,,,,,,,,,,,,,,,,,,,,,,,,,,,,sync-and-show,created,synced,1773802828,,approved,,,,,,,,,,,,,,,,,,,,,,,,,,,,,,
18841,simple,51168075064,,"Carcasa del retrovisor M Performance Derecha (Serie 2 G42)",1,0,visible,,"Tapa del espejo de fibra de carbono G8x M2/M3/M4 - Derecha. Los lados izquierdo y derecho se venden por separado. También se adapta a la serie G42 2 y a la serie G20 LCI 3 con el paquete M Aero.",,,taxable,,1,3,,0,0,,,,,1,,,18037.70,"Accesorios para vehiculo, Accesorios para vehiculo > Carcasas de Retrovisor, Accesorios para vehiculo > M Performance",,,https://vecsaboutique.com/wp-content/uploads/2025/08/51168075064.avif,,,,,,51168075063,,,0,BMW,"Compatible con","Serie 2 G43",1,1,,,,,,,,,,,,,,,,,,,,,,,,,,,,,,,,,,,,,,sync-and-show,created,synced,1773802828,,approved,,,,,,,,,,,,,,,,,,,,,,,,,,,,,,
18842,simple,51168075063,,"Carcasa del retrovisor M Performance Izquierda (Serie 2 G42)",1,0,visible,,"Tapa del espejo de fibra de carbono G8x M2/M3/M4 - Izquierda. Los lados izquierdo y derecho se venden por separado. También se adapta a la serie G42 2 y a la serie G20 LCI 3 con el paquete M Aero.",,,taxable,,1,3,,0,0,,,,,1,,,18037.70,"Accesorios para vehiculo, Accesorios para vehiculo > Carcasas de Retrovisor, Accesorios para vehiculo > M Performance",,,https://vecsaboutique.com/wp-content/uploads/2025/08/51168075063.avif,,,,,,51168075064,,,0,BMW,"Compatible con","Serie 2 G42",1,1,,,,,,,,,,,,,,,,,,,,,,,,,,,,,,,,,,,,,,sync-and-show,created,synced,1773802828,,approved,,,,,,,,,,,,,,,,,,,,,,,,,,,,,,
18843,simple,51168406498,,"Espejo Izquierdo Option 719 & HP BMW (R1250 GS/GS)",1,0,visible,,"Diseñados para reflejar la excelencia y el rendimiento de BMW Motorrad, estas piezas premium se armonizan con tu moto, aportando un toque estético adicional. Estos espejos GS 1250 y GS Adventure 1250 son a la vez estéticos y robustos, diseñados para resistir impactos y abrasiones.",,,taxable,,1,1,,0,0,,,,,1,,,7446.26,"Accesorios para vehiculo, Accesorios para vehiculo > Espejos",,,https://vecsaboutique.com/wp-content/uploads/2025/08/51168406498.avif,,,,,,51168406497,,,0,MOTORRAD,"Compatible con","R1250 GS/GSA",1,1,,,,,,,,,,,,,,,,,,,,,,,,,,,,,,,,,,,,,,sync-and-show,created,synced,1773802828,,approved,,,,,,,,,,,,,,,,,,,,,,,,,,,,,,
18844,simple,36122447402,,"Juego tapones de válvula M Performance",1,0,visible,,"Estas tapas de vástago de válvula son el toque final perfecto para sus ruedas. Diseñadas para funcionar con los últimos sistemas de monitoreo de la presión de los neumáticos, estas tapas de peso ultrabajo están diseñadas para ser hermosas y durar.",,,taxable,,1,23,,0,0,,,,,1,,,647.19,"Accesorios para vehiculo, Accesorios para vehiculo > M Performance",,,"https://vecsaboutique.com/wp-content/uploads/2025/08/36122447402_a.avif, https://vecsaboutique.com/wp-content/uploads/2025/08/36122447402_b.avif",,,,,,,,,0,BMW,"Compatible con","Todos los Modelos",1,1,,,,,,,,,,,,,,,,,,,,,,,,,,,,,,,,,,,,,,sync-and-show,updated,synced,1773802828,,approved,,,,,,,0,,,,,,,,,,,,,,,,,,,,,,,
18845,simple,36122455268,,"Centros de Rin Flotantes BMW",1,0,visible,,"Las tapas centrales flotantes de alta calidad crean un punto focal especial en la rueda incluso cuando el vehículo está en movimiento.",,,taxable,,1,2,,0,0,,,,,1,,,2709.71,"Accesorios para vehiculo, Llantas y rines",,,"https://vecsaboutique.com/wp-content/uploads/2025/08/36122455268.avif, https://vecsaboutique.com/wp-content/uploads/2025/08/36136783536_a-2.avif",,,,,,,,,0,BMW,"Compatible con","Todos los Modelos",1,1,,,,,,,,,,,,,,,,,,,,,,,,,,,,,,,,,,,,,,sync-and-show,updated,synced,1773802828,,approved,,,,,,,0,,,,,,,,,,,,,,,,,,,,,,,
18846,simple,36132453960,,"Birlos de Seguridad MINI 14x1,25",1,0,visible,,"Set orginal BMW/MINI birlos de seguridad libres de cromo.",,,taxable,,1,5,,0,0,,,,,1,,,1584.83,"Accesorios para vehiculo, Llantas y rines > Birlos de Seguridad, Llantas y rines",,,"https://vecsaboutique.com/wp-content/uploads/2025/08/36132453960_b.avif, https://vecsaboutique.com/wp-content/uploads/2025/08/36132453960_a.avif",,,,,,,,,0,MINI,"Compatible con","Todos los Modelos",1,1,,,,,,,,,,,,,,,,,,,,,,,,,,,,,,,,,,,,,,sync-and-show,updated,synced,1773802828,,approved,,,,,,,0,,,,,,,,,,,,,,,,,,,,,,,
18847,simple,36132453961,,"Birlos de Seguridad BMW 14x1,26",1,0,visible,,"Set orginal BMW/MINI birlos de seguridad libres de cromo.",,,taxable,,1,4,,0,0,,,,,1,,,1587.55,"Accesorios para vehiculo, Llantas y rines > Birlos de Seguridad",,,"https://vecsaboutique.com/wp-content/uploads/2025/08/36132453961_b.avif, https://vecsaboutique.com/wp-content/uploads/2025/08/36132453961_a.avif",,,,,,,,,0,BMW,"Compatible con","Todos los Modelos",1,1,,,,,,,,,,,,,,,,,,,,,,,,,,,,,,,,,,,,,,sync-and-show,updated,synced,1773802828,,approved,,,,,,,,,,,,,,,,,,,,,,,,,,,,,,
18848,simple,36136783536,,"Centros de Rin BMW",1,0,visible,,"Este auténtico tapacubos de BMW con emblema redondo encaja en la abertura en el centro de la rueda. Se adapta a casi todas las ruedas BMW desde 1992.. Se vende individualmente.",,,taxable,,1,3,,0,0,,,,,1,,,424.96,"Accesorios para vehiculo, Llantas y rines > Centros de Rin",,,"https://vecsaboutique.com/wp-content/uploads/2025/08/36136783536_a-1.avif, https://vecsaboutique.com/wp-content/uploads/2025/08/36136783536_b-1.avif",,,,,,,,,0,BMW,"Compatible con","Todos los Modelos",1,1,,,,,,,,,,,,,,,,,,,,,,,,,,,,,,,,,,,,,,sync-and-show,updated,synced,1773802828,,approved,,,,,,,,,,,,,,,,,,,,,,,,,,,,,,
18849,simple,46631683109,,"Rejilla protectora radiador (R1300 GS/GSA)",1,0,visible,,"Las protecciones del radiador, hechas de plástico resistente a los impactos, protegen eficazmente el radiador de daños debidos a rocas o maleza cuando está fuera de la carretera.",,,taxable,,1,3,,0,0,,,,,1,,,674.50,"Accesorios para vehiculo, Accesorios para vehiculo > Protectores de Radiador",,,"https://vecsaboutique.com/wp-content/uploads/2025/08/46631683109_b.avif, https://vecsaboutique.com/wp-content/uploads/2025/08/46631683109_a.avif",,,,,,,,,0,MOTORRAD,"Compatible con","R1300 GS/GSA",1,1,,,,,,,,,,,,,,,,,,,,,,,,,,,,,,,,,,,,,,sync-and-show,created,synced,1773802828,,approved,,,,,,,,,,,,,,,,,,,,,,,,,,,,,24660884843507094,
18850,simple,46638392890,,"Protector Mano Derecha (R1250 GS/GSA, R12 R12 NineT)",1,0,visible,,"Este protector de manos original de BMW MOTORRAD por sí solo le permite no solo proteger su motocicleta, sino también mejorar su comodidad de manejo y personalizar su motocicleta BMW R1250GS, R1250GS Adventure. El protector de mano solo es ideal para reemplazar uno de los suyos que está dañado o roto.",,,taxable,,1,1,,0,0,,,,,1,,,1136.39,"Accesorios para vehiculo, Accesorios para vehiculo > Guardamanos",,,https://vecsaboutique.com/wp-content/uploads/2025/08/46638392890.avif,,,,,,,,,0,MOTORRAD,"Compatible con","R 1250 GS/GSA\, R 12 R 12nineT",1,1,,,,,,,,,,,,,,,,,,,,,,,,,,,,,,,,,,,,,,sync-and-show,created,synced,1773889632,,approved,,,,,,,,,,,,,,,,,,,,,,,,,,,,,,
18851,simple,46638562228,,"Soporte Parabrisas Largo o Touring (F750 GS, F850 GS/GSA, S1000 XR)",1,0,visible,"<audio class=""audio-for-speech""></audio>\n<div class=""translate-tooltip-mtz translator-hidden"">\n<div class=""header"">\n<div class=""header-controls"">Translator</div>\n<div class=""header-controls""></div>\n<div class=""header-controls""></div>\n</div>\n<div class=""translated-text"">\n<div class=""words""></div>\n<div class=""sentences""></div>\n</div>\n</div>\n&nbsp;\n\n&nbsp;","<audio class=""audio-for-speech""></audio>\n<div class=""translate-tooltip-mtz translator-hidden"">\n<div class=""header"">\n<div class=""header-controls"">Translator</div>\n<div class=""header-controls""></div>\n<div class=""header-controls""></div>\n</div>\n<div class=""translated-text"">\n<div class=""words""></div>\n<div class=""sentences""></div>\n</div>\n</div>\n&nbsp;\n\nSoporte para parabrisas largo o touring, de 310 mm o 390 mm para BMW Motorrad original. Gracias a su palanca de facil acceso, permite dos ubicaciones para el parabrisas instalado, generando una diferencia de +/- 6 centimetros de altura.",,,taxable,,0,0,,0,0,,,,,1,,,6740.18,"Accesorios para vehiculo, Accesorios para vehiculo > Parabrisas",,,https://vecsaboutique.com/wp-content/uploads/2025/08/46638562228.avif,,,,,,,,,0,MOTORRAD,,,,,,,,,,,,,,,,,,,,,,,,,,,,,,,,,,,,,,,,,,sync-and-show,updated,,,,,,,,,,,,default,,,,,,,,,,,,,,,,,,,,,,
18852,simple,46639480727,,"Boquilla de inserción (R18 2019-2025)",1,0,visible,,,,,taxable,,1,2,,0,0,,,,,1,,,264.32,"Accesorios para vehiculo, Accesorios para vehiculo > Parabrisas",,,https://vecsaboutique.com/wp-content/uploads/2025/08/46639480727-2.avif,,,,,,,,,0,MOTORRAD,"Compatible con","R18 2019-2025",1,1,,,,,,,,,,,,,,,,,,,,,,,,,,,,,,,,,,,,,,sync-and-show,created,has-errors,1755630633,,,,,,,,,,,,,,,,,,,,,,,,,,,,,,,,
18853,simple,51142456203,,"Línea frontal M Performance (X3, X4)",1,0,visible,,"La pelicula M Performance Frozen Black proporciona un acento de color en la carrocería. Fue diseñado especialmente para el vehículo respectivo y le confiere un carácter individual.\n*Requiere que el vehículo cuente con Equipamiento Aerodinamico M",,,taxable,,1,1,,0,0,,,,,1,,,1858.27,"Accesorios para vehiculo, Accesorios para vehiculo > Aplicaciones & Emblemas, Accesorios para vehiculo > M Performance",,,https://vecsaboutique.com/wp-content/uploads/2025/08/51142456203.avif,,,,,,51472467901,,,0,BMW,"Compatible con","X3 G01\, X4 G02",1,1,,,,,,,,,,,,,,,,,,,,,,,,,,,,,,,,,,,,,,sync-and-show,created,synced,1773889632,,approved,,,,,,,,,,,,,,,,,,,,,,,,,,,,,,
18854,simple,51142459030,,"Kit de emblemas laterales Union Jack (MINI F55/F56/F57)",1,0,visible,,"Una orgullosa herencia. El Kit de emblemas con el tradicional Union Jack en gris pone reflejos brillantes y le da al vehículo el plus decisivo de individualidad. Se adaptan perfectamente a la pared lateral de su MINI y complementan perfectamente su aspecto deportivo. Disponible para el MINI de 3 puertas (a partir de 2014), 5 puertas (a partir de 2014), descapotable (a partir de 2016).",,,taxable,,1,2,,0,0,,,,,1,,,2047.01,"Accesorios para vehiculo, Accesorios para vehiculo > Molduras",,,"https://vecsaboutique.com/wp-content/uploads/2025/08/51142459030.avif, https://vecsaboutique.com/wp-content/uploads/2025/08/51142459030.avif",,,,,,,,,0,MINI,"Compatible con","MINI F55 5 puertas (2014-2018)\, MINI F56 3 puertas (2021-2024)\, MINI F57 Convertible (2016-2024)",1,1,,,,,,,,,,,,,,,,,,,,,,,,,,,,,,,,,,,,,,sync-and-show,updated,synced,1773889632,,approved,,,,,,,,,,,,,,,,,,,,,,,,,,,,,,
18855,simple,51142465580,,"Línea lateral Frozen Black izq./derechoM Performance (Serie1 F40)",1,0,visible,,"La película lateral M Performance en Frozen Black (51142465580) es la solución que menos interfiere con el cuerpo y que le permite enfatizar la línea agresiva del automóvil y resaltar sus formas deportivas.\n\nLas piezas y accesorios genuinos de M Performance son una garantía de la más alta calidad de mano de obra y ajuste.",,,taxable,,1,1,,0,0,,,,,1,,,3189.82,"Accesorios para vehiculo, Accesorios para vehiculo > Aplicaciones & Emblemas, Accesorios para vehiculo > M Performance",,,https://vecsaboutique.com/wp-content/uploads/2025/08/51142465580.avif,,,,,,,,,0,BMW,"Compatible con","Serie 1 F40",1,1,,,,,,,,,,,,,,,,,,,,,,,,,,,,,,,,,,,,,,sync-and-show,created,synced,1773889632,,approved,,,,,,,,,,,,,,,,,,,,,,,,,,,,,,
18856,simple,51167107617,,"Juego desacoplamiento espejo (S1000 R, M1000 R/XR, F900 R/XR)",1,0,visible,,"Cuando pida su juego de desacoplamiento de espejo (51167107617) en nuestra tienda en línea, recibirá una pieza original que se ajusta perfectamente a su motocicleta BMW-Motorrad 2020-2025.",,,taxable,,1,2,,0,0,,,,,1,,,1837.41,"Accesorios para vehiculo, Accesorios para vehiculo > Espejos",,,https://vecsaboutique.com/wp-content/uploads/2025/08/51167107617.avif,,,,,,,,,0,MOTORRAD,"Compatible con","S1000 R\, M1000 R/XR\, F900 R/XR",1,1,,,,,,,,,,,,,,,,,,,,,,,,,,,,,,,,,,,,,,sync-and-show,created,synced,1773889632,,approved,,,,,,,,,,,,,,,,,,,,,,,,,,,,,,
18857,simple,51168406497,,"Espejo Derecho Option 719 & HP BMW (R1250 GS/GSA)",1,0,visible,,"Diseñados para reflejar la excelencia y el rendimiento de BMW Motorrad, estas piezas premium se armonizan con tu moto, aportando un toque estético adicional. Estos espejos GS 1250 y GS Adventure 1250 son a la vez estéticos y robustos, diseñados para resistir impactos y abrasiones.",,,taxable,,1,1,,0,0,,,,,1,,,7446.26,"Accesorios para vehiculo, Accesorios para vehiculo > Espejos",,,https://vecsaboutique.com/wp-content/uploads/2025/08/51168406497.avif,,,,,,51168406498,,,0,MOTORRAD,"Compatible con","R1250 GS/GSA",1,1,,,,,,,,,,,,,,,,,,,,,,,,,,,,,,,,,,,,,,sync-and-show,created,synced,1773889632,,approved,,,,,,,,,,,,,,,,,,,,,,,,,,,,,,
18858,simple,51192455897,,"Extensión de faldón M Performance Izquierda (Serie 3 F20)",1,0,visible,,"La extensión de faldón BMW M Performance alarga ópticamente las proporciones del vehículo, dándole un aspecto aún más dinámico. Es extremadamente ligera pero estable y complementa perfectamente el diseño del vehículo, para un aspecto atlético y elegante.",,,taxable,,1,1,,0,0,,,,,1,,,7913.73,"Accesorios para vehiculo, Accesorios para vehiculo > M Performance, Accesorios para vehiculo > Molduras",,,https://vecsaboutique.com/wp-content/uploads/2025/08/51192455897.avif,,,,,,51192455896,,,0,BMW,"Compatible con","Serie 3 G20",1,1,,,,,,,,,,,,,,,,,,,,,,,,,,,,,,,,,,,,,,sync-and-show,created,synced,1773889632,,approved,,,,,,,,,,,,,,,,,,,,,,,,,,,,,,
18859,simple,51192455896,,"Extensión de faldón M Performance Derecha (Serie 3 G20)",1,0,visible,,"La extensión de faldón BMW M Performance alarga ópticamente las proporciones del vehículo, dándole un aspecto aún más dinámico. Es extremadamente ligera pero estable y complementa perfectamente el diseño del vehículo, para un aspecto atlético y elegante.",,,taxable,,1,1,,0,0,,,,,1,,,7913.73,"Accesorios para vehiculo, Accesorios para vehiculo > M Performance, Accesorios para vehiculo > Molduras",,,https://vecsaboutique.com/wp-content/uploads/2025/08/51192455896.avif,,,,,,51192455897,,,0,BMW,"Compatible con","Serie 3 G20",1,1,,,,,,,,,,,,,,,,,,,,,,,,,,,,,,,,,,,,,,sync-and-show,created,synced,1773889632,,approved,,,,,,,,,,,,,,,,,,,,,,,,,,,,,,
18860,simple,51472447608,,"Alfombrillas Essential-Black Traseras (MINI Countryman F60)",1,0,visible,,"Protege el interior de tu MINI con estos tapetes delanteros que combinan durabilidad, diseño elegante y superficie antideslizante. Sus bordes elevados bloquean agua, polvo y suciedad, siendo perfectos para cualquier clima y cuidando tu vehículo con un acabado funcional y sofisticado.",,,taxable,,1,1,,0,0,,,,,1,,,1333.82,"Accesorios para vehiculo, Accesorios para vehiculo > Tapetes",,,https://vecsaboutique.com/wp-content/uploads/2025/08/51472447608.avif,,,,,,51472447606,,,0,MINI,"Compatible con","MINI Countryman F60",1,1,,,,,,,,,,,,,,,,,,,,,,,,,,,,,,,,,,,,,,sync-and-show,created,synced,1773889632,,approved,,,,,,,,,,,,,,,,,,,,,,,,,,,,,,
18861,simple,51472447606,,"Alfombrillas Essential-Black Delanteras (MINI Countryman F60)",1,0,visible,,"Protege el interior de tu MINI con estos tapetes delanteros que combinan durabilidad, diseño elegante y superficie antideslizante. Sus bordes elevados bloquean agua, polvo y suciedad, siendo perfectos para cualquier clima y cuidando tu vehículo con un acabado funcional y sofisticado.",,,taxable,,1,1,,0,0,,,,,1,,,1839.41,"Accesorios para vehiculo, Accesorios para vehiculo > Tapetes",,,https://vecsaboutique.com/wp-content/uploads/2025/08/51472447606.avif,,,,,,51472447608,,,0,MINI,"Compatible con","MINI Countryman F60",1,1,,,,,,,,,,,,,,,,,,,,,,,,,,,,,,,,,,,,,,sync-and-show,created,synced,1773889632,,approved,,,,,,,,,,,,,,,,,,,,,,,,,,,,,,
18862,simple,51472451586,,"Alfombrillas para todo tipo de clima - Traseras (X4 G02)",1,0,visible,,"Extremadamente duradero e impermeable. Ayuda a proteger los reposapiés de la suciedad. Con un BMW X4 de alta calidad.",,,taxable,,1,2,,0,0,,,,,1,,,2174.56,"Accesorios para vehiculo, Accesorios para vehiculo > Tapetes",,,https://vecsaboutique.com/wp-content/uploads/2025/08/51472451586.avif,,,,,,51472451585,,,0,BMW,"Compatible con","X4 G02",1,1,,,,,,,,,,,,,,,,,,,,,,,,,,,,,,,,,,,,,,sync-and-show,created,synced,1773889632,,approved,,,,,,,,,,,,,,,,,,,,,,,,,,,,,,
18863,simple,51472451585,,"Alfombrillas para todo tipo de clima - Delanteras (X4 G02)",1,0,visible,,"Extremadamente duradero e impermeable. Ayuda a proteger los reposapiés de la suciedad. Con un BMW X4 de alta calidad.",,,taxable,,1,2,,0,0,,,,,1,,,2572.95,"Accesorios para vehiculo, Accesorios para vehiculo > Tapetes",,,https://vecsaboutique.com/wp-content/uploads/2025/08/51472451585.avif,,,,,,51472451586,,,0,BMW,"Compatible con","X4 G02",1,1,,,,,,,,,,,,,,,,,,,,,,,,,,,,,,,,,,,,,,sync-and-show,created,synced,1773889632,,approved,,,,,,,,,,,,,,,,,,,,,,,,,,,,,,
18864,simple,51472458552,,"Alfombrillas para Todo Tipo de Clima, Parte Trasera (X5 G05, X7 G07)",1,0,visible,,"Tapetes traseros todo tiempo marca BMW, fabricados en 100% goma, cuentan con propiedades resistentes y antideslizantes, perfectos para cualquier clima y protegen de manera eficaz el piso de tu vehículo ofreciendo una barrera contra la suciedad, el agua y el desgaste diario, manteniendo el área limpia y dando una estética elegante y funcional.",,,taxable,,1,8,,0,0,,,,,1,,,1953.19,"Accesorios para vehiculo, Accesorios para vehiculo > Tapetes",,,https://vecsaboutique.com/wp-content/uploads/2025/08/51472458552.avif,,,,,,51472458551,,,0,BMW,"Compatible con","X5 G05\, X7 G07",1,1,,,,,,,,,,,,,,,,,,,,,,,,,,,,,,,,,,,,,,sync-and-show,created,synced,1773889632,,approved,,,,,,,,,,,,,,,,,,,,,,,,,,,,,,
18865,simple,51472458551,,"Alfombrillas para Todo Tipo de Clima, Parte Delantera (X5 G05, X7 G07)",1,0,visible,,"Tapetes delanteros todo tiempo marca BMW, fabricados en 100% goma, cuentan con propiedades resistentes y antideslizantes, perfectos para cualquier clima y protegen de manera eficaz el piso de tu vehículo ofreciendo una barrera contra la suciedad, el agua y el desgaste diario, manteniendo el área limpia y dando una estética elegante y funcional.",,,taxable,,1,1,,0,0,,,,,1,,,2710.68,"Accesorios para vehiculo, Accesorios para vehiculo > Tapetes",,,https://vecsaboutique.com/wp-content/uploads/2025/08/51472458551.avif,,,,,,51472458552,,,0,BMW,"Compatible con","X5 G05\, X7 G07",1,1,,,,,,,,,,,,,,,,,,,,,,,,,,,,,,,,,,,,,,sync-and-show,created,synced,1773889632,,approved,,,,,,,,,,,,,,,,,,,,,,,,,,,,,,
18866,simple,51472461169,,"Alfombrillas para Todo Tipo de Clima, Parte Trasera (Serie 3 G20, G21)",1,0,visible,,"Las alfombrillas personalizadas y duraderas para todo tipo de clima con bordes elevados y un diseño atractivo protegen el espote delantero de la humedad y la suciedad.",,,taxable,,1,6,,0,0,,,,,1,,,1776.18,"Accesorios para vehiculo, Accesorios para vehiculo > Tapetes",,,https://vecsaboutique.com/wp-content/uploads/2025/08/51472461169.avif,,,,,,51472461168,,,0,BMW,"Compatible con","Serie 3 G20\, G21",1,1,,,,,,,,,,,,,,,,,,,,,,,,,,,,,,,,,,,,,,sync-and-show,created,synced,1773889632,,approved,,,,,,,,,,,,,,,,,,,,,,,,,,,,,,
18867,simple,51472461168,,"Alfombrillas para Todo Tipo de Clima, Parte Delantera (Serie 3 G20, G21)",1,0,visible,,"Las alfombrillas personalizadas y duraderas para todo tipo de clima con bordes elevados y un diseño atractivo protegen el espote delantero de la humedad y la suciedad.",,,taxable,,1,2,,0,0,,,,,1,,,2450.80,"Accesorios para vehiculo, Accesorios para vehiculo > Tapetes",,,https://vecsaboutique.com/wp-content/uploads/2025/08/51472461168.avif,,,,,,51472461169,,,0,BMW,"Compatible con","Serie 3 G20\, G21",1,1,,,,,,,,,,,,,,,,,,,,,,,,,,,,,,,,,,,,,,sync-and-show,created,synced,1773889632,,approved,,,,,,,,,,,,,,,,,,,,,,,,,,,,,,
18868,simple,51475A1F0D2,,"Alfombrillas todo tiempo Traseras LHD (Serie 2 G42)",1,0,visible,,"Alfombrillas duraderas y personalizadas para todo tipo de clima con bordes elevados y un diseño atractivo protegen bien el pie delantero de la humedad y la suciedad.",,,taxable,,1,2,,0,0,,,,,1,,,1554.81,"Accesorios para vehiculo, Accesorios para vehiculo > Tapetes",,,https://vecsaboutique.com/wp-content/uploads/2025/08/51475A1F0D2.avif,,,,,,51472473238,,,0,BMW,"Compatible con","Serie 2 G42",1,1,,,,,,,,,,,,,,,,,,,,,,,,,,,,,,,,,,,,,,sync-and-show,created,synced,1773889632,,approved,,,,,,,0,,,,,,,,,,,,,,,,,,,,,,,
18869,simple,82712444244,,"Soporte de techo (X4 G02 F98)",1,0,visible,,"Este sistema cuenta con un mecanismo antirrobo y una base ajustable que permite instalar diversos accesorios como portaequipajes, portabicicletas o cajas de techo. Gracias a su diseño seguro y versátil, te brinda la seguridad que necesitas para transportar tus pertenencias con comodidad, confianza y máxima practicidad en cada viaje.",,,taxable,,1,2,,0,0,,,,,1,,,9468.93,"Accesorios para vehiculo, Accesorios para vehiculo > Portaequipaje",,,https://vecsaboutique.com/wp-content/uploads/2025/08/82712444244.avif,,,,,,82732406460,,,0,BMW,"Compatible con","X4 G02/F98",1,1,,,,,,,,,,,,,,,,,,,,,,,,,,,,,,,,,,,,,,sync-and-show,created,synced,1773889632,,approved,,,,,,,0,,,,,,,,,,,,,,,,,,,,,,,
18870,simple,51712240778,,"Rejilla decorativa M Performance Derecha (Serie 3 F30, F31)",1,0,visible,,"Rejilla de riñón atlética y única en calidad BMW robusta y de alta calidad.\nBeneficios de la parrilla de riñón negra BMW M Performance (derecha) de un vistazo:\n• Resaltado visual en la parte delantera del coche.\n• Enfatiza la naturaleza deportiva del coche.\n• Bordes negros de alto brillo.\n• Calidad BMW premium y duradera.\nNota especial para la ubicación de la instalación:\n\n¡La información para la ubicación de instalación ""izquierda"" o ""derecha"" siempre se refiere a la dirección de conducción!\nTenga en cuenta que cada rejilla del radiador debe pedirse por separado.",,,taxable,,1,2,,0,0,,,,,1,,,2272.39,"Accesorios para vehiculo, Accesorios para vehiculo > M Performance, Accesorios para vehiculo > M Performance > Rejilas de Facia",,,https://vecsaboutique.com/wp-content/uploads/2025/08/51712240778.avif,,,,,,51712240775,,,0,BMW,"Compatible con","Serie 3 F30\, F31",1,1,,,,,,,,,,,,,,,,,,,,,,,,,,,,,,,,,,,,,,sync-and-show,created,synced,1773889632,,approved,,,,,,,,,,,,,,,,,,,,,,,,,,,,,,
18871,simple,51712240775,,"Rejilla decorativa M Performance Izquierda (Serie 3 F30,F31)",1,0,visible,,"Rejilla de riñón atlética y única en calidad BMW robusta y de alta calidad.\nBeneficios de la parrilla de riñón negra BMW M Performance (izquierda) de un vistazo:\n• Resaltado visual en la parte delantera del coche.\n• Enfatiza la naturaleza deportiva del coche.\n• Bordes negros de alto brillo.\n• Calidad BMW premium y duradera.\nNota especial para la ubicación de la instalación:\n\n¡La información para la ubicación de instalación ""izquierda"" o ""derecha"" siempre se refiere a la dirección de conducción!\nTenga en cuenta que cada rejilla del radiador debe pedirse por separado.\nLa imagen es solo para fines ilustrativos, el producto real puede variar.",,,taxable,,1,2,,0,0,,,,,1,,,2272.39,"Accesorios para vehiculo, Accesorios para vehiculo > M Performance, Accesorios para vehiculo > M Performance > Rejilas de Facia",,,https://vecsaboutique.com/wp-content/uploads/2025/08/51712240775.avif,,,,,,51712240778,,,0,BMW,"Compatible con","Serie 3 F30\, F31",1,1,,,,,,,,,,,,,,,,,,,,,,,,,,,,,,,,,,,,,,sync-and-show,updated,synced,1773889632,,approved,,,,,,,,,,,,,,,,,,,,,,,,,,,,,,
18872,simple,51712430994,,"Rejilla decorativa negra M Performance Derecha (Serie 5 G30)",1,0,visible,,"Rejilla de riñón BMW robusta y de alta calidad.\nBeneficios de la parrilla de riñón negra BMW M Performance (derecha) de un vistazo:\n• Resaltado visual en la parte delantera del coche.\n• Enfatiza la naturaleza deportiva del coche.\n• Bordes negros de alto brillo.\n• Calidad BMW premium y duradera.\nNota especial para la ubicación de la instalación:",,,taxable,,1,1,,0,0,,,,,1,,,2054.84,"Accesorios para vehiculo, Accesorios para vehiculo > M Performance, Accesorios para vehiculo > M Performance > Rejilas de Facia",,,https://vecsaboutique.com/wp-content/uploads/2025/08/51712430994.avif,,,,,,51712430993,,,0,BMW,"Compatible con","Serie 5 G30",1,1,,,,,,,,,,,,,,,,,,,,,,,,,,,,,,,,,,,,,,sync-and-show,created,synced,1773889632,,approved,,,,,,,,,,,,,,,,,,,,,,,,,,,,,,
18873,simple,51712430993,,"Rejilla decorativa negra M Performance Izquierda (Serie 5 G30)",1,0,visible,,"Rejilla de riñón BMW robusta y de alta calidad.\nBeneficios de la parrilla de riñón negra BMW M Performance (izquierda) de un vistazo:\n• Resaltado visual en la parte delantera del coche.\n• Enfatiza la naturaleza deportiva del coche.\n• Bordes negros de alto brillo.\n• Calidad BMW premium y duradera.\nNota especial para la ubicación de la instalación:",,,taxable,,1,1,,0,0,,,,,1,,,2054.84,"Accesorios para vehiculo, Accesorios para vehiculo > M Performance, Accesorios para vehiculo > M Performance > Rejilas de Facia",,,https://vecsaboutique.com/wp-content/uploads/2025/08/51712430993.avif,,,,,,51712430994,,,0,BMW,"Compatible con","Serie 5 G30",1,1,,,,,,,,,,,,,,,,,,,,,,,,,,,,,,,,,,,,,,sync-and-show,created,synced,1773889632,,approved,,,,,,,,,,,,,,,,,,,,,,,,,,,,,,
18874,simple,51472303796,,"Caja Plegable Schwarz",1,0,visible,,"La caja plegable BMW negra con una capacidad de carga de hasta 20 kg es ideal para almacenar artículos más pequeños o para transportar compras. Se puede desplegar y plegar en unos pocos pasos simples usando cierres de velcro, es antideslizante gracias a los tachuelas de goma en la parte inferior y se puede guardar en el compartimento de equipaje para ahorrar espacio cuando no está en uso. Además, la caja plegable de alta calidad también es adecuada para su uso en pasatiempos, deportes o en el hogar.",,,taxable,,1,33,,0,0,,,,,1,,,1564.69,"Accesorios para vehiculo, Accesorios para vehiculo > Contenedores",,,https://vecsaboutique.com/wp-content/uploads/2025/08/51472303796.avif,,,,,,,,,0,BMW,"Compatible con","Todos los Modelos",1,1,,,,,,,,,,,,,,,,,,,,,,,,,,,,,,,,,,,,,,sync-and-show,created,synced,1773889632,,approved,,,,,,,,,,,,,,,,,,,,,,,,,,,,,,
18875,simple,51472354158,,"Alfombrillas Vivid-Green Delanteras (MINI F55/F56/F57)",1,0,visible,,"Alfombrillas para todo tipo de clima. VIVID GREEN es la línea de diseño con colores puros e intensos, joven y atrevido, pero sin innovar. La selección de colores se basa en las tendencias de moda internacionales.",,,taxable,,1,1,,0,0,,,,,1,,,2686.57,"Accesorios para vehiculo, Accesorios para vehiculo > Tapetes",,,https://vecsaboutique.com/wp-content/uploads/2025/08/51472354158.avif,,,,,,,,,0,MINI,"Compatible con","MINI F55 5 puertas (2014-2018)\, MINI F56 3 puertas (2021-2024)\, MINI F57 Convertible (2016-2024)",1,1,,,,,,,,,,,,,,,,,,,,,,,,,,,,,,,,,,,,,,sync-and-show,created,synced,1773889633,,approved,,,,,,,,,,,,,,,,,,,,,,,,,,,,,,
18876,simple,51472354164,,"Alfombrillas Essential-Black Traseras (MINI 3 Puertas F56)",1,0,visible,,"ESSENTIAL BLACK es la línea de diseño para los clientes sofisticados de MINI que aprecian la elegancia sencilla. Con este diseño, todo se reduce a lo esencial. Los materiales de alta calidad encarnan una esencia especial. El color negro continuo demuestra un estilo atemporal",,,taxable,,1,1,,0,0,,,,,1,,,1333.49,"Accesorios para vehiculo, Accesorios para vehiculo > Tapetes",,,https://vecsaboutique.com/wp-content/uploads/2025/08/51472354164.avif,,,,,,,,,0,MINI,"Compatible con","MINI 3 Puertas F56",1,1,,,,,,,,,,,,,,,,,,,,,,,,,,,,,,,,,,,,,,sync-and-show,created,synced,1773889633,,approved,,,,,,,,,,,,,,,,,,,,,,,,,,,,,,
18877,simple,51472447613,,"Alfombra para Maletero Essential-Black (MINI Countryman F60)",1,0,visible,,"Mantén el maletero limpio con este tapete, que ofrece resistencia y una superficie antideslizante. Sus bordes elevados protegen contra agua, polvo y suciedad, cuidando el interior con un toque elegante y funcional.",,,taxable,,1,1,,0,0,,,,,1,,,2314.32,"Accesorios para vehiculo, Accesorios para vehiculo > Tapetes",,,https://vecsaboutique.com/wp-content/uploads/2025/08/51472447613.avif,,,,,,51472447608,,,0,MINI,"Compatible con","MINI Countryman F60",1,1,,,,,,,,,,,,,,,,,,,,,,,,,,,,,,,,,,,,,,sync-and-show,created,synced,1773889633,,approved,,,,,,,,,,,,,,,,,,,,,,,,,,,,,,
18878,simple,51472450511,,"Alfombrillas para todo tipo de clima Delanteras LHD sw (X3 F97, G01)",1,0,visible,,"Alfombrillas duraderas para todo tipo de clima perfectamente ajustadas, con borde elevado y diseño elegante protegen la pared delantera de la humedad y la suciedad. Con su color negro y incrustaciones de acero inoxidable X3, encajan perfectamente en el interior.",,,taxable,,1,1,,0,0,,,,,1,,,2572.95,"Accesorios para vehiculo, Accesorios para vehiculo > Tapetes",,,https://vecsaboutique.com/wp-content/uploads/2025/08/51472450511.avif,,,,,,,,,0,BMW,"Compatible con","X3 F97\, G01",1,1,,,,,,,,,,,,,,,,,,,,,,,,,,,,,,,,,,,,,,sync-and-show,created,synced,1773889633,,approved,,,,,,,,,,,,,,,,,,,,,,,,,,,,,,
18879,simple,51472451589,,"Tapete de maletero antideslizante (X4 G02)",1,0,visible,,"Mantén el maletero limpio con este tapete, que ofrece resistencia y una superficie antideslizante. Sus bordes elevados protegen contra agua, polvo y suciedad, cuidando el interior con un toque elegante y funcional.",,,taxable,,1,3,,0,0,,,,,1,,,4410.77,"Accesorios para vehiculo, Accesorios para vehiculo > Tapetes",,,https://vecsaboutique.com/wp-content/uploads/2025/08/51472451589.avif,,,,,,51472451586,,,0,BMW,"Compatible con","X4 G02",1,1,,,,,,,,,,,,,,,,,,,,,,,,,,,,,,,,,,,,,,sync-and-show,created,synced,1773889633,,approved,,,,,,,,,,,,,,,,,,,,,,,,,,,,,,
18880,simple,51472457268,,"Juego Alfombrillas M Performance (X5 F95, G05)",1,0,visible,,"Aspecto de alta calidad y agarre excelente: las alfombrillas M Performance le dan al vehículo un toque deportivo e individual incluso en el área de los pies. Con el logotipo M y la inscripción M Performance, estas alfombrillas presentan un borde con apariencia de cuero con una costura decorativa en colores contrastantes y una cinta cosida en los colores M, completando así un aspecto de alta calidad.",,,taxable,,1,3,,0,0,,,,,1,,,7373.02,"Accesorios para vehiculo, Accesorios para vehiculo > M Performance, Accesorios para vehiculo > Tapetes",,,https://vecsaboutique.com/wp-content/uploads/2025/08/51472457268.avif,,,,,,,,,0,BMW,"Compatible con","X5 F95\, G05",1,1,,,,,,,,,,,,,,,,,,,,,,,,,,,,,,,,,,,,,,sync-and-show,created,synced,1773889633,,approved,,,,,,,,,,,,,,,,,,,,,,,,,,,,,,
18881,simple,51472468486,,"Juego Alfombrillas M Performance LHD (Serie 1, Serie2)",1,0,visible,,"Las alfombrillas M Performance complementan el aspecto deportivo del BMW, especialmente en vehículos con productos M Performance existentes. Juego de 4 tapetes.",,,taxable,,1,1,,0,0,,,,,1,,,5600.26,"Accesorios para vehiculo, Accesorios para vehiculo > M Performance, Accesorios para vehiculo > Tapetes",,,https://vecsaboutique.com/wp-content/uploads/2025/08/51472468486.avif,,,,,,,,,0,BMW,"Compatible con","M135\, 118i\, 128ti\, 228i\,M235i",1,1,,,,,,,,,,,,,,,,,,,,,,,,,,,,,,,,,,,,,,sync-and-show,created,synced,1773889633,,approved,,,,,,,,,,,,,,,,,,,,,,,,,,,,,,
18882,simple,51472473238,,"Alfombrillas todo tiempo Delanteras LHD (Serie 2 G42)",1,0,visible,,"Alfombrillas duraderas y personalizadas para todo tipo de clima con bordes elevados y un diseño atractivo protegen bien el pie delantero de la humedad y la suciedad. 2 alfombrillas delanteras.",,,taxable,,1,2,,0,0,,,,,1,,,2450.80,"Accesorios para vehiculo, Accesorios para vehiculo > Tapetes",,,https://vecsaboutique.com/wp-content/uploads/2025/08/51472473238.avif,,,,,,51475A1F0D2,,,0,BMW,"Compatible con","Serie 2 G42",1,1,,,,,,,,,,,,,,,,,,,,,,,,,,,,,,,,,,,,,,sync-and-show,created,synced,1773889633,,approved,,,,,,,,,,,,,,,,,,,,,,,,,,,,,,
18883,simple,51479410838,,"Red de piso para cajuela",1,0,visible,,"La red del compartimento de equipaje se utiliza para asegurar artículos de equipaje en el piso del compartimento de equipaje.",,,taxable,,1,2,,0,0,,,,,1,,,1805.13,"Accesorios para vehiculo, Accesorios para vehiculo > Redes p/cajuela",,,https://vecsaboutique.com/wp-content/uploads/2025/08/51479410838.avif,,,,,,,,,0,BMW,"Compatible con","Todos los Modelos",1,1,,,,,,,,,,,,,,,,,,,,,,,,,,,,,,,,,,,,,,sync-and-show,created,synced,1773889633,,approved,,,,,,,,,,,,,,,,,,,,,,,,,,,,,,
18884,simple,51628083993,,"Spoiler Trasero Fibra de Carbono (X4 G02/F98)",1,0,visible,,"Precisión y funcionalidad hasta el más mínimo detalle, esta exclusiva pieza aerodinámica se adapta al diseño del BMW X4 para mejorar aún más el potencial de este excepcional atleta.",,,taxable,,1,1,,0,0,,,,,1,,,24545.85,"Accesorios para vehiculo, Accesorios para vehiculo > Molduras",,,https://vecsaboutique.com/wp-content/uploads/2025/08/51628083993.avif,,,,,,82712444244,,,0,BMW,"Compatible con","X4 G02/F98",1,1,,,,,,,,,,,,,,,,,,,,,,,,,,,,,,,,,,,,,,sync-and-show,created,synced,1773889633,,approved,,,,,,,,,,,,,,,,,,,,,,,,,,,,,,
18885,simple,51712336815,,"Rejilla decorativa M Performance Izquierda (Serie 2 F23 F22)",1,0,visible,,"Rejilla de riñón atlética y única en calidad BMW robusta y de alta calidad.\nBeneficios de la parrilla de riñón negra BMW M Performance (izquierda) de un vistazo:\n• Resaltado visual en la parte delantera del coche.\n• Enfatiza la naturaleza deportiva del coche.\n• Bordes negros de alto brillo.\n• Calidad BMW premium y duradera.\nNota especial para la ubicación de la instalación:\n\n¡La información para la ubicación de instalación ""izquierda"" o ""derecha"" siempre se refiere a la dirección de conducción!\nTenga en cuenta que cada rejilla del radiador debe pedirse por separado.\nLa imagen es solo para fines ilustrativos, el producto real puede variar.",,,taxable,,1,1,,0,0,,,,,1,,,2201.88,"Accesorios para vehiculo, Accesorios para vehiculo > M Performance, Accesorios para vehiculo > M Performance > Rejilas de Facia",,,https://vecsaboutique.com/wp-content/uploads/2025/08/51712336815.avif,,,,,,,,,0,BMW,"Compatible con","Serie 2 F23 F22 (2014- 2017)",1,1,,,,,,,,,,,,,,,,,,,,,,,,,,,,,,,,,,,,,,sync-and-show,created,synced,1773889633,,approved,,,,,,,,,,,,,,,,,,,,,,,,,,,,,,
18886,simple,51719627307,,"Parrilla de riñón de fibra de carbono M Performance (Serie 2 G42)",1,0,visible,,"Los componentes exteriores de M Performance están hechos de carbono de alta calidad y subrayan la apariencia deportiva y el aspecto llamativo del automóvil.",,,taxable,,1,2,,0,0,,,,,1,,,11117.44,"Accesorios para vehiculo, Accesorios para vehiculo > M Performance, Accesorios para vehiculo > Molduras",,,https://vecsaboutique.com/wp-content/uploads/2025/08/51719627307.avif,,,,,,,,,0,BMW,"Compatible con","Serie 2 G42",1,1,,,,,,,,,,,,,,,,,,,,,,,,,,,,,,,,,,,,,,sync-and-show,created,synced,1773889633,,approved,,,,,,,,,,,,,,,,,,,,,,,,,,,,,,
18887,simple,51952449252,,"Mesa pleglable BMW T&C System",1,0,visible,,"La mesa plegable se pliega gracias a su diseño modular. Se acopla fácilmente a la base del sistema T&amp;C y es ajustable en altura e inclinación. También incluye un portavasos.",,,taxable,,1,11,,0,0,,,,,1,,,4022.77,"Accesorios para vehiculo, Accesorios para vehiculo > Travel & Confort System > Mesas plegables, Accesorios para vehiculo > Travel & Confort System",,,https://vecsaboutique.com/wp-content/uploads/2025/08/51952449252.avif,,,,,,51952183852,,,0,BMW,"Compatible con","Todos los Modelos",1,1,,,,,,,,,,,,,,,,,,,,,,,,,,,,,,,,,,,,,,sync-and-show,created,synced,1773198513,,approved,,,,,,,,,,,,,,,,,,,,,,,,,,,,,,
18888,simple,51952354929,,"Percha MINI T&C System",1,0,visible,,"La percha funcional permite transportar prendas sin arrugas y, gracias a su percha extraíble (función de hotel), también se puede usar fuera del vehículo.",,,taxable,,1,11,,0,0,,,,,1,,,2187.49,"Accesorios para vehiculo, Accesorios para vehiculo > Travel & Confort System > Ganchos, Accesorios para vehiculo > Travel & Confort System",,,https://vecsaboutique.com/wp-content/uploads/2025/08/51952354929.avif,,,,,,51952354323,,,0,MINI,"Compatible con","Todos los Modelos",1,1,,,,,,,,,,,,,,,,,,,,,,,,,,,,,,,,,,,,,,sync-and-show,created,synced,1773198513,,approved,,,,,,,,,,,,,,,,,,,,,,,,,,,,,,
18889,simple,51952354323,,"Soporte básico MINI T&C System",1,0,visible,,"El sistema modular se basa en un soporte que se fija fácilmente entre las barras del reposacabezas. Opcionalmente, puede equiparse con un gancho universal, una percha, un soporte para tabletas, una mesa plegable o soportes para cámaras de acción. El sistema ofrece a cada cliente de MINI aún más opciones de comodidad para viajar.",,,taxable,,1,14,,0,0,,,,,1,,,892.27,"Accesorios para vehiculo, Accesorios para vehiculo > Travel & Confort System > Soportes, Accesorios para vehiculo > Travel & Confort System",,,"https://vecsaboutique.com/wp-content/uploads/2025/08/51952354323_4.avif, https://vecsaboutique.com/wp-content/uploads/2025/08/77338559548_2.avif",,,,,,51952354929,,,0,MINI,"Compatible con","Todos los Modelos",1,1,,,,,,,,,,,,,,,,,,,,,,,,,,,,,,,,,,,,,,sync-and-show,created,synced,1773198513,,approved,,,,,,,,,,,,,,,,,,,,,,,,,,,,,,
18890,simple,51952183852,,"Soporte básico BMW T&C System",1,0,visible,,"El sistema modular se basa en un soporte que se fija fácilmente entre las barras del reposacabezas. Opcionalmente, puede equiparse con un gancho universal, una percha, un soporte para tabletas, una mesa plegable o soportes para cámaras de acción. El sistema ofrece a cada cliente de BMW aún más opciones de comodidad para viajar.",,,taxable,,1,14,,0,0,,,,,1,,,846.81,"Accesorios para vehiculo, Accesorios para vehiculo > Travel & Confort System > Soportes, Accesorios para vehiculo > Travel & Confort System",,,https://vecsaboutique.com/wp-content/uploads/2025/08/51952183852.avif,,,,,,51952449252,,,0,BMW,"Compatible con","Todos los Modelos",1,1,,,,,,,,,,,,,,,,,,,,,,,,,,,,,,,,,,,,,,sync-and-show,created,synced,1773198513,,approved,,,,,,,,,,,,,,,,,,,,,,,,,,,,,,
18891,simple,51952408224,,"Soporte para tableta BMW T&C System",1,0,visible,,"Se conecta a los reposacabezas del asiento delantero, dando a los pasajeros del asiento trasero una experiencia de visualización cómoda.",,,taxable,,1,5,,0,0,,,,,1,,,5173.80,"Accesorios para vehiculo, Accesorios para vehiculo > Travel & Confort System > Soportes, Accesorios para vehiculo > Travel & Confort System",,,https://vecsaboutique.com/wp-content/uploads/2025/08/51952408224.avif,,,,,,51952183852,,,0,BMW,"Compatible con","Todos los Modelos",1,1,,,,,,,,,,,,,,,,,,,,,,,,,,,,,,,,,,,,,,sync-and-show,created,synced,1773198513,,approved,,,,,,,,,,,,,,,,,,,,,,,,,,,,,,
18892,simple,51952449253,,"Gancho universal BMW Travel & Confort System",1,0,visible,,"Ofrece un lugar conveniente para colgar bolsas de compras ligeras, perchas de traje y más. El sistema Travel &amp; Comfort se conecta fácilmente a las barras del reposacabezas. La percha y el gancho universal requieren el soporte de la base para la instalación.",,,taxable,,1,2,,0,0,,,,,1,,,1102.69,"Accesorios para vehiculo, Accesorios para vehiculo > Travel & Confort System > Soportes, Accesorios para vehiculo > Travel & Confort System",,,https://vecsaboutique.com/wp-content/uploads/2025/08/51952449253.avif,,,,,,51952183852,,,0,BMW,"Compatible con","Todos los Modelos",1,1,,,,,,,,,,,,,,,,,,,,,,,,,,,,,,,,,,,,,,sync-and-show,created,synced,1773198513,,approved,,,,,,,,,,,,,,,,,,,,,,,,,,,,,,
18893,simple,51952466891,,"Molduras interiores Carbon/Alcantara M Performance (Serie 3 G20, M3 G80)",1,0,visible,,"BMW original Molduras interiores Carbon/Alcántara M Performance\nEl número de pieza ha sido sustituido por 51955A271A3",,,taxable,,1,1,,0,0,,,,,1,,,23146.30,"Accesorios para vehiculo, Accesorios para vehiculo > M Performance, Accesorios para vehiculo > Molduras",,,https://vecsaboutique.com/wp-content/uploads/2025/08/51952466891.avif,,,,,,,,,0,BMW,"Compatible con","Serie 3 G20\, M3 G80",1,1,,,,,,,,,,,,,,,,,,,,,,,,,,,,,,,,,,,,,,sync-and-show,created,synced,1773198513,,approved,,,,,,,,,,,,,,,,,,,,,,,,,,,,,,
18894,simple,52538562135,,"Banco de Asiento Bajo Motorrad (G310 GS/R)",1,0,visible,,"Muchos conductores se sienten más seguros gracias a la altura reducida del asiento, ya que pueden maniobrar y controlar su máquina más fácilmente. La ergonomía del asiento bajo está diseñada para salidas largas. El material de superficie de alta calidad en negro corresponde a la versión de serie.",,,taxable,,1,1,,0,0,,,,,1,,,7528.20,"Accesorios para vehiculo, Accesorios para vehiculo > Asientos",,,https://vecsaboutique.com/wp-content/uploads/2025/08/52538562135.avif,,,,,,,,,0,MOTORRAD,"Compatible con","G310 GS/R",1,1,,,,,,,,,,,,,,,,,,,,,,,,,,,,,,,,,,,,,,sync-and-show,created,synced,1773198513,,approved,,,,,,,,,,,,,,,,,,,,,,,,,,,,,,
18895,simple,61128404348,,"Mazo cables para faro adicional (F750 GS/F850 GS/ADV)",1,0,visible,,"Activa tu faro adicional con precisión y confianza. Los cables para los faros adicionales garantizan una conexión eléctrica ordenada y eficiente, transmitiendo la señal constante para que mantengas una mejor visibilidad mejorando significativamente la seguridad en la carretera o la vía manteniendo el estilo original de tu motocicleta.",,,taxable,,1,1,,0,0,,,,,1,,,1111.50,"Accesorios para vehiculo, Accesorios para vehiculo > Luces Delanteras",,,https://vecsaboutique.com/wp-content/uploads/2025/08/61128404348.avif,,,,,,,,,0,MOTORRAD,"Compatible con","F750 GS/F850 GS/ADV",1,1,,,,,,,,,,,,,,,,,,,,,,,,,,,,,,,,,,,,,,sync-and-show,created,synced,1773198513,,approved,,,,,,,,,,,,,,,,,,,,,,,,,,,,,,
18896,simple,61432408594,,"Cargador de Baterías BMW",1,0,visible,,"Mantenga su batería cargada y lista para la acción con este cargador de batería original de BMW. Este cargador de batería tiene un algoritmo de carga para AGM de 12 voltios, baterías de plomo-ácido y las nuevas baterías de iones de litio para BMW M.",,,taxable,,1,8,,0,0,,,,,1,,,3953.74,"Accesorios para vehiculo, Accesorios para vehiculo > Cargadores, Accesorios para vehiculo > Cargadores de Batería",,,https://vecsaboutique.com/wp-content/uploads/2025/08/61432408594.avif,,,,,,,,,0,BMW,,,,,,,,,,,,,,,,,,,,,,,,,,,,,,,,,,,,,,,,,,sync-and-show,created,synced,1773198513,,approved,,,,,,,,,,,,,,,,,,,,,,,,,,,,,,
18897,simple,63138522499,,"Luz intermitente LED",1,0,visible,,"Quieres darle a tu motocicleta BMW un aspecto moderno y dinámico? ¡Nuestra nueva señal de giro LED original es la solución perfecta! Hechos de materiales de alta calidad, garantizan no solo un diseño atractivo, sino también una excelente durabilidad y fiabilidad.",,,taxable,,1,2,,0,0,,,,,1,,,1647.55,"Accesorios para vehiculo, Accesorios para vehiculo > Luces Traseras",,,https://vecsaboutique.com/wp-content/uploads/2025/08/63138522499-1.avif,,,,,,,,,0,MOTORRAD,"Compatible con","Varios Modelos",1,1,,,,,,,,,,,,,,,,,,,,,,,,,,,,,,,,,,,,,,sync-and-show,created,synced,1773198513,,approved,,,,,,,,,,,,,,,,,,,,,,,,,,,,,,
18898,simple,63179457322,,"Faro adicional luz carretera LED ""Nano"" (F750 GS, F850 GS, F900 R, R 1250 GS)",1,0,visible,,,,,taxable,,1,1,,0,0,,,,,1,,,4347.40,"Accesorios para vehiculo, Accesorios para vehiculo > Luces Delanteras",,,https://vecsaboutique.com/wp-content/uploads/2025/08/63138522499.avif,,,,,,,,,0,MOTORRAD,"Compatible con","F750 GS\, F850 GS\, F900 R\, R1250 GS",1,1,,,,,,,,,,,,,,,,,,,,,,,,,,,,,,,,,,,,,,sync-and-show,created,has-errors,1755632655,,,,,,,,,,,,,,,,,,,,,,,,,,,,,,,,
18899,simple,63237108504,,"Intermitentes multifuncionales (M1000 RR/R/XR, S1000, F900 GS)",1,0,visible,,"Vendido Individualmente. LED Producto original BMW Motorrad. Ajuste perfecto. Lado derecho o izquierdo",,,taxable,,1,1,,0,0,,,,,1,,,2921.53,"Accesorios para vehiculo, Accesorios para vehiculo > Luces Traseras",,,https://vecsaboutique.com/wp-content/uploads/2025/08/63237108504.avif,,,,,,,,,0,MOTORRAD,"Compatible con","M1000 RR/R/XR\, S1000\, F900 GS",1,1,,,,,,,,,,,,,,,,,,,,,,,,,,,,,,,,,,,,,,sync-and-show,created,synced,1773198513,,approved,,,,,,,,,,,,,,,,,,,,,,,,,,,,,,
18900,simple,63312410071,,"Linterna recargable LED",1,0,visible,,"BMW original - acero inoxidable - recargable 1000 veces, 2 horas de período luminoso",,,taxable,,1,2,,0,0,,,,,1,,,905.22,"Accesorios para vehiculo, Accesorios para vehiculo > Linternas y Proyectores > Linterna LED, Accesorios para vehiculo > Linternas y Proyectores",,,https://vecsaboutique.com/wp-content/uploads/2025/08/63312410071.avif,,,,,,,,,0,BMW,"Compatible con","Todos los Modelos",1,1,,,,,,,,,,,,,,,,,,,,,,,,,,,,,,,,,,,,,,sync-and-show,created,synced,1773198513,,approved,,,,,,,,,,,,,,,,,,,,,,,,,,,,,,
18901,simple,63312468386,,"BMW proyectores LED de puerta 68mm",1,0,visible,,"Reemplazo directo de las luces de puerta existentes. Los proyectores de puerta LED de BMW hacen que entrar y salir de su vehículo sea una experiencia única. Los proyectores de puerta LED de BMW hacen que entrar en su vehículo sea una experiencia por sí misma, a través de una imagen proyectada que se muestra en el suelo debajo de las puertas delanteras. Para una personalización aún mayor, la imagen es intercambiable insertando diferentes diapositivas en el proyector. La imagen se proyecta automáticamente cuando se abren las puertas",,,taxable,,1,1,,0,0,,,,,1,,,3375.92,"Accesorios para vehiculo, Accesorios para vehiculo > Linternas y Proyectores, Accesorios para vehiculo > Linternas y Proyectores > Proyectores LED",,,"https://vecsaboutique.com/wp-content/uploads/2025/08/63312468386_c.avif, https://vecsaboutique.com/wp-content/uploads/2025/08/63312468386_a.avif, https://vecsaboutique.com/wp-content/uploads/2025/08/63312468386_b.avif",,,,,,,,,0,BMW,,,,,,,,,,,,,,,,,,,,,,,,,,,,,,,,,,,,,,,,,,sync-and-show,created,synced,1773198513,,approved,,,,,,,,,,,,,,,,,,,,,,,,,,,,,,
18902,simple,65412458286,,"Cargador USB dual original BMW para encendedor de cigarrillos tipo A y C 12v",1,0,visible,,"El adaptador de carga USB dual simplemente se inserta en el encendedor de cigarrillos. Esto permite que dos dispositivos móviles externos se carguen fácil y convenientemente al mismo tiempo.Se adapta a todos los cables de carga USB con puertos tipo A y C",,,taxable,,1,3,,0,0,,,,,1,,,1079.94,"Accesorios para vehiculo, Accesorios para vehiculo > Cargadores, Accesorios para vehiculo > Cargadores USB",,,https://vecsaboutique.com/wp-content/uploads/2025/08/65412458286.avif,,,,,,,,,0,BMW,"Compatible con","Todos los Modelos",1,1,,,,,,,,,,,,,,,,,,,,,,,,,,,,,,,,,,,,,,sync-and-show,created,synced,1773198513,,approved,,,,,,,,,,,,,,,,,,,,,,,,,,,,,,
18903,simple,65908405300,,"Soporte Gps Navegador BMW (F750GS, F850GS/GSA, F900R, F800GS)",1,0,visible,,"El soporte integra limpiamente el BMW Navigator y, por lo tanto, en el campo de visión directo del conductor. El sistema de navegación está protegido contra robos, el manejo se realiza cómodamente a través del multicontrolador en el manillar. El material de montaje debe pedirse por separado.",,,taxable,,1,2,,0,0,,,,,1,,,5300.99,"Accesorios para vehiculo, Accesorios para vehiculo > Navegadores",,,https://vecsaboutique.com/wp-content/uploads/2025/08/65908405300.avif,,,,,,,,,0,MOTORRAD,"Compatible con","F750GS\, F850GS/GSA\, F900R\, F800GS",1,1,,,,,,,,,,,,,,,,,,,,,,,,,,,,,,,,,,,,,,sync-and-show,created,synced,1773284763,,approved,,,,,,,,,,,,,,,,,,,,,,,,,,,,,,
18904,simple,71102333675,,"Kit de reparación de neumáticos MINI Mobility Set",1,0,visible,,"El kit de reparación le permitirá vulcanizar su MINI en caso de un pinchazo en el neumático. El kit de reparación debe usarse inmediatamente después de que se note el daño. El estado del neumático con una conducción prolongada sin presión puede deteriorarse tanto que el compresor no podrá recargarlo y será imposible repararlo.",,,taxable,,1,1,,0,0,,,,,1,,,3565.23,"Accesorios para vehiculo, Llantas y rines > Bombas de Aire, Llantas y rines",,,https://vecsaboutique.com/wp-content/uploads/2025/08/71102333675.avif,,,,,,,,,0,MINI,"Compatible con","Todos los Modelos",1,1,,,,,,,,,,,,,,,,,,,,,,,,,,,,,,,,,,,,,,sync-and-show,created,synced,1773284763,,approved,,,,,,,,,,,,,,,,,,,,,,,,,,,,,,
18905,simple,71602414858,,"kit de Herramienta multifuncional",1,0,visible,,"La herramienta multifuncional de BMW Motorrad tiene todo bajo control, con no menos de 40 herramientas útiles para la carretera y en el hogar. Desde la hoja de bloqueo, el destornillador y los alicates hasta el trinquete reversible con una extensión de broca y 9 puntas de destornillador.",,,taxable,,1,2,,0,0,,,,,1,,,4503.74,"Accesorios para vehiculo, Accesorios para vehiculo > Herramienta",,,https://vecsaboutique.com/wp-content/uploads/2025/08/71602414858.avif,,,,,,,,,0,MOTORRAD,"Compatible con","Todos los Modelos",1,1,,,,,,,,,,,,,,,,,,,,,,,,,,,,,,,,,,,,,,sync-and-show,created,synced,1773284763,,approved,,,,,,,,,,,,,,,,,,,,,,,,,,,,,,
18906,simple,71607670828,,"Maleta lateral Derecha Vario (R1200 GS)",1,0,visible,,"Su caja variable, derecha, sin cilindro de bloqueo se ajustará perfectamente a su motocicleta BMW-Motorrad R 1200 GS",,,taxable,,1,1,,0,0,,,,,1,,,8411.11,"Accesorios para vehiculo, Accesorios para vehiculo > Maletas y Alforjas",,,https://vecsaboutique.com/wp-content/uploads/2025/08/71607670828.avif,,,,,,,,,0,MOTORRAD,"Compatible con","R1200 GS",1,1,,,,,,,,,,,,,,,,,,,,,,,,,,,,,,,,,,,,,,sync-and-show,created,synced,1773284763,,approved,,,,,,,,,,,,,,,,,,,,,,,,,,,,,,
18907,simple,71607682224,,"Protector de Mano Lado Izquierdo (F650 GS)",1,0,visible,,,,,taxable,,1,1,,0,0,,,,,1,,,779.53,"Accesorios para vehiculo, Accesorios para vehiculo > Guardamanos",,,https://vecsaboutique.com/wp-content/uploads/2025/08/71607682224.avif,,,,,,,,,0,MOTORRAD,"Compatible con","F650 GS",1,1,,,,,,,,,,,,,,,,,,,,,,,,,,,,,,,,,,,,,,sync-and-show,created,has-errors,1755630078,,,,,,,,,,,,,,,,,,,,,,,,,,,,,,,,
18908,simple,71607688877,,"Juego de Respaldo para Top Case Vario (R1200 GS)",1,0,visible,,"La Almohadilla de respaldo para Top Case de 40 Lts, proporciona mayor comodidad para el pasajero.",,,taxable,,1,1,,0,0,,,,,1,,,2330.27,"Accesorios para vehiculo, Accesorios para vehiculo > Asientos",,,https://vecsaboutique.com/wp-content/uploads/2025/08/71607688877.avif,,,,,,,,,0,MOTORRAD,"Compatible con","R1200 GS",1,1,,,,,,,,,,,,,,,,,,,,,,,,,,,,,,,,,,,,,,sync-and-show,created,synced,1773284763,,approved,,,,,,,,,,,,,,,,,,,,,,,,,,,,,,
18909,simple,71607691391,,"Mochila de Tanque de combustible",1,0,visible,,"Bolsa de depósito funcional Parte superior lavable con revestimiento de teflón. Suelo de plástico PE con revestimiento de silicona antideslizante. Asa de transporte en la parte delantera de la bolsa.\nEl kit de fijación de la bolsa del tanque debe pedirse por separado. En combinación con el juego de fijación de la bolsa de depósito (71607694120) para comprar.",,,taxable,,1,1,,0,0,,,,,1,,,4981.56,"Accesorios para vehiculo, Accesorios para vehiculo > Maletas y Alforjas",,,https://vecsaboutique.com/wp-content/uploads/2025/08/71607691391.avif,,,,,,,,,0,MOTORRAD,"Compatible con","Todos los Modelos",1,1,,,,,,,,,,,,,,,,,,,,,,,,,,,,,,,,,,,,,,sync-and-show,created,synced,1773284763,,approved,,,,,,,,,,,,,,,,,,,,,,,,,,,,,,
18910,simple,71607715824,,"Juego de Bomba de Aire de Pie MOTORRAD",1,0,visible,,"La bomba de pie en miniatura de BMW Motorrad con un manómetro digital hecha de aluminio de alta calidad tiene solo 17 cm de largo cuando está plegada. Los neumáticos para bicicletas, scooters, vehículos todo terreno, automóviles y motocicletas se pueden inflar fácilmente con la minibomba de pie de BMW Motorrad.",,,taxable,,1,8,,0,0,,,,,1,,,1552.11,"Accesorios para vehiculo, Llantas y rines > Bombas de Aire, Llantas y rines",,,https://vecsaboutique.com/wp-content/uploads/2025/08/71607715824.avif,,,,,,,,,0,MOTORRAD,"Compatible con","Todos los Modelos",1,1,,,,,,,,,,,,,,,,,,,,,,,,,,,,,,,,,,,,,,sync-and-show,created,synced,1773284763,,approved,,,,,,,,,,,,,,,,,,,,,,,,,,,,,,
18911,simple,77028527017,,"Cubierta Protectora para Moto",1,0,visible,,"La cubierta para uso en exteriores protege de forma fiable el vehículo contra la humedad, la suciedad y otras influencias ambientales. La cubierta de nailon de alta calidad es impermeable; cuenta con aberturas de ventilación y una ventana de visualización para la placa de matrícula. Los cordones y dos ojales metálicos garantizan una fijación segura a la motocicleta.",,,taxable,,0,0,,0,0,,,,,1,,,2975.85,"Accesorios para vehiculo, Accesorios para vehiculo > Fundas para Moto",,,https://vecsaboutique.com/wp-content/uploads/2025/08/77028527017.avif,,,,,,,,,0,MOTORRAD,"Compatible con","Todos los Modelos",1,1,,,,,,,,,,,,,,,,,,,,,,,,,,,,,,,,,,,,,,sync-and-show,updated,,,,,,,,,,,,default,,,,,,,,,,,,,,,,,,,,,,
18912,simple,77147109278,,"Kit Protección De Tapa De Culata (R1300 GS)",1,0,visible,,"Los protectores de tapa de culata se adaptan perfectamente a su motocicleta BMW R1300GS y le permiten proteger eficazmente su tapa de balancines.",,,taxable,,1,1,,0,0,,,,,1,,,9181.08,"Accesorios para vehiculo, Accesorios para vehiculo > Protectores de Motor",,,https://vecsaboutique.com/wp-content/uploads/2025/08/77147109278.avif,,,,,,,,,0,MOTORRAD,"Compatible con","R1300 GS",1,1,,,,,,,,,,,,,,,,,,,,,,,,,,,,,,,,,,,,,,sync-and-show,created,synced,1773543629,,approved,,,,,,,,,,,,,,,,,,,,,,,,,,,,,,
18913,simple,77317914848,,"Panel Revestimiento de faro (R12 NineT)",1,0,visible,,"Este panel revestimiento de faro original de BMW Motorrad le permite personalizar su motocicleta BMW R12 NineT. Atención, este producto se vende solo sin fijaciones; por favor considere nuestro paquete completo.",,,taxable,,1,1,,0,0,,,,,1,,,13770.45,"Accesorios para vehiculo, Accesorios para vehiculo > Protectores de Faro",,,https://vecsaboutique.com/wp-content/uploads/2025/08/77317914848.avif,,,,,,,,,0,MOTORRAD,"Compatible con","R12 NineT",1,1,,,,,,,,,,,,,,,,,,,,,,,,,,,,,,,,,,,,,,sync-and-show,created,synced,1773543629,,approved,,,,,,,,,,,,,,,,,,,,,,,,,,,,,,
18914,simple,77328553967,,"Juego de protección de manos genuino BMW Motorrad (S1000 XR)",1,0,visible,,"Juego de protectores de manos para BMW S 1000 XR Una forma muy eficaz de proteger tus manos de las piedras y el aire frío. Protege tus manos y los elementos de manejo del viento y la intemperie, así como de arbustos, ramas y piedras al conducir fuera de carretera. La instalación es muy sencilla y se realiza en minutos.",,,taxable,,1,1,,0,0,,,,,1,,,3905.47,"Accesorios para vehiculo, Accesorios para vehiculo > Guardamanos",,,https://vecsaboutique.com/wp-content/uploads/2025/08/77328553967.avif,,,,,,,,,0,MOTORRAD,"Compatible con","S1000 XR",1,1,,,,,,,,,,,,,,,,,,,,,,,,,,,,,,,,,,,,,,sync-and-show,created,synced,1773543629,,approved,,,,,,,,,,,,,,,,,,,,,,,,,,,,,,
18915,simple,77337108624,,"Parabrisas Tintado Alto Bmw (R1300 GS)",1,0,visible,,"El parabrisas tintado subraya el aspecto deportivo de la máquina. Combina una excelente aerodinámica con una buena protección contra el viento y el clima. El revestimiento resistente a los arañazos en ambos lados aumenta la durabilidad. Las letras ""ACC"" completan la apariencia individual. Parabrisas tintado para un aspecto individual y deportivo. Recubierto resistente a los arañazos en ambos lados. Excelente aerodinámica. Buena protección contra el viento y el clima. Dimensiones: aprox. 330 mm x 320 mm. Atención: solo para vehículos con equipamiento opcional Riding Assistant (ACC)",,,taxable,,1,1,,0,0,,,,,1,,,6278.33,"Accesorios para vehiculo, Accesorios para vehiculo > Parabrisas",,,https://vecsaboutique.com/wp-content/uploads/2025/08/77337108624.avif,,,,,,,,,0,MOTORRAD,"Compatible con","R1300 GS",1,1,,,,,,,,,,,,,,,,,,,,,,,,,,,,,,,,,,,,,,sync-and-show,created,synced,1773543629,,approved,,,,,,,,,,,,,,,,,,,,,,,,,,,,,24401523979499643,
18916,simple,77338829218,,"Parabrisas Alto Tintado (R1300 GSA)",1,0,visible,,"Este parabrisas BMW de alto tinte le permite personalizar fácilmente su BMW R1300GS Adventure mientras mejora su comodidad de conducción. Este parabrisas está tintado, sus dimensiones son: (L×W) aprox. 482×437 mm.\nLa elección de un parabrisas se puede hacer de acuerdo con diferentes criterios, ya sea el tipo de conducción que más le convenga o su altura. Por ejemplo, un parabrisas alto de BMW ayudará a reducir el impacto del viento de manera más efectiva, haciéndolo más adecuado para turismo y viajes de larga distancia. Un parabrisas más corto podría ser adecuado para un estilo más deportivo o de enduro. Por lo tanto, elegir la altura correcta de la pantalla es crucial para su comodidad de conducción, ya que afectará tanto la cantidad de viento que enfrenta como la calidad de visibilidad. * Sujetadores no incluidos.",,,taxable,,1,1,,0,0,,,,,1,,,8308.27,"Accesorios para vehiculo > Parabrisas",,,https://vecsaboutique.com/wp-content/uploads/2025/08/77338829218.avif,,,,,,,,,0,MOTORRAD,"Compatible con","R1300 GSA",1,1,,,,,,,,,,,,,,,,,,,,,,,,,,,,,,,,,,,,,,sync-and-show,updated,synced,1772938862,,approved,yes,yes,,,,,,,,,,,,,product,,,,,,,,,,,,,,24331408609835285,
18917,simple,77417105500,,"Maleta Aluminio Negra Derecha (R1300 GSA)",1,0,visible,,"Esta robusta caja lateral de aluminio ofrece más de 37 litros de espacio de almacenamiento. Con su aspecto anodizado negro, mejora enormemente el aspecto de su BMW, además de las ventajas de espacio. Caja única para el lado derecho. Instalación fácil y rápida. Se puede adaptar a la motocicleta (cilindro de bloqueo no incluido en el alcance de la entrega). Ganchos en las tapas de la caja para un fácil manejo. Capacidad de almacenamiento de la caja 37 litros. Se adapta al BMW R1300GS Adventure, entre otros.",,,taxable,,1,1,,0,0,,,,,1,,,15183.65,"Accesorios para vehiculo, Accesorios para vehiculo > Maletas y Alforjas",,,https://vecsaboutique.com/wp-content/uploads/2025/08/77417105500.avif,,,,,,77417105499,,,0,MOTORRAD,"Compatible con","R1300 GSA",1,1,,,,,,,,,,,,,,,,,,,,,,,,,,,,,,,,,,,,,,sync-and-show,created,synced,1773543629,,approved,,,,,,,,,,,,,,,,,,,,,,,,,,,,,,
18918,simple,77417105499,,"Maleta Aluminio Negra Izquierda (R1300 GSA)",1,0,visible,,"Esta robusta caja lateral de aluminio ofrece más de 37 litros de espacio de almacenamiento. Con su aspecto anodizado negro, mejora enormemente el aspecto de su BMW, además de las ventajas de espacio. Caja única para el lado izquierdo. Instalación fácil y rápida. Se puede adaptar a la motocicleta (cilindro de bloqueo no incluido en el alcance de la entrega). Ganchos en las tapas de la caja para un fácil manejo. Capacidad de almacenamiento de la caja 37 litros. Se adapta al BMW R1300GS Adventure, entre otros.",,,taxable,,1,1,,0,0,,,,,1,,,15945.58,"Accesorios para vehiculo, Accesorios para vehiculo > Maletas y Alforjas",,,https://vecsaboutique.com/wp-content/uploads/2025/08/77417105499.avif,,,,,,77417105500,,,0,MOTORRAD,"Compatible con","R1300 GSA",1,1,,,,,,,,,,,,,,,,,,,,,,,,,,,,,,,,,,,,,,sync-and-show,created,synced,1773543629,,approved,,,,,,,,,,,,,,,,,,,,,,,,,,,,,,
18919,simple,77419443546,,"Maleta Aluminio Derecha (R1300 GSA)",1,0,visible,,"Pieza original de BMW Motorrad. Solo lado derecho. Volumen: 36,5 L. Carga útil: 10 kg por maleta. Color: Aluminio. Cerradura no incluida.",,,taxable,,1,4,,0,0,,,,,1,,,14312.33,"Accesorios para vehiculo, Accesorios para vehiculo > Maletas y Alforjas",,,https://vecsaboutique.com/wp-content/uploads/2025/08/77419443546.avif,,,,,,77419443545,,,0,MOTORRAD,"Compatible con","R1300 GSA",1,1,,,,,,,,,,,,,,,,,,,,,,,,,,,,,,,,,,,,,,sync-and-show,created,synced,1773543629,,approved,,,,,,,,,,,,,,,,,,,,,,,,,,,,,,
18920,simple,77419443545,,"Maleta Aluminio Izquierda (R1300 GSA)",1,0,visible,,"Pieza original de BMW Motorrad. Solo lado izquierdo. Volumen: 36,5 L. Carga útil: 10 kg por maleta. Color: Aluminio. Cerradura no incluida.",,,taxable,,1,4,,0,0,,,,,1,,,15066.98,"Accesorios para vehiculo, Accesorios para vehiculo > Maletas y Alforjas",,,https://vecsaboutique.com/wp-content/uploads/2025/08/77419443545.avif,,,,,,77419443546,,,0,MOTORRAD,"Compatible con","R1300 GSA",1,1,,,,,,,,,,,,,,,,,,,,,,,,,,,,,,,,,,,,,,sync-and-show,created,synced,1773543629,,approved,,,,,,,,,,,,,,,,,,,,,,,,,,,,,,
18921,simple,77419446990,,"Maleta Touring Derecha Blackstorm (R1200, R1250, F900)",1,0,visible,,"Las maletas laterales de turismo de alta calidad con carcasa dura ofrecen, con una capacidad de 32 litros a la izquierda y 31 litros a la derecha, amplio espacio para el equipaje del viaje o el casco de la motocicleta. Peso (por maleta): aprox. 3,8 kg",,,taxable,,1,1,,0,0,,,,,1,,,10238.92,"Accesorios para vehiculo, Accesorios para vehiculo > Maletas y Alforjas",,,https://vecsaboutique.com/wp-content/uploads/2025/08/77419446990.avif,,,,,,77419446989,,,0,MOTORRAD,"Compatible con","R1200\, R1250\, F900",1,1,,,,,,,,,,,,,,,,,,,,,,,,,,,,,,,,,,,,,,sync-and-show,created,synced,1773543629,,approved,,,,,,,0,,,,,,,,,,,,,,,,,,,,,,,
18922,simple,77419446989,,"Maleta Touring Izquierda Blackstorm (R1200, R1250, F900)",1,0,visible,,"Las maletas laterales de turismo de alta calidad con carcasa dura ofrecen, con una capacidad de 32 litros a la izquierda y 31 litros a la derecha, amplio espacio para el equipaje del viaje o el casco de la motocicleta. Peso (por maleta): aprox. 3,8 kg",,,taxable,,1,1,,0,0,,,,,1,,,10238.92,"Accesorios para vehiculo, Accesorios para vehiculo > Maletas y Alforjas",,,https://vecsaboutique.com/wp-content/uploads/2025/08/77419446989.avif,,,,,,77419446990,,,0,MOTORRAD,"Compatible con","R1200\, R1250\, F900",1,1,,,,,,,,,,,,,,,,,,,,,,,,,,,,,,,,,,,,,,sync-and-show,created,synced,1773543629,,approved,,,,,,,,,,,,,,,,,,,,,,,,,,,,,,
18923,simple,82732406460,,"Caja de techo 420 litros",1,0,visible,,"La moderna caja de techo BMW con cerradura* en negro abre 420 litros de espacio de almacenamiento adicional. La caja de techo es fácil de montar en el portaequipajes y se adapta a todos los sistemas de portaequipajes de BMW.",,,taxable,,1,1,,0,0,,,,,1,,,21292.32,"Accesorios para vehiculo, Accesorios para vehiculo > Portaequipaje > Cajas de Techo, Accesorios para vehiculo > Portaequipaje",,,"https://vecsaboutique.com/wp-content/uploads/2025/08/82732406460.avif, https://vecsaboutique.com/wp-content/uploads/2025/08/82732406460_4.avif",,,,,,82712444244,,,0,BMW,"Compatible con","Todos los Modelos",1,1,,,,,,,,,,,,,,,,,,,,,,,,,,,,,,,,,,,,,,sync-and-show,created,synced,1773543629,,approved,,,,,,,0,,,,,,,,,,,,,,,,,,,,,,,
18924,simple,51195A198B5,,"Difusor de parachoques trasero de fibra de carbono M Performance (M3, M4)",1,0,visible,,"Los componentes exteriores M Performance enfatizan el aspecto deportivo del BMW M3 o M4. Todas las piezas se han desarrollado especialmente para los respectivos vehículos y también se pueden instalar con el paquete de carbono opcional.",,,taxable,,1,1,,0,0,,,,,1,,,27453.86,"Accesorios para vehiculo, Accesorios para vehiculo > M Performance, Accesorios para vehiculo > Molduras",,,https://vecsaboutique.com/wp-content/uploads/2025/08/51195A198B5.avif,,,,,,18305A23278,,,0,BMW,"Compatible con","M3\, M4",1,1,,,,,,,,,,,,,,,,,,,,,,,,,,,,,,,,,,,,,,sync-and-show,created,synced,1773543629,,approved,,,,,,,0,,,,,,,,,,,,,,,,,,,,,,,
18925,simple,51115B3A2C6,,"Alerón frontal JCW Derecho MINI (5 Puertas, 3 Puertas, Convertible)",1,0,visible,,"Los componentes aerodinámicos JOHN COOPER WORKS subrayan la sensación típica de MINI Go-kart y le dan al vehículo un aspecto aún más deportivo y un carácter más individual.",,,taxable,,1,1,,0,0,,,,,1,,,4873.70,"Accesorios para vehiculo, Accesorios para vehiculo > JCW, Accesorios para vehiculo > JCW > Molduras",,,https://vecsaboutique.com/wp-content/uploads/2025/08/51115B3A2C6.avif,,,,,,51115B3A2C5,,,0,MINI,"Compatible con","MINI F65\, F66\, F67",1,1,,,,,,,,,,,,,,,,,,,,,,,,,,,,,,,,,,,,,,sync-and-show,created,synced,1773543629,,approved,,,,,,,0,,,,,,,,,,,,,,,,,,,,,,,
18926,simple,51115B3A2C5,,"Alerón frontal JCW Izquierdo MINI (5 Puertas, 3 Puertas, Convertible)",1,0,visible,,"Los componentes aerodinámicos JOHN COOPER WORKS subrayan la sensación típica de MINI Go-kart y le dan al vehículo un aspecto aún más deportivo y un carácter más individual.",,,taxable,,1,1,,0,0,,,,,1,,,3641.82,"Accesorios para vehiculo, Accesorios para vehiculo > JCW, Accesorios para vehiculo > JCW > Molduras",,,https://vecsaboutique.com/wp-content/uploads/2025/08/51115B3A2C5-e1755622655452.avif,,,,,,51115B3A2C6,,,0,MINI,"Compatible con","MINI F65\, F66\, F67",1,1,,,,,,,,,,,,,,,,,,,,,,,,,,,,,,,,,,,,,,sync-and-show,created,synced,1773543629,,approved,,,,,,,0,,,,,,,,,,,,,,,,,,,,,,,
18927,simple,77428405343,,"Juego de Soporte Portamaletas Vario BMW MOTORRAD (F750/850 GS)",1,0,visible,,"Rueda sin límites llevando tu equipaje seguro y disfruta cada kilómetro. Este soporte metálico permite instalar maletas Vario de forma segura sin modificar tu moto. Su ajuste perfecto y sistema original aseguran montaje rápido, protección y estética impecable. Transforma tu BMW en una touring lista para cualquier ruta, con confianza, estilo y funcionalidad total. Capacidad de carga: 5-7kg",,,taxable,,1,1,,0,0,,,,,1,,,10995.82,"Accesorios para vehiculo, Accesorios para vehiculo > Maletas y Alforjas",,,https://vecsaboutique.com/wp-content/uploads/2025/08/77428405343.avif,,,,,,,,,0,MOTORRAD,"Compatible con","F750/850 GS",1,1,,,,,,,,,,,,,,,,,,,,,,,,,,,,,,,,,,,,,,sync-and-show,created,synced,1773543629,,approved,,,,,,,0,,,,,,,,,,,,,,,,,,,,,,,
18928,simple,77439443547,,"Maleta Aluminio Derecha (R1300 GS/GSA)",1,0,visible,,"Maleta de aluminio para BMW, anodizado plateado con letras de BMW",,,taxable,,1,1,,0,0,,,,,1,,,15056.75,"Accesorios para vehiculo, Accesorios para vehiculo > Maletas y Alforjas",,,https://vecsaboutique.com/wp-content/uploads/2025/08/77439443547.avif,,,,,,77419443546,,,0,MOTORRAD,"Compatible con","R1300 GS/GSA",1,1,,,,,,,,,,,,,,,,,,,,,,,,,,,,,,,,,,,,,,sync-and-show,created,synced,1773543629,,approved,,,,,,,0,,,,,,,,,,,,,,,,,,,,,,,
18929,simple,77448546808,,"Almohadilla de Respaldo de Top Case de Aluminio BMW (F800 GS/GSA, R 1200/1250 GS/GSA)",1,0,visible,,"Proporciona comodidad adicional para el pasajero cuando la motocicleta está equipada con la caja superior de aluminio. Con auto adhesivo 3M de alta calidad, soporta asi el paso del tiempo sin despegarse.",,,taxable,,1,1,,0,0,,,,,1,,,2069.38,"Accesorios para vehiculo, Accesorios para vehiculo > Maletas y Alforjas",,,"https://vecsaboutique.com/wp-content/uploads/2025/08/77448546808.avif, https://vecsaboutique.com/wp-content/uploads/2025/08/77448546808_2.avif",,,,,,,,,0,MOTORRAD,"Compatible con","F800 GS/GSA\, R 1200/1250 GS/GSA",1,1,,,,,,,,,,,,,,,,,,,,,,,,,,,,,,,,,,,,,,sync-and-show,created,synced,1773543629,,approved,,,,,,,0,,,,,,,,,,,,,,,,,,,,,,,
18930,simple,77492465631,,"Bolsa de Marco Derecho a Pueba de Agua BMW (R18)",1,0,visible,,"La práctica bolsa de marco está hecha de lona encerada con aplicaciones de cuero real. Añade espacio extra para el estiba y enfatiza el aspecto Heritage. Atractiva combinación de lienzo/cuero real. Cierre magnético para la solapa\nInformación adicional:\nSe adhiere al marco mediante correas\nCapacidad de estiba: 2 l\nDimensiones (L×W×D): 29×18×7 cm\nBolsa de marco incl. impermeable, forro extraíble",,,taxable,,1,2,,0,0,,,,,1,,,4669.43,"Accesorios para vehiculo, Accesorios para vehiculo > Maletas y Alforjas",,,"https://vecsaboutique.com/wp-content/uploads/2025/08/77492465631.avif, https://vecsaboutique.com/wp-content/uploads/2025/08/77492465631_b.avif",,,,,,,,,0,MOTORRAD,"Compatible con",R18,1,1,,,,,,,,,,,,,,,,,,,,,,,,,,,,,,,,,,,,,,sync-and-show,updated,synced,1773543629,,approved,,,,,,,0,,,,,,,,,,,,,,,,,,,,,,,
18931,simple,77517105970,,"Juego de protector de faros BMW (R1300 GS)",1,0,visible,,"El robusto protector de faros evita daños durante el uso fuera de la carretera. Un acoplamiento rápido hace que sea fácil de colocar y despegar. El componente está hecho de plástico resistente a los impactos y a los arañazos, lo que lo hace ideal para uso fuera de la carretera.",,,taxable,,1,1,,0,0,,,,,1,,,2774.66,"Accesorios para vehiculo, Accesorios para vehiculo > Protectores de Faro",,,"https://vecsaboutique.com/wp-content/uploads/2025/08/77517105970.avif, https://vecsaboutique.com/wp-content/uploads/2025/08/77517105970_2.avif",,,,,,,,,0,MOTORRAD,"Compatible con","R1300 GS",1,1,,,,,,,,,,,,,,,,,,,,,,,,,,,,,,,,,,,,,,sync-and-show,created,synced,1773543629,,approved,,,,,,,0,,,,,,,,,,,,,,,,,,,,,,,
18932,simple,77518524085,,"Soporte para Faro Adicional BMW (F750 GS, F850 GS/A, F900 GS/A)",1,0,visible,,"Cuando pida su soporte para luces auxiliares (77518524085) de nuestra tienda en línea, recibirá una pieza original que se ajusta perfectamente a su motocicleta BMW-Motorrad 2017-2025.",,,taxable,,1,1,,0,0,,,,,1,,,4264.90,"Accesorios para vehiculo, Accesorios para vehiculo > Luces Delanteras",,,https://vecsaboutique.com/wp-content/uploads/2025/08/77518524085.avif,,,,,,,,,0,MOTORRAD,"Compatible con","F750 GS\, F850 GS/A\, F900 GS/A",1,1,,,,,,,,,,,,,,,,,,,,,,,,,,,,,,,,,,,,,,sync-and-show,created,synced,1773543629,,approved,,,,,,,0,,,,,,,,,,,,,,,,,,,,,,,
18933,simple,77522414856,,"BMW Motorrad Cargador USB dual Cable de 120 cm 2 puertos USB",1,0,visible,,"El dispositivo de 140 g reconoce la tecnología de carga de las baterías de teléfonos móviles, reproductores de MP3, tabletas o cámaras digitales. El cargador USB se conecta a la toma de corriente de 12 V a bordo a través de un enchufe de carga resistente al agua y un cable de 120 cm de largo, lo que ofrece varias opciones para colocar el dispositivo móvil durante la carga. El cargador en sí es a prueba de salpicaduras y tiene protección contra sobrecalentamiento y un indicador de posición LED.",,,taxable,,1,1,,0,0,,,,,1,,,1163.85,"Accesorios para vehiculo, Accesorios para vehiculo > Cargadores, Accesorios para vehiculo > Cargadores USB",,,https://vecsaboutique.com/wp-content/uploads/2025/08/77522414856.avif,,,,,,,,,0,MOTORRAD,,,,,,,,,,,,,,,,,,,,,,,,,,,,,,,,,,,,,,,,,,sync-and-show,created,synced,1773543629,,approved,,,,,,,0,,,,,,,,,,,,,,,,,,,,,,,
18934,simple,77522469293,,"Barra de Sonido Bluetooth Original BMW Motorrad (R18)",1,0,visible,,"Altavoz Bluetooth original BMW Motorrad de MTX en color negro para BMW R18 El altavoz se instala en el manillar, ofreciendo un sonido completo incluso a velocidades más altas. Resistente a la intemperie, sonido completo, alto volumen (máximo 110 dB). Interfaz Bluetooth y conector de 3,5 mm. Salida de potencia de 4 x 22 W. Entrada de alimentación de 12,6 VDC 8A.",,,taxable,,1,1,,0,0,,,,,1,,,17024.87,"Accesorios para vehiculo, Accesorios para vehiculo > Bocinas",,,"https://vecsaboutique.com/wp-content/uploads/2025/08/77522469293.avif, https://vecsaboutique.com/wp-content/uploads/2025/08/77522469293_b.avif",,,,,,,,,0,MOTORRAD,"Compatible con",R18,1,1,,,,,,,,,,,,,,,,,,,,,,,,,,,,,,,,,,,,,,sync-and-show,created,synced,1773543629,,approved,,,,,,,0,,,,,,,,,,,,,,,,,,,,,,,
18935,simple,82292358509,,"Pasador de seguro de puerta Speedwell Blue MINI (F54, F55, F56, F57, F60, R55, R56, R57, R58)",1,0,visible,,"Juego original de pasadores de puerta Speedwell Blue para MINI. El tamaño del botón es de aproximadamente 2,5 cm de diámetro. Incluye 2 pasadores.",,,taxable,,1,2,,0,0,,,,,1,,,1337.64,"Accesorios para vehiculo, Accesorios para vehiculo > Pasadores de Puerta",,,"https://vecsaboutique.com/wp-content/uploads/2025/08/82292358509_b.avif, https://vecsaboutique.com/wp-content/uploads/2025/08/82292358509_a.avif",,,,,,,,,0,MINI,"Compatible con","MINI F54\, F55\, F56\, F57\, F60\, R55\, R56\, R57\, R58",1,1,,,,,,,,,,,,,,,,,,,,,,,,,,,,,,,,,,,,,,sync-and-show,created,synced,1773543629,,approved,,,,,,,0,,,,,,,,,,,,,,,,,,,,,,,
18936,simple,82292358511,,"Pasador de seguro de puerta Essencial MINI (F54, F55, F56, F57, F60, R55, R56, R57, R58)",1,0,visible,,"Juego original de pasadores de puerta Essencial para MINI. Incluye 2 pasadores.",,,taxable,,1,2,,0,0,,,,,1,,,973.58,"Accesorios para vehiculo, Accesorios para vehiculo > Pasadores de Puerta",,,"https://vecsaboutique.com/wp-content/uploads/2025/08/82292358511_b.avif, https://vecsaboutique.com/wp-content/uploads/2025/08/82292358511_a.avif",,,,,,,,,0,MINI,"Compatible con","MINI F54\, F55\, F56\, F57\, F60\, R55\, R56\, R57\, R58",1,1,,,,,,,,,,,,,,,,,,,,,,,,,,,,,,,,,,,,,,sync-and-show,created,synced,1773543629,,approved,,,,,,,0,,,,,,,,,,,,,,,,,,,,,,,
18937,simple,82292406335,,"Pasador de seguro de puerta Black Jack MINI (F54, F55, F56, F57, F60, R55, R56, R57, R58)",1,0,visible,,"Agrega un detalle único y funcional al interior de tu MINI con estos pasadores de bloqueo, ideales para complementar otros elementos del diseño o destacar por sí solos. Aportan estilo mientras aseguran las puertas, brindando protección y un toque personalizado en cada viaje.",,,taxable,,1,2,,0,0,,,,,1,,,1337.64,"Accesorios para vehiculo, Accesorios para vehiculo > Pasadores de Puerta",,,"https://vecsaboutique.com/wp-content/uploads/2025/08/82292406335_b.avif, https://vecsaboutique.com/wp-content/uploads/2025/08/82292406335_a.avif",,,,,,,,,0,MINI,"Compatible con","MINI F54\, F55\, F56\, F57\, F60\, R55\, R56\, R57\, R58",1,1,,,,,,,,,,,,,,,,,,,,,,,,,,,,,,,,,,,,,,sync-and-show,created,synced,1773543629,,approved,,,,,,,0,,,,,,,,,,,,,,,,,,,,,,,
18938,simple,82712457810,,"Soporte de techo (Serie 2 F44)",1,0,visible,,"Para Serie 2 Grand Coupé. Carga máxima del techo para 75 kg.",,,taxable,,1,1,,0,0,,,,,1,,,9468.93,"Accesorios para vehiculo, Accesorios para vehiculo > Portaequipaje",,,https://vecsaboutique.com/wp-content/uploads/2025/08/82712457810.avif,,,,,,,,,0,BMW,"Compatible con","Serie 2 F44",1,1,,,,,,,,,,,,,,,,,,,,,,,,,,,,,,,,,,,,,,sync-and-show,created,synced,1773543629,,approved,,,,,,,0,,,,,,,,,,,,,,,,,,,,,,,
18939,simple,82722287886,,"Soporte trasero de bicicletas original BMW Pro 2.0 para 2 bicicletas.",1,0,visible,,"Las piezas originales son de primera categoría en términos de calidad y funcionalidad. Fabricados directamente por BMW, se someten a pruebas rigurosas y están hechos de materiales confiables para garantizar una resistencia y fiabilidad duraderas.",,,taxable,,1,3,,0,0,,,,,1,,,17259.62,"Accesorios para vehiculo, Accesorios para vehiculo > Portabicicletas",,,"https://vecsaboutique.com/wp-content/uploads/2025/08/82722287886.avif, https://vecsaboutique.com/wp-content/uploads/2025/08/82722287886_2.avif",,,,,,,,,0,BMW,"Compatible con","Todos los Modelos",1,1,,,,,,,,,,,,,,,,,,,,,,,,,,,,,,,,,,,,,,sync-and-show,created,synced,1773543629,,approved,,,,,,,0,,,,,,,,,,,,,,,,,,,,,,,
18940,simple,18305A23278,,"Sistema de silenciadores M Performance",1,0,visible,,"Este sistema de escape de alto rendimiento está diseñado para aquellos que desean llevar la emoción de la pista de carreras a la carretera. Fabricado con un silenciador final de titanio y un sistema de válvulas aligerado, ofrece un sonido auténtico y deportivo que potencia la experiencia de conducción.",,,taxable,,1,1,,0,0,,,,,1,,,208260.21,"Accesorios para vehiculo, Accesorios para vehiculo > Escapes, Accesorios para vehiculo > M Performance",,,https://vecsaboutique.com/wp-content/uploads/2025/08/18305A23278.avif,,,,,,51195A198B5,,,0,BMW,"Compatible con","M3 G80 G81\, M4 G82 G83",1,1,,,,,,,,,,,,,,,,,,,,,,,,,,,,,,,,,,,,,,sync-and-show,created,synced,1773543629,,approved,,,,,,,0,,,,,,,,,,,,,,,,,,,,,,,
18941,simple,18305A291B7,,"Moldura de escape Carbono M Performance (M2, M3, M4)",1,0,visible,,"La punta de tubo de escape de titanio y carbono M Performance reemplazan a la punta estándar y mejoran la parte trasera del automóvil con su alta calidad y apariencia deportiva.",,,taxable,,1,2,,0,0,,,,,1,,,14052.84,"Accesorios para vehiculo, Accesorios para vehiculo > Escapes, Accesorios para vehiculo > M Performance",,,https://vecsaboutique.com/wp-content/uploads/2025/08/18305A291B7.avif,,,,,,,,,0,BMW,"Compatible con","M2\, M3\, M4",1,1,,,,,,,,,,,,,,,,,,,,,,,,,,,,,,,,,,,,,,sync-and-show,created,synced,1773543629,,approved,,,,,,,0,,,,,,,,,,,,,,,,,,,,,,,
18942,simple,36125A57484,,"Centros de Rin 50 Años BMW M 112mm",1,0,visible,,"Genuine BMW 50 Years M Heritage Hub Caps Número de pieza 36-12-5-A57-484. Incluye CUATRO tapas centrales en un paquete. NO son tapas centrales flotantes.",,,taxable,,1,2,,0,0,,,,,1,,,4751.25,"Accesorios para vehiculo, Accesorios para vehiculo > Centros de Rin, Llantas y rines > Centros de Rin, Llantas y rines",,,"https://vecsaboutique.com/wp-content/uploads/2025/08/36125A57484_a.avif, https://vecsaboutique.com/wp-content/uploads/2025/08/36125A57484_b.avif",,,,,,,,,0,BMW,"Compatible con","Para llantas de aleación BMW con círculo de perno de 112 mm.",1,1,,,,,,,,,,,,,,,,,,,,,,,,,,,,,,,,,,,,,,sync-and-show,updated,synced,1773543629,,approved,,,,,,,0,,,,,,,,,,,,,,,,,,,,,,,
18943,simple,36135B30FD1,,"Centros de Rin Flotantes MINI JCW",1,0,visible,,"Mejora la estética de tu vehículo con el juego de Tapas Centrales Flotantes John Cooper Works de MINI.",,,taxable,,1,1,,0,0,,,,,1,,,844.53,"Accesorios para vehiculo, Llantas y rines > Centros de Rin, Accesorios para vehiculo > Centros de Rin, Accesorios para vehiculo > JCW",,,"https://vecsaboutique.com/wp-content/uploads/2025/08/36135B30FD1_a.avif, https://vecsaboutique.com/wp-content/uploads/2025/08/36135B30FD1_b.avif",,,,,,,,,0,MINI,"Compatible con","Para llantas con círculo de perno de 112 mm.",1,1,,,,,,,,,,,,,,,,,,,,,,,,,,,,,,,,,,,,,,sync-and-show,updated,synced,1773543629,,approved,,,,,,,0,,,,,,,,,,,,,,,,,,,,,,,
18944,simple,46635A69E33,,"Cubierta de la parrilla, izquierda. (R1300 GSA)",1,0,visible,,"Cuando pida su cubierta de parrilla, izquierda (46637105763) de nuestra tienda en línea, recibirá una pieza original que se ajusta perfectamente a su motocicleta BMW-Motorrad R 1300 GS Adventure 2023-2025.",,,taxable,,1,1,,0,0,,,,,1,,,1566.12,"Accesorios para vehiculo, Accesorios para vehiculo > Protectores de Radiador",,,https://vecsaboutique.com/wp-content/uploads/2025/08/46635A69E33.avif,,,,,,,,,0,MOTORRAD,"Compatible con","R1300 GSA",1,1,,,,,,,,,,,,,,,,,,,,,,,,,,,,,,,,,,,,,,sync-and-show,created,synced,1773543629,,approved,,,,,,,0,,,,,,,,,,,,,,,,,,,,,,,
18945,simple,51125A36893,,"Difusor Trasero Carbono M Performance (Serie 2 G42)",1,0,visible,,"Los componentes exteriores aerodinámicos M Performance para la Serie 2 (G42) están hechos de carbono o aramida de alta calidad y enfatizan el aspecto deportivo del vehículo.",,,taxable,,1,2,,0,0,,,,,1,,,27428.48,"Accesorios para vehiculo, Accesorios para vehiculo > M Performance, Accesorios para vehiculo > Molduras",,,https://vecsaboutique.com/wp-content/uploads/2025/08/51125A36893.avif,,,,,,,,,0,BMW,"Compatible con","Serie 2 G42",1,1,,,,,,,,,,,,,,,,,,,,,,,,,,,,,,,,,,,,,,sync-and-show,created,synced,1773543629,,approved,,,,,,,0,,,,,,,,,,,,,,,,,,,,,,,
18946,simple,51145A26A67,,"Líneas lateral Frozen Black izq./derecho M Performance (X4)",1,0,visible,,"Las rayas laterales de BMW M Performance personalizan y acentúan las características deportivas del X4. Estas rayas negras y plateadas se ajustan perfectamente a los paneles izquierdo y derecho del vehículo. Impreso digitalmente en una película de PVC de alta calidad.",,,taxable,,1,2,,0,0,,,,,1,,,3355.70,"Accesorios para vehiculo, Accesorios para vehiculo > Aplicaciones & Emblemas, Accesorios para vehiculo > M Performance",,,https://vecsaboutique.com/wp-content/uploads/2025/08/51145A26A67.avif,,,,,,,,,0,BMW,"Compatible con","X4 (2022-2025)",1,1,,,,,,,,,,,,,,,,,,,,,,,,,,,,,,,,,,,,,,sync-and-show,created,synced,1773543629,,partially_approved,,,,,,,0,,,,,,,,,,,,,,,,,,,,,,,
18947,simple,51165A69912,,"Espejo extremo manillar Derecho (M1000 RR/R/XR, S1000 R/XR, F900 R)",1,0,visible,,"Los espejos de extremo del manillar subrayan el aspecto agresivo de la motocicleta y ofrecen un campo de visión hacia atrás correspondiente al componente de serie. Los espejos de 300 g cada uno están perfectamente adaptados a la motocicleta y ofrecen una visión óptima hacia atrás.",,,taxable,,1,1,,0,0,,,,,1,,,2752.71,"Accesorios para vehiculo, Accesorios para vehiculo > Espejos",,,https://vecsaboutique.com/wp-content/uploads/2025/08/51165A69912.avif,,,,,,51165A69911,,,0,MOTORRAD,"Compatible con","M1000 RR/R/XR\, S1000 R/XR\, F900 R",1,1,,,,,,,,,,,,,,,,,,,,,,,,,,,,,,,,,,,,,,sync-and-show,created,synced,1773543629,,approved,,,,,,,0,,,,,,,,,,,,,,,,,,,,,,,
18948,simple,51165A69911,,"Espejo extremo manillar Izquierdo (M1000 RR/R/XR, S1000 R/XR, F900 R)",1,0,visible,,"Los espejos de extremo del manillar subrayan el aspecto agresivo de la motocicleta y ofrecen un campo de visión hacia atrás correspondiente al componente de serie. Los espejos de 300 g cada uno están perfectamente adaptados a la motocicleta y ofrecen una visión óptima hacia atrás.",,,taxable,,1,1,,0,0,,,,,1,,,2752.71,"Accesorios para vehiculo, Accesorios para vehiculo > Espejos",,,https://vecsaboutique.com/wp-content/uploads/2025/08/51165A69911.avif,,,,,,51165A69912,,,0,MOTORRAD,"Compatible con","M1000 RR/R/XR\, S1000 R/XR\, F900 R",1,1,,,,,,,,,,,,,,,,,,,,,,,,,,,,,,,,,,,,,,sync-and-show,created,synced,1773543629,,approved,,,,,,,0,,,,,,,,,,,,,,,,,,,,,,,
18949,simple,51165B339A8,,"Carcasa del retrovisor Derecha MINI Heritage (F65,F66,F67,U25)",1,0,visible,,"Carcasa retrovisor MINI Heritage derecha. Las carcasas de los retrovisores exteriores de diseño exclusivo se han convertido en una parte integral de MINI. Establecen acentos únicos y pueden reemplazar fácilmente las tapas estándar.",,,taxable,,1,1,,0,0,,,,,1,,,4875.92,"Accesorios para vehiculo, Accesorios para vehiculo > Carcasas de Retrovisor",,,https://vecsaboutique.com/wp-content/uploads/2025/08/51165B339A8.avif,,,,,,51165B339A7,,,0,MINI,"Compatible con","MINI 5 Puertas F65\, 3 puertas F66\, Convertible F67\,Countryman U25",1,1,,,,,,,,,,,,,,,,,,,,,,,,,,,,,,,,,,,,,,sync-and-show,created,synced,1773543629,,approved,,,,,,,0,,,,,,,,,,,,,,,,,,,,,,,
18950,simple,51165B339A7,,"Carcasa del retrovisor Izquierda MINI Heritage (F65,F66,F67,U25)",1,0,visible,,"Una cuestión de tradición. La tapa del espejo exterior MINI ""Heritage"" resalta la bandera británica con estilo. Simplemente móntelo en lugar de la tapa incorporada de serie y disfrute de cada vista lateral. Diseño elegante, aspecto de alta calidad y una apariencia individual incluida. Disponible para modelos MINI seleccionados a partir del año de fabricación 2024.",,,taxable,,1,1,,0,0,,,,,1,,,4875.92,"Accesorios para vehiculo, Accesorios para vehiculo > Carcasas de Retrovisor",,,https://vecsaboutique.com/wp-content/uploads/2025/08/51165B339A7.avif,,,,,,51165B339A8,,,0,MINI,"Compatible con","MINI 5 Puertas F65\, 3 puertas F66\, Convertible F67\,Countryman U25",1,1,,,,,,,,,,,,,,,,,,,,,,,,,,,,,,,,,,,,,,sync-and-show,created,synced,1773543629,,approved,,,,,,,0,,,,,,,,,,,,,,,,,,,,,,,
18951,simple,51165B35208,,"Carcasa del retrovisor Derecha MINI Favoured (F65,F66,F67,U25)",1,0,visible,,"Las carcasas de los retrovisores exteriores de diseño exclusivo Favoured, se han convertido en una parte integral de MINI. Establecen acentos únicos y se pueden reemplazar fácilmente",,,taxable,,1,1,,0,0,,,,,1,,,4721.14,"Accesorios para vehiculo, Accesorios para vehiculo > Carcasas de Retrovisor",,,https://vecsaboutique.com/wp-content/uploads/2025/08/51165B35208.avif,,,,,,51165B35207,,,0,MINI,"Compatible con","MINI 5 Puertas F65\, 3 puertas F66\, Convertible F67\,Countryman U25",1,1,,,,,,,,,,,,,,,,,,,,,,,,,,,,,,,,,,,,,,sync-and-show,updated,synced,1773543629,,approved,,,,,,,0,,,,,,,,,,,,,,,,,,,,,,,
18952,simple,51165B35207,,"Carcasa del retrovisor Izquierda MINI Favoured (F65,F66,F67,U25)",1,0,visible,,"Las carcasas de los retrovisores exteriores de diseño exclusivo Favoured, se han convertido en una parte integral de MINI. Establecen acentos únicos y se pueden reemplazar fácilmente",,,taxable,,1,1,,0,0,,,,,1,,,4721.14,"Accesorios para vehiculo, Accesorios para vehiculo > Carcasas de Retrovisor",,,https://vecsaboutique.com/wp-content/uploads/2025/08/51165B35207.avif,,,,,,51165B35208,,,0,MINI,"Compatible con","MINI 5 Puertas F65\, 3 puertas F66\, Convertible F67\,Countryman U25",1,1,,,,,,,,,,,,,,,,,,,,,,,,,,,,,,,,,,,,,,sync-and-show,updated,synced,1773543629,,approved,,,,,,,0,,,,,,,,,,,,,,,,,,,,,,,
18953,simple,51195A1B170,,"Aleron trasero carbon Derecha M Performance (M3, M4)",1,0,visible,,"La forma y el diseño de los componentes exteriores se han desarrollado específicamente para el BMW M3 y M4 y se ajustan perfectamente a la geometría y apariencia del vehículo. Las alas traseras de fibra de carbono M Performance redondean perfectamente el aspecto completo de carbono.",,,taxable,,1,1,,0,0,,,,,1,,,30785.73,"Accesorios para vehiculo, Accesorios para vehiculo > M Performance, Accesorios para vehiculo > Molduras",,,https://vecsaboutique.com/wp-content/uploads/2025/08/51195A1B170.avif,,,,,,51195A1B169,,,0,BMW,"Compatible con","M3\, M4",1,1,,,,,,,,,,,,,,,,,,,,,,,,,,,,,,,,,,,,,,sync-and-show,created,synced,1773543629,,approved,,,,,,,0,,,,,,,,,,,,,,,,,,,,,,,
18954,simple,51195A1B169,,"Aleron trasero carbon Izquierda M Performance (M3, M4)",1,0,visible,,"La forma y el diseño de los componentes exteriores se han desarrollado específicamente para el BMW M3 y M4 y se ajustan perfectamente a la geometría y apariencia del vehículo. Las alas traseras de fibra de carbono M Performance redondean perfectamente el aspecto completo de carbono.",,,taxable,,1,1,,0,0,,,,,1,,,30785.73,"Accesorios para vehiculo, Accesorios para vehiculo > M Performance, Accesorios para vehiculo > Molduras",,,https://vecsaboutique.com/wp-content/uploads/2025/08/51195A1B169-e1755622768704.avif,,,,,,51195A1B170,,,0,BMW,"Compatible con","M3\, M4",1,1,,,,,,,,,,,,,,,,,,,,,,,,,,,,,,,,,,,,,,sync-and-show,updated,synced,1773543629,,approved,,,,,,,0,,,,,,,,,,,,,,,,,,,,,,,
18955,simple,51195A34858,,"Alerón Delantero Carbono Derecho M Performance (Serie 2 G42)",1,0,visible,,"Dale aún más estilo a la parte delantera de tu BMW Serie 2 Coupé (G42) con estas piezas delanteras de carbono derecha de BMW M Performance.",,,taxable,,1,2,,0,0,,,,,1,,,8039.37,"Accesorios para vehiculo, Accesorios para vehiculo > M Performance, Accesorios para vehiculo > Molduras",,,https://vecsaboutique.com/wp-content/uploads/2025/08/51195A34858.avif,,,,,,51195A34857,,,0,BMW,"Compatible con","Serie 2 G42",1,1,,,,,,,,,,,,,,,,,,,,,,,,,,,,,,,,,,,,,,sync-and-show,created,synced,1773543629,,approved,,,,,,,0,,,,,,,,,,,,,,,,,,,,,,,
18956,simple,51195A34857,,"Alerón Delantero Carbono Izquierdo M Performance (Serie 2 G42)",1,0,visible,,"Dale aún más estilo a la parte delantera de tu BMW Serie 2 Coupé (G42) con estas piezas delanteras de carbono izquierda de BMW M Performance.",,,taxable,,1,2,,0,0,,,,,1,,,8039.37,"Accesorios para vehiculo, Accesorios para vehiculo > M Performance, Accesorios para vehiculo > Molduras",,,https://vecsaboutique.com/wp-content/uploads/2025/08/51195A34857.avif,,,,,,51195A34858,,,0,BMW,"Compatible con","Serie 2 G42",1,1,,,,,,,,,,,,,,,,,,,,,,,,,,,,,,,,,,,,,,sync-and-show,created,synced,1773543629,,approved,,,,,,,0,,,,,,,,,,,,,,,,,,,,,,,
18957,simple,51195A34859,,"Filamento Parachoques Frontal Carbono M Performance (Serie 2 G42)",1,0,visible,,"Para la serie 2 del G42, BMW ofrece el filamento frontal de fibra de carbono delantera M Performance en 3 secciones. Este es el divisor central, que se ajusta a lo largo del borde inferior del parachoques delantero. Las secciones finales izquierda y derecha se venden por separado.",,,taxable,,1,2,,0,0,,,,,1,,,13060.57,"Accesorios para vehiculo, Accesorios para vehiculo > M Performance, Accesorios para vehiculo > Molduras",,,https://vecsaboutique.com/wp-content/uploads/2025/08/51195A34859.avif,,,,,,"51195A34857, 51195A34858",,,0,BMW,"Compatible con","Serie 2 G42",1,1,,,,,,,,,,,,,,,,,,,,,,,,,,,,,,,,,,,,,,sync-and-show,created,synced,1773543629,,approved,,,,,,,0,,,,,,,,,,,,,,,,,,,,,,,
18958,simple,51475A20D39,,"Alfombrillas, para Todo Tipo de Clima, Parte Trasera (iX)",1,0,visible,,"Tapetes traseros todo tiempo marca BMW, fabricados en 100% goma, cuentan con propiedades resistentes y antideslizantes, perfectos para cualquier clima y protegen de manera eficaz el piso de tu vehículo ofreciendo una barrera contra la suciedad, el agua y el desgaste diario, manteniendo el área limpia y dando una estética elegante y funcional.",,,taxable,,1,1,,0,0,,,,,1,,,2530.41,"Accesorios para vehiculo, Accesorios para vehiculo > Tapetes",,,https://vecsaboutique.com/wp-content/uploads/2025/08/51475A20D39.avif,,,,,,51475A20D31,,,0,BMW,"Compatible con",iX,1,1,,,,,,,,,,,,,,,,,,,,,,,,,,,,,,,,,,,,,,sync-and-show,created,synced,1773543629,,approved,,,,,,,0,,,,,,,,,,,,,,,,,,,,,,,
18959,simple,51475A20D31,,"Alfombrillas para Todo Tipo de Clima, Parte Delantera (iX)",1,0,visible,,"Tapetes delanteros todo tiempo marca BMW, fabricados en 100% goma, cuentan con propiedades resistentes y antideslizantes, perfectos para cualquier clima y protegen de manera eficaz el piso de tu vehículo ofreciendo una barrera contra la suciedad, el agua y el desgaste diario, manteniendo el área limpia y dando una estética elegante y funcional.",,,taxable,,1,2,,0,0,,,,,1,,,2990.47,"Accesorios para vehiculo, Accesorios para vehiculo > Tapetes",,,https://vecsaboutique.com/wp-content/uploads/2025/08/51475A20D31.avif,,,,,,51475A20D39,,,0,BMW,"Compatible con",iX,1,1,,,,,,,,,,,,,,,,,,,,,,,,,,,,,,,,,,,,,,sync-and-show,created,synced,1773543629,,approved,,,,,,,0,,,,,,,,,,,,,,,,,,,,,,,
18960,simple,51475A2DA75,,"Alfombrillas para Todo Tipo de Clima, Parte Trasera (X1 U11,U12)",1,0,visible,,"Alfombrillas duraderas y personalizadas para todo tipo de clima con bordes elevados y un diseño atractivo protegen bien el pie delantero de la humedad y la suciedad. Juego de 2 parte trasera.",,,taxable,,1,7,,0,0,,,,,1,,,1776.18,"Accesorios para vehiculo, Accesorios para vehiculo > Tapetes",,,"https://vecsaboutique.com/wp-content/uploads/2025/08/51475A2DA75.avif, https://vecsaboutique.com/wp-content/uploads/2025/08/51475A2DA74_b.avif, https://vecsaboutique.com/wp-content/uploads/2025/08/51475A2DA74_c.avif",,,,,,51475A2DA74,,,0,BMW,"Compatible con","X1 U11 U12",1,1,,,,,,,,,,,,,,,,,,,,,,,,,,,,,,,,,,,,,,sync-and-show,updated,synced,1773543629,,approved,,,,,,,0,,,,,,,,,,,,,,,,,,,,,,,
18961,simple,51475A2DA74,,"Alfombrillas para Todo Tipo de Clima, Parte Delantera (X1 U11,U12)",1,0,visible,,"Alfombrillas duraderas y personalizadas para todo tipo de clima con bordes elevados y un diseño atractivo protegen bien el pie delantero de la humedad y la suciedad. Juego de 2 parte delantera.",,,taxable,,1,3,,0,0,,,,,1,,,2450.78,"Accesorios para vehiculo, Accesorios para vehiculo > Tapetes",,,"https://vecsaboutique.com/wp-content/uploads/2025/08/51475A2DA74_a.avif, https://vecsaboutique.com/wp-content/uploads/2025/08/51475A2DA74_c.avif",,,,,,51475A2DA75,,,0,BMW,"Compatible con","X1 U11 U12",1,1,,,,,,,,,,,,,,,,,,,,,,,,,,,,,,,,,,,,,,sync-and-show,created,synced,1773543629,,approved,,,,,,,0,,,,,,,,,,,,,,,,,,,,,,,
18962,simple,51475B3C4F4,,"Alfombrilla para maletero BMW con fijación de equipaje (X3 G45)",1,0,visible,,"La alfombrilla antideslizante e impermeable para maleteros BMW con fijación de equipaje protege su maletero y, por lo tanto, contribuye a la conservación del valor de su BMW. Utilizable en ambos lados, la alfombra reversible promete una alta flexibilidad.",,,taxable,,1,1,,0,0,,,,,1,,,4267.41,"Accesorios para vehiculo, Accesorios para vehiculo > Tapetes",,,https://vecsaboutique.com/wp-content/uploads/2025/08/51475B3C4F4.avif,,,,,,51475A50924,,,0,BMW,"Compatible con","X3 G45",1,1,,,,,,,,,,,,,,,,,,,,,,,,,,,,,,,,,,,,,,sync-and-show,created,synced,1773543629,,approved,,,,,,,0,,,,,,,,,,,,,,,,,,,,,,,
18963,simple,51475A50924,,"Alfombrilla reversible para maletero (X1 U11 U12)",1,0,visible,,"La alfombrilla reversible para maletero BMW, con un ajuste perfecto, protege eficazmente el maletero de la suciedad y la humedad. Un lado está fabricado con un material textil de alta calidad que se integra a la perfección con las tiras de sujeción de carga incluidas. El reverso está fabricado con goma duradera, antideslizante e impermeable.",,,taxable,,1,2,,0,0,,,,,1,,,4029.11,"Accesorios para vehiculo, Accesorios para vehiculo > Tapetes",,,https://vecsaboutique.com/wp-content/uploads/2025/08/51475A50924.avif,,,,,,51475B3C4F4,,,0,BMW,"Compatible con","X1 U11 U12",1,1,,,,,,,,,,,,,,,,,,,,,,,,,,,,,,,,,,,,,,sync-and-show,created,synced,1773543629,,approved,,,,,,,0,,,,,,,,,,,,,,,,,,,,,,,
18964,simple,51475B5B009,,"Alfombrillas para Todo Tipo de Clima, Parte Trasera (Serie 1 F40, F44)",1,0,visible,,"Tapetes traseros todo tiempo marca BMW, fabricados en 100% goma, cuentan con propiedades resistentes y antideslizantes, perfectos para cualquier clima y protegen de manera eficaz el piso de tu vehículo ofreciendo una barrera contra la suciedad, el agua y el desgaste diario, manteniendo el área limpia y dando una estética elegante y funcional.",,,taxable,,1,4,,0,0,,,,,1,,,1954.41,"Accesorios para vehiculo, Accesorios para vehiculo > Tapetes",,,https://vecsaboutique.com/wp-content/uploads/2025/08/tapmSRN-SWTc-36-107.avif,,,,,,51475B5B006,,,0,BMW,"Compatible con","Serie 1 F40\, F44",1,1,,,,,,,,,,,,,,,,,,,,,,,,,,,,,,,,,,,,,,sync-and-show,updated,synced,1773543629,,approved,,,,,,,0,,,,,,,,,,,,,,,,,,,,,,,
18965,simple,51475B5B006,,"Alfombrillas para Todo Tipo de Clima, Parte Delantera (Serie 1 F40, F44)",1,0,visible,,"Tapetes delanteros todo tiempo marca BMW, fabricados en 100% goma, cuentan con propiedades resistentes y antideslizantes, perfectos para cualquier clima y protegen de manera eficaz el piso de tu vehículo ofreciendo una barrera contra la suciedad, el agua y el desgaste diario, manteniendo el área limpia y dando una estética elegante y funcional.",,,taxable,,1,4,,0,0,,,,,1,,,2248.08,"Accesorios para vehiculo, Accesorios para vehiculo > Tapetes",,,"https://vecsaboutique.com/wp-content/uploads/2025/08/51475B5B006-3.avif, https://vecsaboutique.com/wp-content/uploads/2025/08/51475B5B006-1.avif",,,,,,51475B5B009,,,0,BMW,"Compatible con","Serie 1 F40\, F44",1,1,,,,,,,,,,,,,,,,,,,,,,,,,,,,,,,,,,,,,,sync-and-show,updated,synced,1773543629,,approved,,,,,,,0,,,,,,,,,,,,,,,,,,,,,,,
18966,simple,51145A35373,,"Adhesivo tamaño XL Customised MINI",1,0,visible,,,,,taxable,,1,2,,0,0,,,,,1,,,2689.98,"Accesorios para vehiculo, Accesorios para vehiculo > Aplicaciones & Emblemas, Accesorios para vehiculo > JCW",,,https://vecsaboutique.com/wp-content/uploads/2025/08/51145A35373.avif,,,,,,,,,0,MINI,,,,,,,,,,,,,,,,,,,,,,,,,,,,,,,,,,,,,,,,,,sync-and-show,created,has-errors,1755622085,,,,,,,,,0,,,,,,,,,,,,,,,,,,,,,,,
18967,simple,51165B338E1,,"Carcasa del retrovisor Izquierda MINI JCW (F65,F66,F67,U25)",1,0,visible,,"Expresión de fuerza. El estilo inconfundible de John Cooper Works es sinónimo de fuerza y rendimiento sin compromisos. Un anuncio claro que se puede reforzar individualmente con la tapa del espejo exterior. Para una apariencia perfecta. Disponible para modelos MINI seleccionados a partir del año de fabricación 2024.",,,taxable,,1,1,,0,0,,,,,1,,,4721.14,"Accesorios para vehiculo, Accesorios para vehiculo > Carcasas de Retrovisor, Accesorios para vehiculo > JCW",,,https://vecsaboutique.com/wp-content/uploads/2025/08/51165B338E1.avif,,,,,,,,,0,MINI,"Compatible con","MINI 5 Puertas F65\, 3 puertas F66\, Convertible F67\,Countryman U25",1,1,,,,,,,,,,,,,,,,,,,,,,,,,,,,,,,,,,,,,,sync-and-show,created,synced,1773543629,,approved,,,,,,,0,,,,,,,,,,,,,,,,,,,,,,,
18968,simple,51195A36950,,"Spoiler Trasero Carbon M Performance (Serie 2 G42)",1,0,visible,,"Aún más impresionante: el alerón trasero de fibra de carbono M Performance enfatiza la apariencia dinámica y de primera calidad del automóvil. Optimiza la aerodinámica y permite características de conducción aún más atléticas.",,,taxable,,1,2,,0,0,,,,,1,,,13713.94,"Accesorios para vehiculo, Accesorios para vehiculo > M Performance, Accesorios para vehiculo > Molduras",,,https://vecsaboutique.com/wp-content/uploads/2025/08/51195A36950.avif,,,,,,51195A34859,,,0,BMW,"Compatible con","Serie 2 G42",1,1,,,,,,,,,,,,,,,,,,,,,,,,,,,,,,,,,,,,,,sync-and-show,created,synced,1773543629,,approved,,,,,,,0,,,,,,,,,,,,,,,,,,,,,,,
18969,simple,51265A681A8,,"Pasador de Puerta Swarovski Crystal Clarity BMW/MINI",1,0,visible,,"Los pasadores de puerta Crystal Clarity pueden montarse en todos los vehículos BMW y MINI con pasadores de puerta de serie. Los exclusivos pasadores de puerta Crystal Clarity son reconocibles como objeto de diseño tanto fuera como dentro del vehículo. Los Türpins con cristales de Swarovski llaman especialmente la atención.",,,taxable,,1,3,,0,0,,,,,1,,,2373.20,"Accesorios para vehiculo, Accesorios para vehiculo > Crystal Clarity, Accesorios para vehiculo > Pasadores de Puerta",,,"https://vecsaboutique.com/wp-content/uploads/2025/08/51265A681A8_a.avif, https://vecsaboutique.com/wp-content/uploads/2025/08/51265A681A8_b.avif",,,,,,,,,0,BMW,"Compatible con","Todos los Modelos",1,1,,,,,,,,,,,,,,,,,,,,,,,,,,,,,,,,,,,,,,sync-and-show,created,synced,1773543629,,approved,,,,,,,0,,,,,,,,,,,,,,,,,,,,,,,
18970,simple,51265B35B64,,"Pasador de Puerda MINI JCW (F54, F55, F56, F57, F60, R55, R56, R57, R58)",1,0,visible,,"Agrega un detalle único y funcional en el interior de tu MINI con estos pasadores de bloqueo, ideales para complementar otros elementos del diseño o destacar por sí solos. Aportan estilo mientras aseguran las puertas, brindando protección y un toque personalizado en cada viaje.",,,taxable,,1,1,,0,0,,,,,1,,,1640.72,"Accesorios para vehiculo, Accesorios para vehiculo > JCW, Accesorios para vehiculo > Pasadores de Puerta",,,"https://vecsaboutique.com/wp-content/uploads/2025/08/51265B35B64_a.avif, https://vecsaboutique.com/wp-content/uploads/2025/08/51265B35B64_b.avif",,,,,,,,,0,MINI,"Compatible con","MINI F54\, F55\, F56\, F57\, F60\, R55\, R56\, R57\, R58",1,1,,,,,,,,,,,,,,,,,,,,,,,,,,,,,,,,,,,,,,sync-and-show,created,synced,1773543629,,approved,,,,,,,0,,,,,,,,,,,,,,,,,,,,,,,
18971,simple,51475A433B0,,"Juego Alfombrillas M Performance LHD (i4)",1,0,visible,,"Las alfombrillas originales de BMW están diseñadas como protección premium para su alfombra. Las alfombrillas BMW son perfectas para el chasis G26 y se mezclan con el acabado de fábrica. Juego de 4 alfombrillas.",,,taxable,,1,1,,0,0,,,,,1,,,5672.44,"Accesorios para vehiculo, Accesorios para vehiculo > M Performance, Accesorios para vehiculo > Tapetes",,,https://vecsaboutique.com/wp-content/uploads/2025/08/51475A433B0.avif,,,,,,,,,0,BMW,"Compatible con",i4,1,1,,,,,,,,,,,,,,,,,,,,,,,,,,,,,,,,,,,,,,sync-and-show,created,synced,1773543629,,approved,,,,,,,0,,,,,,,,,,,,,,,,,,,,,,,
18972,simple,51475A50923,,"Tapete de maletero antideslizante (X6 G06)",1,0,visible,,"Esta alfombrilla protectora para el maletero es un accesorio original BMW diseñado específicamente para el modelo BMW X6 (G06). Fabricada con plástico duradero y resistente al agua, proporciona una protección óptima para el maletero de su vehículo.",,,taxable,,1,1,,0,0,,,,,1,,,3468.45,"Accesorios para vehiculo, Accesorios para vehiculo > Tapetes",,,https://vecsaboutique.com/wp-content/uploads/2025/08/51475A50923.avif,,,,,,,,,0,BMW,"Compatible con","X 6 G06",1,1,,,,,,,,,,,,,,,,,,,,,,,,,,,,,,,,,,,,,,sync-and-show,created,synced,1773543629,,approved,,,,,,,0,,,,,,,,,,,,,,,,,,,,,,,
18973,simple,51475A741A0,,"Tapete de maletero antideslizante (X2 U10)",1,0,visible,,"Mantén el maletero de tu BMW X2 U10 impecable y protegido con esta alfombrilla cubremaletero original BMW. Diseñada específicamente para ajustarse a la perfección a las dimensiones del maletero de tu vehículo, garantiza una protección óptima contra suciedad, líquidos y desgaste diario.",,,taxable,,1,1,,0,0,,,,,1,,,3127.79,"Accesorios para vehiculo, Accesorios para vehiculo > Asientos, Accesorios para vehiculo > Tapetes",,,https://vecsaboutique.com/wp-content/uploads/2025/08/51475A741A0.avif,,,,,,,,,0,BMW,"Compatible con","X2 U10",1,1,,,,,,,,,,,,,,,,,,,,,,,,,,,,,,,,,,,,,,sync-and-show,created,synced,1773543629,,approved,,,,,,,0,,,,,,,,,,,,,,,,,,,,,,,
18974,simple,51475B38C53,,"Tapete de maletero antideslizante (MINI Coutryman U25, F60)",1,0,visible,,"Tapete de maletero hecho para adaptarse perfectamente a tu MINI. Proteje el interior de tu coche de la suciedad del agua y el desgaste con esta alfombra de maletero de color NEGRO.",,,taxable,,0,0,,0,0,,,,,1,,,2227.82,"Accesorios para vehiculo, Accesorios para vehiculo > Tapetes",,,https://vecsaboutique.com/wp-content/uploads/2025/08/51475B38C53.avif,,,,,,,,,0,MINI,,,,,,,,,,,,,,,,,,,,,,,,,,,,,,,,,,,,,,,,,,sync-and-show,updated,,,,,,,,,,,0,default,,,,,,,,,,,,,,,,,,,,,,
18975,simple,51775B3A2D8,,"Moldura lateral JCW Izquierda MINI (5 Puertas, 3 Puertas, Convertible)",1,0,visible,,"Todos los componentes aerodinámicos y exteriores originales de MINI han sido probados y aprobados de acuerdo con las estrictas directrices de calidad del Grupo BMW.",,,taxable,,1,1,,0,0,,,,,1,,,6341.43,"Accesorios para vehiculo, Accesorios para vehiculo > JCW, Accesorios para vehiculo > JCW > Molduras",,,https://vecsaboutique.com/wp-content/uploads/2025/08/51775B3A2D8.avif,,,,,,51775B3A2D7,,,0,MINI,"Compatible con","MINI F65\, F66\, F68",1,1,,,,,,,,,,,,,,,,,,,,,,,,,,,,,,,,,,,,,,sync-and-show,created,synced,1773543629,,approved,,,,,,,0,,,,,,,,,,,,,,,,,,,,,,,
18976,simple,51775B3A2D7,,"Moldura lateral JCW Derecha MINI (5 Puertas, 3 Puertas, Convertible)",1,0,visible,,"Todos los componentes aerodinámicos y exteriores originales de MINI han sido probados y aprobados de acuerdo con las estrictas directrices de calidad del Grupo BMW.",,,taxable,,1,1,,0,0,,,,,1,,,6341.43,"Accesorios para vehiculo, Accesorios para vehiculo > JCW, Accesorios para vehiculo > JCW > Molduras",,,https://vecsaboutique.com/wp-content/uploads/2025/08/51775B3A2D7.avif,,,,,,51775B3A2D8,,,0,MINI,"Compatible con","MINI F65\, F66\, F68",1,1,,,,,,,,,,,,,,,,,,,,,,,,,,,,,,,,,,,,,,sync-and-show,created,synced,1773543629,,approved,,,,,,,0,,,,,,,,,,,,,,,,,,,,,,,
18977,simple,77145A5A556,,"Soporte de Protección del Motor Lado Derecho (F750 GS, F800 GS, F850 GS)",1,0,visible,,"El crashbar o protector de motor original BMW Motorrad se adapta perfectamente a su moto BMW F800GS, proporcionando una protección eficaz para su moto. Solo lado Derecho.",,,taxable,,1,2,,0,0,,,,,1,,,5921.11,"Accesorios para vehiculo, Accesorios para vehiculo > Barras Protectoras",,,https://vecsaboutique.com/wp-content/uploads/2025/08/77145A5A556.avif,,,,,,77145A5A555,,,0,MOTORRAD,"Compatible con","F750 GS\, F800 GS\, F850 GS",1,1,,,,,,,,,,,,,,,,,,,,,,,,,,,,,,,,,,,,,,sync-and-show,created,synced,1773543629,,approved,,,,,,,0,,,,,,,,,,,,,,,,,,,,,,,
18978,simple,77145A5A555,,"Soporte de Protección del Motor Lado Izquierdo (F750 GS, F800 GS, F850 GS)",1,0,visible,,"El crashbar o protector de motor original BMW Motorrad se adapta perfectamente a su moto BMW F800GS, proporcionando una protección eficaz para su moto. Solo lado Izquierdo.",,,taxable,,1,2,,0,0,,,,,1,,,5921.11,"Accesorios para vehiculo, Accesorios para vehiculo > Barras Protectoras",,,https://vecsaboutique.com/wp-content/uploads/2025/08/77145A5A555.avif,,,,,,77145A5A556,,,0,MOTORRAD,"Compatible con","F750 GS\, F800 GS\, F850 GS",1,1,,,,,,,,,,,,,,,,,,,,,,,,,,,,,,,,,,,,,,sync-and-show,created,synced,1773543629,,approved,,,,,,,0,,,,,,,,,,,,,,,,,,,,,,,
18979,simple,77414B109F4,,"BMW MOTORRAD Maleta Vario Lado Derecho (R1300 GS)",1,0,visible,,"Esta maleta Vario original de BMW Motorrad se adapta perfectamente a su motocicleta BMW R1300GS. Las maletas Vario tienen una especificidad: su volumen es variable. Con un sencillo sistema, el interior de la maleta puede ampliarse y encogerse. Ideales para viajes entre líneas, las maletas Vario te permiten deslizarte fácilmente entre coches. Si la ciudad no es tu lugar favorito, no hay problema: las maletas Vario también son compatibles con la conducción todoterreno. Resistentes al agua, ofrecen doble protección a tus pertenencias.",,,taxable,,1,1,,0,0,,,,,1,,,12006.99,"Accesorios para vehiculo, Accesorios para vehiculo > Maletas y Alforjas",,,https://vecsaboutique.com/wp-content/uploads/2025/08/77414B109F4.avif,,,,,77434B0E654,77414B109F3,,,0,MOTORRAD,"Compatible con","R1300 GS",1,1,,,,,,,,,,,,,,,,,,,,,,,,,,,,,,,,,,,,,,sync-and-show,updated,synced,1773543629,,approved,,,,,,,0,,,,,,,,,,,,,,,,,,,,,,,
18980,simple,77414B109F3,,"BMW MOTORRAD Maleta Vario Lado Izquierdo (R1300 GS)",1,0,visible,,"Esta maleta Vario original de BMW Motorrad se adapta perfectamente a su motocicleta BMW R1300GS. Las maletas Vario tienen una especificidad: su volumen es variable. Con un sencillo sistema, el interior de la maleta puede ampliarse y encogerse. Ideales para viajes entre líneas, las maletas Vario te permiten deslizarte fácilmente entre coches. Si la ciudad no es tu lugar favorito, no hay problema: las maletas Vario también son compatibles con la conducción todoterreno. Resistentes al agua, ofrecen doble protección a tus pertenencias.",,,taxable,,1,1,,0,0,,,,,1,,,12568.62,"Accesorios para vehiculo, Accesorios para vehiculo > Maletas y Alforjas",,,https://vecsaboutique.com/wp-content/uploads/2025/08/77414B109F3.avif,,,,,77434B0E654,77414B109F4,,,0,MOTORRAD,"Compatible con","R1300 GS",1,1,,,,,,,,,,,,,,,,,,,,,,,,,,,,,,,,,,,,,,sync-and-show,updated,synced,1773889633,,approved,,,,,,,0,,,,,,,,,,,,,,,,,,,,,,,
18981,simple,77415A6ED27,,"Bolsa interior maleta Vario Lado Derecho (R1300 GS)",1,0,visible,,"Esta pieza original de BMW Motorrad te permitirá transportar productos en tu moto BMW directamente en la maleta Vario, pero también cuando te bajes. El bolso removible se instala fácilmente en la maleta y también es fácilmente extraíble para un transporte rápido y sencillo. Este bolso se adapta perfectamente a tu BMW R1300GS.",,,taxable,,1,3,,0,0,,,,,1,,,3424.56,"Accesorios para vehiculo, Accesorios para vehiculo > Maletas y Alforjas",,,https://vecsaboutique.com/wp-content/uploads/2025/08/77415A6ED27.avif,,,,,,77415A6ED24,,,0,MOTORRAD,,,,,,,,,,,,,,,,,,,,,,,,,,,,,,,,,,,,,,,,,,sync-and-show,created,synced,1773889633,,approved,,,,,,,0,,,,,,,,,,,,,,,,,,,,,,,
18982,simple,77415A6ED24,,"Bolsa interior maleta Vario Lado Izquierdo (R1300 GS)",1,0,visible,,"Esta pieza original de BMW Motorrad te permitirá transportar productos en tu moto BMW directamente en la maleta Vario, pero también cuando te bajes. El bolso removible se instala fácilmente en la maleta y también es fácilmente extraíble para un transporte rápido y sencillo. Este bolso se adapta perfectamente a tu BMW R1300GS.",,,taxable,,1,3,,0,0,,,,,1,,,3424.56,"Accesorios para vehiculo, Accesorios para vehiculo > Maletas y Alforjas",,,https://vecsaboutique.com/wp-content/uploads/2025/08/77415A6ED24.avif,,,,,,77415A6ED27,,,0,MOTORRAD,"Compatible con","R1300 GS",1,1,,,,,,,,,,,,,,,,,,,,,,,,,,,,,,,,,,,,,,sync-and-show,updated,synced,1773889633,,approved,,,,,,,0,,,,,,,,,,,,,,,,,,,,,,,
18983,simple,77415B6A144,,"Maleta Vario Lado Derecho (R1300 GS)",1,0,visible,,"El nuevo juego de cajas Vario para el BMW R 1300 GS convence en la versión revisada 2025 con tecnología de vanguardia y un diseño funcional. Las carcasas Vario izquierda y derecha se adaptan perfectamente a la R 1300 GS y ofrecen la máxima flexibilidad para cada aventura.\nLo más destacado\nEl nuevo mecanismo de bloqueo con palanca separada garantiza un bloqueo seguro.\nLa conexión USB-C ofrece conectividad práctica sobre la muerda.\nLos sellos de EPDM son robustos y duraderos como en el sector automotriz.\nVolumen Variable: 25-32 Litros\nCarga máxima: 10 kg\nEstuche Vario electrificado con volumen ajustable continuo\nCerrado central e iluminación interior\nA prueba de agua",,,taxable,,1,3,,0,0,,,,,1,,,13054.42,"Accesorios para vehiculo, Accesorios para vehiculo > Maletas y Alforjas",,,https://vecsaboutique.com/wp-content/uploads/2025/08/77415B6A144.avif,,,,,77434B0E654,77415B6A143,,,0,MOTORRAD,"Compatible con","R1300 GS",1,1,,,,,,,,,,,,,,,,,,,,,,,,,,,,,,,,,,,,,,sync-and-show,updated,synced,1773889633,,approved,,,,,,,0,,,,,,,,,,,,,,,,,,,,,,,
18984,simple,77415B6A143,,"Maleta Vario Lado Izquierdo (R1300 GS)",1,0,visible,,"El nuevo juego de cajas Vario para el BMW R 1300 GS convence en la versión revisada 2025 con tecnología de vanguardia y un diseño funcional. Las carcasas Vario izquierda y derecha se adaptan perfectamente a la R 1300 GS y ofrecen la máxima flexibilidad para cada aventura.\nLo más destacado\nEl nuevo mecanismo de bloqueo con palanca separada garantiza un bloqueo seguro.\nLa conexión USB-C ofrece conectividad práctica sobre la muerda.\nLos sellos de EPDM son robustos y duraderos como en el sector automotriz.\nVolumen Variable: 25-32 Litros\nCarga máxima: 10 kg\nEstuche Vario electrificado con volumen ajustable continuo\nCerrado central e iluminación interior\nA prueba de agua",,,taxable,,1,3,,0,0,,,,,1,,,13664.90,"Accesorios para vehiculo, Accesorios para vehiculo > Maletas y Alforjas",,,https://vecsaboutique.com/wp-content/uploads/2025/08/77415B6A143.avif,,,,,77434B0E654,77415B6A144,,,0,MOTORRAD,"Compatible con","R1300 GS",1,1,,,,,,,,,,,,,,,,,,,,,,,,,,,,,,,,,,,,,,sync-and-show,updated,synced,1773889633,,approved,,,,,,,0,,,,,,,,,,,,,,,,,,,,,,24287880884171695,
18985,simple,77435A6ED29,,"Bolsa interior para Topcase Vario (R1300 GS)",1,0,visible,,"El forro hecho a medida para el estuche de equipaje Vario cuenta con material impermeable y un panel base reforzado.\n• La bolsa principal no obstruye la iluminación interior.\n• Compartimento acolchado con cremallera.\n• Cremallera alrededor de los tres lados del compartimento principal.\n• El panel de base firme y el material robusto facilitan el embalaje.\n• Expansión de volumen mediante cierre de cremallera para la bolsa principal y la bolsa adicional.\n• Revestimiento Vario Topcase.",,,taxable,,1,6,,0,0,,,,,1,,,3299.22,"Accesorios para vehiculo, Accesorios para vehiculo > Maletas y Alforjas, Accesorios para vehiculo > Top Case",,,"https://vecsaboutique.com/wp-content/uploads/2025/08/77435A6ED29.avif, https://vecsaboutique.com/wp-content/uploads/2025/08/77435A6ED29_2.avif, https://vecsaboutique.com/wp-content/uploads/2025/08/77435A6ED29_3.avif",,,,,,77434B0E654,,,0,MOTORRAD,"Compatible con","R1300 GS",1,1,,,,,,,,,,,,,,,,,,,,,,,,,,,,,,,,,,,,,,sync-and-show,updated,synced,1773889633,,approved,,,,,,,0,,,,,,,,,,,,,,,,,,,,,,,
18986,simple,77434B0E654,,"Topcase Vario (R1300 GS)",1,0,visible,,"Con sus 28-36 litros de espacio, la caja superior Vario impresiona con funciones eléctricas como bloqueo central, luz y puerto de carga USB. El volumen se puede ajustar de forma continua en solo unos pocos pasos utilizando una rueda giratoria. La carcasa superior es resistente al agua y tiene un revestimiento práctico. Las cubiertas de aluminio anodizado son un verdadero punto de atracción.\n\n-Carcasa superior electrificada en modelos debidamente equipados con volumen infinitamente ajustable\n-Puerto de carga USB de -5 V con máx. 3\n-Una corriente de carga en modelos debidamente equipados\n-Iluminación interna para mejorar la visibilidad\n-A prueba de agua, con forro\n-Material: plástico, cubiertas hechas de aluminio anodizado incoloro\n-Volumen: 28 - 36 litros\n-Carga útil: 6 kg\n-Color: negro/plata",,,taxable,,1,11,,0,0,,,,,1,,,14802.81,"Accesorios para vehiculo, Accesorios para vehiculo > Maletas y Alforjas, Accesorios para vehiculo > Top Case",,,"https://vecsaboutique.com/wp-content/uploads/2025/08/77434B0E654.avif, https://vecsaboutique.com/wp-content/uploads/2025/08/77434B0E654_2.avif, https://vecsaboutique.com/wp-content/uploads/2025/08/77434B0E654_3.avif, https://vecsaboutique.com/wp-content/uploads/2025/08/77434B0E654_4.avif",,,,,,77435A6ED29,,,0,MOTORRAD,"Compatible con","R1300 GS",1,1,,,,,,,,,,,,,,,,,,,,,,,,,,,,,,,,,,,,,,sync-and-show,updated,synced,1773889633,,approved,,,,,,,0,,,,,,,,,,,,,,,,,,,,,,,
18987,simple,51955A368C7,,"Pasador de puerta BMW M Performance",1,0,visible,,"Mejora la estética y el rendimiento de tu vehículo con el juego de pasadores BMW M Performance 51955A368C7. Diseñados específicamente para carros y camionetas, estos pasadores son la elección perfecta para los entusiastas de la marca que buscan un toque distintivo y deportivo.",,,taxable,,1,3,,0,0,,,,,1,,,1565.56,"Accesorios para vehiculo, Accesorios para vehiculo > M Performance, Accesorios para vehiculo > M Performance > Pasadores de Puerta",,,https://vecsaboutique.com/wp-content/uploads/2025/08/51955A368C7.avif,,,,,,,,,0,BMW,"Compatible con","Todos los Modelos",1,1,,,,,,,,,,,,,,,,,,,,,,,,,,,,,,,,,,,,,,sync-and-show,created,synced,1773889633,,approved,,,,,,,0,,,,,,,,,,,,,,,,,,,,,,,
18988,simple,51955A4DA75,,"Soporte para Tabletas BMW Pro Travel & Confort System",1,0,visible,,"El sistema Travel &amp; Comfort te proporciona comodidad y conveniencia mientras viajas. El soporte universal para tableta Pro cuenta con un nuevo diseño premium, proporcionando un lugar seguro en el vehículo para varias tabletas Apple y Samsung, al tiempo que ofrece un nivel especial de flexibilidad. La rotación de 360 ° y el ángulo ajustable del soporte lo hacen adecuado para una amplia gama de usos.Se requiere soporte base del sistema BMW Travel &amp; Comfort.",,,taxable,,1,5,,0,0,,,,,1,,,6172.89,"Accesorios para vehiculo, Accesorios para vehiculo > Travel & Confort System > Soportes, Accesorios para vehiculo > Travel & Confort System",,,https://vecsaboutique.com/wp-content/uploads/2025/08/51955A4DA75.avif,,,,,,,,,0,BMW,"Compatible con","Todos los Modelos",1,1,,,,,,,,,,,,,,,,,,,,,,,,,,,,,,,,,,,,,,sync-and-show,created,synced,1773889633,,approved,,,,,,,0,,,,,,,,,,,,,,,,,,,,,,,
18989,simple,61905A1E1B3,,"Cargador de Pared Wallbox 9,6 kW, T1, UL (BMW PHEV/BEV)",1,0,visible,,"El Wallbox es una estación de carga doméstica para todos los vehículos eléctricos de batería (BEV) y vehículos eléctricos híbridos enchufables (PHEV). Esto permite una carga segura y rápida en el hogar. Además de sus dimensiones compactas que ahorran espacio, el Wallbox también ofrece una cómoda gestión de cables que incluye conectores y soportes de pared.",,,taxable,,1,10,,0,0,,,,,1,,,17891.92,"Accesorios para vehiculo, Accesorios para vehiculo > Cargador de Pared, Accesorios para vehiculo > Cargadores",,,https://vecsaboutique.com/wp-content/uploads/2025/08/61905A1E1B3.avif,,,,,,,,,0,BMW,"Compatible con","BMW PHEV/BEV",1,1,,,,,,,,,,,,,,,,,,,,,,,,,,,,,,,,,,,,,,sync-and-show,created,synced,1773630074,,approved,,,,,,,0,,,,,,,,,,,,,,,,,,,,,,,
18990,simple,61905A1E1C3,,"Estación de carga MINI Original Wallbox EU 22 KW 3fase (MINI PHEV/BEV)",1,0,visible,,"Original MINI Wallbox es una estación de carga doméstica para todos los vehículos eléctricos de batería (BEV) y vehículos eléctricos híbridos enchufables (PHEV).",,,taxable,,0,0,,0,0,,,,,1,,,18436.81,"Accesorios para vehiculo, Accesorios para vehiculo > Cargador de Pared, Accesorios para vehiculo > Cargadores",,,https://vecsaboutique.com/wp-content/uploads/2025/08/61905A1E1C3.avif,,,,,,,,,0,MINI,"Compatible con","MINI PHEV/BEV",1,1,,,,,,,,,,,,,,,,,,,,,,,,,,,,,,,,,,,,,,sync-and-show,updated,,,,,,,,,,,0,,,,,,,,,,,,,,,,,,,,,,,
18991,simple,77025A5E6D8,,"Alfombra para motocicleta edición 100 años 250x105cm",1,0,visible,,"Un lugar exclusivo para la motocicleta: la alfombra no solo impresiona con su atractivo diseño, sino que también protege de manera confiable el piso de la suciedad, las manchas de aceite y gasolina. Otra ventaja es la composición del material antideslizante y retardante de fuego.",,,taxable,,1,1,,0,0,,,,,1,,,3725.58,"Accesorios para vehiculo, Accesorios para vehiculo > Tapetes",,,https://vecsaboutique.com/wp-content/uploads/2025/08/77025A5E6D8.avif,,,,,,,,,0,MOTORRAD,"Compatible con","Todos los Modelos",1,1,,,,,,,,,,,,,,,,,,,,,,,,,,,,,,,,,,,,,,sync-and-show,created,synced,1773630074,,approved,,,,,,,0,,,,,,,,,,,,,,,,,,,,,,,
18992,simple,77025B5B631,,"Cargador de baterías Plus US",1,0,visible,,"Para una máxima vida útil y un rendimiento optimizado de la batería de su motocicleta: Battery Charger Plus está diseñado específicamente para su motocicleta y cuenta con un proceso de carga automático de 8 etapas. Puede cargar baterías completamente descargadas con el voltaje y la corriente correctos.Es adecuado para baterías de plomo-ácido de 12 V y baterías de litio (LiFePo4). Para mayor comodidad, se incluye el adaptador para el enchufe de 12 V.",,,taxable,,1,6,,0,0,,,,,1,,,3095.05,"Accesorios para vehiculo, Accesorios para vehiculo > Cargadores, Accesorios para vehiculo > Cargadores de Batería",,,https://vecsaboutique.com/wp-content/uploads/2025/08/77025B5B631.avif,,,,,,,,,0,MOTORRAD,"Compatible con","Todos los Modelos",1,1,,,,,,,,,,,,,,,,,,,,,,,,,,,,,,,,,,,,,,sync-and-show,created,synced,1773630074,,approved,,,,,,,0,,,,,,,,,,,,,,,,,,,,,,,
18993,simple,77115A62D08,,"Juego silenciador doble negro Akrapovic (R1300 GS)",1,0,visible,,"El silenciador de escape deportivo hecho de titanio con tapa de fibra de carbono, produce un sonido con cuerpo y convierte cada viaje en una experiencia visual y auditiva. El diseño del silenciador doble sobre-bajo produce una apariencia deportiva con un sonido robusto. Optimización del peso con el silenciador de serie. Hecho por Akrapovic",,,taxable,,1,1,,0,0,,,,,1,,,35969.71,"Accesorios para vehiculo, Accesorios para vehiculo > Escapes",,,https://vecsaboutique.com/wp-content/uploads/2025/08/77115A62D08.avif,,,,,,,,,0,MOTORRAD,"Compatible con",R1300,1,1,,,,,,,,,,,,,,,,,,,,,,,,,,,,,,,,,,,,,,sync-and-show,created,synced,1773630074,,approved,,,,,,,0,,,,,,,,,,,,,,,,,,,,,,31072323932412277,
18994,simple,77125A8E9A6,,"Cubierta de engranajes biselados traseros (R1300)",1,0,visible,,"La cubierta del conjunto cónico trasero original de BMW Motorrad se adapta perfectamente a tu motocicleta BMW R1300.",,,taxable,,1,1,,0,0,,,,,1,,,1775.25,"Accesorios para vehiculo, Accesorios para vehiculo > Molduras",,,https://vecsaboutique.com/wp-content/uploads/2025/08/77125A8E9A6.avif,,,,,,,,,0,MOTORRAD,"Compatible con",R1300,1,1,,,,,,,,,,,,,,,,,,,,,,,,,,,,,,,,,,,,,,sync-and-show,updated,synced,1773630074,,approved,,,,,,,0,,,,,,,,,,,,,,,,,,,,,,,
18995,simple,77315B34B75,,"Rejilla Protectora de Radiador (S1000 R/RR/XR)",1,0,visible,,"La rejilla del radiador de BMW Motorrad protege de manera confiable el radiador en la pista de carreras de la abrasión de los neumáticos y los daños causados por astillas de piedra. La rejilla de poliamida de dos piezas se adapta perfectamente al enfriador de agua superior y al enfriador de aceite inferior y su diseño se adapta perfectamente a la aerodinámica de la motocicleta.",,,taxable,,0,,,0,0,,,,,1,,,1756.14,"Accesorios para vehiculo, Accesorios para vehiculo > Protectores de Radiador",,,https://vecsaboutique.com/wp-content/uploads/2025/08/77315B34B75.avif,,,,,,,,,0,MOTORRAD,"Compatible con","S1000 R/RR/XR",1,1,,,,,,,,,,,,,,,,,,,,,,,,,,,,,,,,,,,,,,sync-and-show,updated,,,,,,,,,,,0,,,,,,,,,,,,,,,,,,,1759443489,,,,
18996,simple,77315B568A4,,"Juego Protector del Manillar Negro BMW MOTORRAD (R1300 GS/GSA)",1,0,visible,,"El protector de brazo oscilante negro para la barra de dirección es un protector de choque del conductor para la conducción fuera de la carretera.\nMayores niveles de seguridad, gracias al protector contra choques\nDestaca el aspecto todoterreno resistente",,,taxable,,1,3,,0,0,,,,,1,,,1052.24,"Accesorios para vehiculo, Accesorios para vehiculo > Protectores de Manillar",,,"https://vecsaboutique.com/wp-content/uploads/2025/08/77315B568A4_2.avif, https://vecsaboutique.com/wp-content/uploads/2025/08/77315B568A4.avif",,,,,,,,,0,MOTORRAD,"Compatible con","R1300 GS/GSA",1,1,,,,,,,,,,,,,,,,,,,,,,,,,,,,,,,,,,,,,,sync-and-show,updated,synced,1773630074,,approved,,,,,,,0,,,,,,,,,,,,,,,,,,,,,,,
18997,simple,77405A3C585,,"Bolsillo lateral Urban Collection Grande (G310 GS/R)",1,0,visible,,"La bolsa lateral Urban Collection es una bolsa para las motocicletas BMW G310GS y GS310R. Con una composición robusta, la bolsa te acompaña en tu día a día, en todos tus viajes. Equipada con un sistema de cierre rápido, la bolsa garantiza un acceso rápido y fácil a todos sus artículos. Con una bolsa interior impermeable y extraíble, todos tus artículos se mantienen secos. esta bolsa interior de color naranja asegura una buena visibilidad de todas sus pertenencias.",,,taxable,,1,1,,0,0,,,,,1,,,5584.92,"Accesorios para vehiculo, Accesorios para vehiculo > Maletas y Alforjas",,,https://vecsaboutique.com/wp-content/uploads/2025/08/77405A3C585.avif,,,,,,77405A3C587,,,0,MOTORRAD,"Compatible con","G310 GS/R",1,1,,,,,,,,,,,,,,,,,,,,,,,,,,,,,,,,,,,,,,sync-and-show,updated,synced,1773630074,,approved,,,,,,,0,,,,,,,,,,,,,,,,,,,,,,,
18998,simple,77405A3C587,,"Bolsillo lateral Urban Collection Pequeña (G310 GS/R, CE04)",1,0,visible,,"La bolsa pequeña BMW Urban Collection es perfecta para tu vida diaria, de tamaño pequeño con un bolsillo principal impermeable, la bolsa mantiene todos tus artículos seguros. De fácil acceso, mantiene su equipaje a mano. Equipado con un sistema de liberación rápida, su instalación y extracción son muy fáciles. El volumen de la bolsa es base 10L pero se puede ajustar gracias a las correas de compresión. Hay un bolsillo principal y un bolsillo con cremallera en la parte delantera.",,,taxable,,1,2,,0,0,,,,,1,,,4747.94,"Accesorios para vehiculo, Accesorios para vehiculo > Maletas y Alforjas",,,"https://vecsaboutique.com/wp-content/uploads/2025/08/77405A3C587.avif, https://vecsaboutique.com/wp-content/uploads/2025/08/77405A3C587_2.avif",,,,,,77405A3C585,,,0,MOTORRAD,"Compatible con","G310 GS/R\, CE 04.",1,1,,,,,,,,,,,,,,,,,,,,,,,,,,,,,,,,,,,,,,sync-and-show,updated,synced,1773630074,,approved,,,,,,,0,,,,,,,,,,,,,,,,,,,,,,,
18999,simple,77435B75C17,,"Topcase Negro (R1300 GSA)",1,0,visible,,"Este top case negro BMW se adapta perfectamente a tu BMW R1300GS Adventure.\nUn top case BMW Motorrad te permite transportar tus pertenencias mientras conduces y también almacenar tu equipo cuando no estás en la moto. Es práctico: mantiene tus objetos secos. Además, puede ser una forma de personalizar tu moto.",,,taxable,,0,0,,0,0,,,,,1,,,16942.75,"Accesorios para vehiculo, Accesorios para vehiculo > Maletas y Alforjas, Accesorios para vehiculo > Top Case",,,https://vecsaboutique.com/wp-content/uploads/2025/08/77435B75C17.avif,,,,,,77435A6ED29,,,0,MOTORRAD,"Compatible con","R1300 GSA",1,1,,,,,,,,,,,,,,,,,,,,,,,,,,,,,,,,,,,,,,sync-and-show,updated,,,,,,,,,,,0,,,,,,,,,,,,,,,,,,,,,,,
19000,simple,77455A31312,,"Sujeción para Mochila de Tanque de Gasolina",1,0,visible,,"Conexión adecuada para la bolsa de depósito Black Collection grande y pequeña.",,,taxable,,1,1,,0,0,,,,,1,,,838.02,"Accesorios para vehiculo, Accesorios para vehiculo > Maletas y Alforjas",,,https://vecsaboutique.com/wp-content/uploads/2025/08/77455A31312.avif,,,,,77455A50328,,,,0,MOTORRAD,,,,,,,,,,,,,,,,,,,,,,,,,,,,,,,,,,,,,,,,,,sync-and-show,created,synced,1773630074,,approved,,,,,,,0,,,,,,,,,,,,,,,,,,,,,,,
19001,simple,77455A31315,,"Sujeción para Mochila de Tanque de Gasolina",1,0,visible,,"Conexión adecuada para la bmochila de tanque de gasolina.",,,taxable,,1,1,,0,0,,,,,1,,,1008.99,"Accesorios para vehiculo, Accesorios para vehiculo > Maletas y Alforjas",,,https://vecsaboutique.com/wp-content/uploads/2025/08/77455A31315.avif,,,,,77455A503A6,,,,0,MOTORRAD,,,,,,,,,,,,,,,,,,,,,,,,,,,,,,,,,,,,,,,,,,sync-and-show,created,synced,1773630074,,approved,,,,,,,0,,,,,,,,,,,,,,,,,,,,,,,
19002,simple,77455A50328,,"Mochila tanque de gasolina Adventure Collection, grande",1,0,visible,,"Ofrece un amplio espacio de almacenamiento para tener lo indispensable siempre a la mano, además, su cubierta superior transparente permite visualizar mapas o el teléfono sin necesidad de abrirla. Su diseño intrépido en tonos grises le da ese toque urbano que te hará robar miradas y resaltar aún más el carácter premium de tu moto.",,,taxable,,1,1,,0,0,,,,,1,,,7028.02,"Accesorios para vehiculo, Accesorios para vehiculo > Maletas y Alforjas",,,https://vecsaboutique.com/wp-content/uploads/2025/08/77455A50328.avif,,,,,77455A503A6,77495A503C1,,,0,MOTORRAD,,,,,,,,,,,,,,,,,,,,,,,,,,,,,,,,,,,,,,,,,,sync-and-show,created,synced,1773630074,,approved,,,,,,,0,,,,,,,,,,,,,,,,,,,,,,,
19003,simple,77455A503A6,,"Mochila tanque de gasolina Adventure Collection, pequeña",1,0,visible,,"Diseñada para acompañarte en cada trayecto, ya sea en carretera o tus aventuras. Su diseño compacto y moderno refleja el estilo sobrio característico de la marca. Esta maleta se convierte en tu mejor aliada, manteniendo tus pertenencias organizadas y al alcance de tu mano. Transforma cada viaje en una experiencia premium, llevando contigo un accesorio que lleva la excelencia y el espíritu del motociclismo BMW.",,,taxable,,1,2,,0,0,,,,,1,,,3907.22,"Accesorios para vehiculo, Accesorios para vehiculo > Maletas y Alforjas",,,https://vecsaboutique.com/wp-content/uploads/2025/08/77455A503A6.avif,,,,,,77495A503C0,,,0,MOTORRAD,,,,,,,,,,,,,,,,,,,,,,,,,,,,,,,,,,,,,,,,,,sync-and-show,created,synced,1773630074,,approved,,,,,,,0,,,,,,,,,,,,,,,,,,,,,,,
19004,simple,77495A0E757,,"Bolsa trasera Black Collection grande",1,0,visible,,"La bolsa trasera grande con un volumen de 50-60 L, pero compacto y plegable; ofrece detalles inteligentes como una bolsa interior impermeable y extraíble y correas de hombro variables.",,,taxable,,1,1,,0,0,,,,,1,,,7499.62,"Accesorios para vehiculo, Accesorios para vehiculo > Maletas y Alforjas",,,https://vecsaboutique.com/wp-content/uploads/2025/08/77495A0E757.avif,,,,,,,,,0,MOTORRAD,,,,,,,,,,,,,,,,,,,,,,,,,,,,,,,,,,,,,,,,,,sync-and-show,created,synced,1773630074,,approved,,,,,,,0,,,,,,,,,,,,,,,,,,,,,,,
19005,simple,77495A503C0,,"Bolsa trasera Adventure Collection pequeña",1,0,visible,,"La pequeña bolsa trasera con un volumen de 37-45 litros ofrece detalles inteligentes como una bolsa interior impermeable y extraíble y correas de hombro variables para que la bolsa se pueda usar como mochila cuando no esté equipada para la motocicleta.",,,taxable,,1,1,,0,0,,,,,1,,,6543.11,"Accesorios para vehiculo, Accesorios para vehiculo > Maletas y Alforjas",,,https://vecsaboutique.com/wp-content/uploads/2025/08/77495A503C0.avif,,,,,,77495A503C1,,,0,MOTORRAD,,,,,,,,,,,,,,,,,,,,,,,,,,,,,,,,,,,,,,,,,,sync-and-show,created,synced,1773630074,,approved,,,,,,,0,,,,,,,,,,,,,,,,,,,,,,,
19006,simple,77495A503C1,,"Mochila Adventure Collection",1,0,visible,,"La exclusiva mochila Adventure Collection de tejido de nylon resistente ofrece el tamaño apropiado para una excursión de un día, aunque también para los desplazamientos diarios al trabajo. Combina un diseño discreto con una amplia gama de funciones. Gracias al compartimento principal impermeable con apartado para portátil integrado (hasta 15 pulgadas), las lluvias no son un problema.",,,taxable,,1,2,,0,0,,,,,1,,,3564.08,"Accesorios para vehiculo, Accesorios para vehiculo > Maletas y Alforjas",,,https://vecsaboutique.com/wp-content/uploads/2025/08/77495A503C1.avif,,,,,,77495A503C0,,,0,MOTORRAD,,,,,,,,,,,,,,,,,,,,,,,,,,,,,,,,,,,,,,,,,,sync-and-show,updated,synced,1773630074,,approved,,,,,,,0,,,,,,,,,,,,,,,,,,,,,,,
19007,simple,77495A5CCD9,,"Bolsa trasera edición 100 Años (R18)",1,0,visible,,"La bolsa trasera 100 Years Edition se adapta perfectamente a tu motocicleta BMW R18, R18 Classic y su portaequipajes original.\n- Capacidad: 27L\n- Dimensiones (L×W×H): aproximadamente 36 × 24 × 28 cm.\n- Composición: tejido y piel\n- Impermeable\n- De color negro\n- Asas de transporte\n- Portabotellas en el lateral",,,taxable,,1,1,,0,0,,,,,1,,,12390.74,"Accesorios para vehiculo, Accesorios para vehiculo > Maletas y Alforjas",,,https://vecsaboutique.com/wp-content/uploads/2025/08/77495A5CCD9.avif,,,,,,,,,0,MOTORRAD,,,,,,,,,,,,,,,,,,,,,,,,,,,,,,,,,,,,,,,,,,sync-and-show,created,synced,1773630074,,approved,,,,,,,0,,,,,,,,,,,,,,,,,,,,,,,
19008,simple,77495B5C6D7,,"Juego de Bolsas Bastidor Izquierda/Derecha (R1300 GSA)",1,0,visible,,"El conjunto de bolsas de bastidor son una solución de transporte ideal para objetos más pequeños que permanecerán permanentemente en la motocicleta. Está atornillado en el marco trasero en lugar del panel lateral y cuenta con dos litros de espacio adicional con su revestimiento impermeable.\n\n-Bolsas de marco resistentes hechas de naylon balístico 1680\n-Perno seguro en el marco trasero\n- Bolsa interior impermeable\n-Volumen: 2 litros\n-Carga máxima: 1 kg\n-A prueba de desgarros, resistente, resistente a los rayos UV y a la intemperie\n-Color: negro con sobreimpresión brillante\n-Especificaciones de entrega: dos bolsas para el lado izquierdo y derecho",,,taxable,,1,3,,0,0,,,,,1,,,4285.23,"Accesorios para vehiculo, Accesorios para vehiculo > Maletas y Alforjas",,,https://vecsaboutique.com/wp-content/uploads/2025/08/77495B5C6D7.avif,,,,,,,,,0,MOTORRAD,,,,,,,,,,,,,,,,,,,,,,,,,,,,,,,,,,,,,,,,,,sync-and-show,updated,synced,1773630074,,approved,,,,,,,0,,,,,,,,,,,,,,,,,,,,,,,
19009,simple,77515A1DBD3,,"Juego combinaciónn luz trasera LED MiniBobber ( R 18)",1,0,visible,,"La combinación de miniintermitente LED y luz trasera en una elegante carcasa de metal negro se caracteriza por su diseño personalizado de alta calidad y tecnología avanzada. La función de intermitencia, las luces de freno y traseras convencen por su potencia luminosa extremadamente brillante y eficiente.",,,taxable,,1,1,,0,0,,,,,1,,,6881.77,"Accesorios para vehiculo, Accesorios para vehiculo > Luces Traseras",,,https://vecsaboutique.com/wp-content/uploads/2025/08/77515A1DBD3.avif,,,,,,,,,0,MOTORRAD,,,,,,,,,,,,,,,,,,,,,,,,,,,,,,,,,,,,,,,,,,sync-and-show,created,has-errors,1760151668,,,,,,,,,0,,,,,,,,,,,,,,,,,,,,,,,
19010,simple,77525A417F9,,"Cargador USB dual con cable 600 mm",1,0,visible,,"El adaptador de carga USB dual simplemente se inserta en el encendedor de cigarrillos. Esto permite que dos dispositivos móviles externos se carguen fácil y convenientemente al mismo tiempo.Se adapta a todos los cables de carga USB con puertos tipo A",,,taxable,,1,2,,0,0,,,,,1,,,1332.11,"Accesorios para vehiculo, Accesorios para vehiculo > Cargadores",,,https://vecsaboutique.com/wp-content/uploads/2025/08/77525A417F9.avif,,,,,,,,,0,MOTORRAD,,,,,,,,,,,,,,,,,,,,,,,,,,,,,,,,,,,,,,,,,,sync-and-show,created,synced,1773889633,,approved,,,,,,,0,,,,,,,,,,,,,,,,,,,,,,,
19011,simple,77525A881E8,,"Juego ConnectedRide Navigator Pantalla TFT de 5,5""",1,0,visible,,"El nuevo ConnectedRide Navigator está desarrollado por BMW y permite actualizaciones a través de los sistemas BMW Motorrad.\nMapas de navegación impulsados por TomTom. Las actualizaciones disponibles se muestran automáticamente cuando hay una conexión a Internet a través de una red de datos móvil o WiFi. Tanto el mapa como las actualizaciones de software se ofrecen de forma gratuita. Fijación fácil y rápida del ConnectedRide Navigator en el soporte específico del vehículo (""Preparación de navegación"")\nCompatible con versiones anteriores: Casi todos los modelos de BMW Motorrad con el Multi-Controller (a partir del año modelo 2014).\nTarjeta SIM: Micro SIM, compatible con 4G/LTE. Tecnología GPS de última generación.",,,taxable,,1,2,,0,0,,,,,1,,,16792.80,"Accesorios para vehiculo, Accesorios para vehiculo > Navegadores",,,https://vecsaboutique.com/wp-content/uploads/2025/08/77525A881E8.avif,,,,,,,,,0,MOTORRAD,,,,,,,,,,,,,,,,,,,,,,,,,,,,,,,,,,,,,,,,,,sync-and-show,created,has-errors,1760151668,,,,,,,,,0,,,,,,,,,,,,,,,,,,,,,,,
19012,simple,77525B44EA5,,"Cristal protector pantalla TFT6,5""",1,0,visible,,"El vidrio protector preserva de manera confiable la pantalla TFT de 6,5 pulgadas de la contaminación, la caída de rocas y los daños. El vidrio endurecido tiene una superficie antirreflectante y antirreflectante, por lo que la pantalla TFT se puede leer muy bien. Con Motocicleta BMW letras.",,,taxable,,1,1,,0,0,,,,,1,,,1796.80,"Accesorios para vehiculo, Accesorios para vehiculo > Navegadores",,,https://vecsaboutique.com/wp-content/uploads/2025/08/77525B44EA5.avif,,,,,,,,,0,MOTORRAD,,,,,,,,,,,,,,,,,,,,,,,,,,,,,,,,,,,,,,,,,,sync-and-show,created,has-errors,1760151668,,,,,,,,,0,,,,,,,,,,,,,,,,,,,,,,,
19013,simple,82145B3E1E0,,"Calcomanías Laterales BMW M Preformance (X3 M)",1,0,visible,,"Mejore la silueta deportiva de su BMW G45 X3 con las calcomanías laterales Genuine M Performance en Frozen Black. Diseñadas para combinar perfectamente con la geometría del vehículo, estas calcomanías exclusivas subrayan la postura atlética del X3 y añaden un toque sutil y premium que es inequindublemente BMW.",,,taxable,,1,2,,0,0,,,,,1,,,2364.36,"Accesorios para vehiculo, Accesorios para vehiculo > Aplicaciones & Emblemas, Accesorios para vehiculo > M Performance",,,https://vecsaboutique.com/wp-content/uploads/2025/08/82145B3E1E0.avif,,,,,,,,,0,BMW,,,,,,,,,,,,,,,,,,,,,,,,,,,,,,,,,,,,,,,,,,sync-and-show,created,has-errors,1760151668,,approved,,,,,,,0,,,,,,,,,,,,,,,,,,,,,,,
19014,simple,36118036934,,"Rin de aleación ligera BMW M-Star Spoke 193 8.5Jx18¨ ET:37 ( Solo para ajuste trasero)",1,0,visible,,"Personaliza tu BMW con una selección de rines. Los productos BMW originales han pasado pruebas estrictas en línea con los estándares de fábrica.\nM Star-spoke 193 trasero rin de aleación fundida, tamaño de 18 pulgadas. 8.5J J xa18 ET:37, sin neumático.\nNota: Esta llanta viene sin tapa central. Si necesita la tapa central, por favor, pida el número de pieza 36 13 6 783 536.",,,taxable,,1,1,,0,0,,,,,1,,,11761.55,"Llantas y rines, Llantas y rines > Rines",,,https://vecsaboutique.com/wp-content/uploads/2025/08/36118036934.avif,,,,,,,,,0,BMW,,,,,,,,,,,,,,,,,,,,,,,,,,,,,,,,,,,,,,,,,,sync-and-show,created,has-errors,1760151668,,,,,,,,,0,,,,,,,,,,,,,,,,,,,,,,,
19015,simple,36118747000,,"Rin Jet Black Matte de cara cepillada Estilo 797M 8Jx19¨ ET:27 (delantera)",1,0,visible,,"Rin de Aleación Original BMW M Doble Radio 797\n- Diseño: M Doble Radio 797.\n- Tamaño: 19 pulgadas.\n- Color: Jet Black mate (bicolor).\n- Referencia 36118747000.\n- Configuración: Ideal para eje delantero.\n- No incluye llanta, ni centro de rin.",,,taxable,,1,1,,0,0,,,,,1,,,15327.64,"Llantas y rines, Llantas y rines > Rines",,,https://vecsaboutique.com/wp-content/uploads/2025/08/36118747000.avif,,,,,,,,,0,BMW,,,,,,,,,,,,,,,,,,,,,,,,,,,,,,,,,,,,,,,,,,sync-and-show,created,synced,1773889633,,approved,,,,,,,0,,,,,,,,,,,,,,,,,,,,,,,
19016,simple,36120039658,,"Llanta Pirelli Cinturato P1 R-F 195/55 R16"" 87W para MINI",1,0,visible,,"Elegante y distintivo, CINTURATO™ P1™ es la solución premium para la movilidad urbana. CINTURATO™ P1™ ha sido creado para aprovechar al máximo los últimos materiales, estructuras y diseños de la banda de rodadura para garantizar ahorro, respeto por el medio ambiente y comodidad y seguridad en todas las superficies de la carretera. Run Flat™ Conducir sin presión.\nRin: R16 Ancho: 195 Perfil: 55",,,taxable,,1,1,,0,0,,,,,1,,,4302.86,"Llantas y rines > Llantas, Llantas y rines",,,"https://vecsaboutique.com/wp-content/uploads/2025/08/36120039658_a.avif, https://vecsaboutique.com/wp-content/uploads/2025/08/36120039658_b.avif",,,,,,,,,0,MINI,,,,,,,,,,,,,,,,,,,,,,,,,,,,,,,,,,,,,,,,,,sync-and-show,updated,has-errors,1760151668,,,,,,,,,0,,,,,,,,,,,,,,,,,,,,,,,
19017,simple,36120040545,,"Llanta Dunlop SP Sport Maxx RT ROF 205/40 R18"" 86W para MINI",1,0,visible,,"Neumático asimétrico de ultra alto rendimiento completamente rediseñado. La tecnología de mezcla derivada del automovilismo y los bloques de hombro estables garantizan un agarre fascinante y un excelente rendimiento de frenado con propiedades equilibradas de conducción en seco y en mojado. Diseñado para coches deportivos y limusinas rápidas. ROF Run on Flat. Conducir sin presión.\nRin: R18 Ancho: 205 Perfil: 40",,,taxable,,1,1,,0,0,,,,,1,,,7146.14,"Llantas y rines > Llantas, Llantas y rines",,,https://vecsaboutique.com/wp-content/uploads/2025/08/36120040545.avif,,,,,,,,,0,MINI,,,,,,,,,,,,,,,,,,,,,,,,,,,,,,,,,,,,,,,,,,sync-and-show,updated,has-errors,1760151668,,,,,,,,,0,,,,,,,,,,,,,,,,,,,,,,,
19018,simple,36120040910,,"Llanta Dunlop SP Sport Maxx RT ROF 205/45 R17"" 88W para MINI",1,0,visible,,"Neumático asimétrico de ultra alto rendimiento completamente rediseñado. La tecnología de mezcla derivada del automovilismo y los bloques de hombro estables garantizan un agarre fascinante y un excelente rendimiento de frenado con propiedades equilibradas de conducción en seco y en mojado. Diseñado para coches deportivos y limusinas rápidas. ROF Run on Flat. Conducir sin presión.\nRin: R17 Ancho: 205 Perfil: 45",,,taxable,,1,1,,0,0,,,,,1,,,5247.86,"Llantas y rines > Llantas, Llantas y rines",,,https://vecsaboutique.com/wp-content/uploads/2025/08/36120040910.avif,,,,,,,,,0,MINI,,,,,,,,,,,,,,,,,,,,,,,,,,,,,,,,,,,,,,,,,,sync-and-show,updated,has-errors,1760151668,,approved,,,,,,,0,,,,,,,,,,,,,,,,,,,,,,,
19019,simple,36120040911,,"Llanta Hankook Ventus S1 EVO2 K117B HRS 205/45 R17 88W MINI",1,0,visible,,"¡El mejor equilibrio entre el rendimiento húmedo y el seco!\n- Equilibrio óptimo entre las propiedades húmedas y secas.\n- Guía lateral controlada y precisa en viajes a mayor velocidad.\n- Cumple con los requisitos de rendimiento y el medio ambiente al minimizar la resistencia a la rodadura y el diseño óptimo del perfil.\n-Hankook Run Flat Sistem (HRS). Conducir sin presión.\nRin: R17 Ancho: 205 Perfil: 45",,,taxable,,1,2,,0,0,,,,,1,,,4181.59,"Llantas y rines > Llantas, Llantas y rines",,,"https://vecsaboutique.com/wp-content/uploads/2025/08/36120040911_0001_Capa-33.avif, https://vecsaboutique.com/wp-content/uploads/2025/08/36120040911_0000_Capa-34.avif",,,,,,,,,0,MINI,,,,,,,,,,,,,,,,,,,,,,,,,,,,,,,,,,,,,,,,,,sync-and-show,updated,has-errors,1760151668,,approved,,,,,,,0,,,,,,,,,,,,,,,,,,,,,,,
19020,simple,36122218756,,"Llanta Bridgestone Turanza ER 300 A Ecopia RFT 205/55 R16 91W BMW/MINI",1,0,visible,,"Control total y comodidad tranquila. Este neumático Bridgestone Premium Touring se ha diseñado como complemento a la potencia del motor y la comodidad de conducción para vehículos de clase media, alta y lujo.\nManejado TOP en condiciones húmedas y secas. El interior de la banda de rodadura ha sido especialmente diseñado para mejorar el agarre en condiciones húmedas. Excelente estabilidad en rutas rectas incluso a mayor velocidad. Viaje cómodo y extremadamente tranquilo. Run flat Tire (RFT).Conducir sin presión.\nRin: R16 Ancho: 205 Perfil: 55",,,taxable,,1,2,,0,0,,,,,1,,,3917.85,"Llantas y rines > Llantas, Llantas y rines",,,https://vecsaboutique.com/wp-content/uploads/2025/08/36122218756.avif,,,,,,,,,0,BMW,,,,,,,,,,,,,,,,,,,,,,,,,,,,,,,,,,,,,,,,,,sync-and-show,updated,has-errors,1760151668,,,,,,,,,0,,,,,,,,,,,,,,,,,,,,,,,
19021,simple,36122218766,,"Llanta Bridgestone Potenza S 001 RFT 225/45 R17 91W BMW",1,0,visible,,"Diseñada para proporcionar movilidad extendida temporal con pérdida de presión de aire completa después de un pinchazo por una distancia de 80 km hasta 80 kph. Desarrollada y probada en las competiciones deportivas más exigentes, la Bridgestone Potenza S001 le permite descubrir el verdadero potencial de su vehículo sin comprometer el confort y la seguridad. Redescubra la pasión por conducir con Bridgestone.\n- Avanzado diseño asimétrico de la banda de rodadura para un rendimiento destacado, tanto en seco como en mojado.\n- Surcos súper inclinados para una rápida evacuación del agua, alta estabilidad y tracción en superficies mojadas.\n- Hombro con bloques de elevada adherencia para un contacto óptimo con el asfalto, alta fuerza de frenada y máxima adherencia en curva.\n- Run flat Tire (RFT).Conducir sin presión.\nRin: R17 Ancho: 225 Perfil: 45",,,taxable,,1,2,,0,0,,,,,1,,,3888.81,"Llantas y rines > Llantas, Llantas y rines",,,https://vecsaboutique.com/wp-content/uploads/2025/08/36122218766.avif,,,,,,,,,0,BMW,,,,,,,,,,,,,,,,,,,,,,,,,,,,,,,,,,,,,,,,,,sync-and-show,updated,has-errors,1760151668,,approved,,,,,,,0,,,,,,,,,,,,,,,,,,,,,,,
19022,simple,36122232324,,"Llanta Continental SportContact 5 SSR 225/40 R18 88Y BMW",1,0,visible,,"ContiSportContact™ 5 - rendimiento seguro para coches de alto rendimiento, que da la máxima diversión al volante. Neumático con sistema SSR (neumático autónomo). Si se produce un pinchazo, puede continuar conduciendo hasta 80 kilómetros, a una velocidad máxima de 80 km/h, modificando su estilo de conducción.\nRin: R18 Ancho: 225 Perfil: 40",,,taxable,,1,2,,0,0,,,,,1,,,4448.51,"Llantas y rines > Llantas, Llantas y rines",,,https://vecsaboutique.com/wp-content/uploads/2025/08/36122232324.avif,,,,,,,,,0,BMW,,,,,,,,,,,,,,,,,,,,,,,,,,,,,,,,,,,,,,,,,,sync-and-show,updated,synced,1773889633,,approved,,,,,,,0,,,,,,,,,,,,,,,,,,,,,,,
19023,simple,36122293689,,"Llanta Continental SportContact 5 SSR 225/45 R18 91Y BMW",1,0,visible,,"La llanta CONTINENTAL SportContact 5 225/45 R18 91Y se adapta a la superficie de la carretera para mejorar la adherencia y maniobrabilidad. Con un compuesto de última generación, reduce las distancias de frenado tanto en seco como en mojado. La tecnología Bionic Contour del SportContact 5 permite a la banda de rodamiento expandirse durante la aceleración y el frenado, generando mayor estabilidad.Neumático con sistema SSR (neumático autónomo). Si se produce un pinchazo, puede continuar conduciendo hasta 80 kilómetros, a una velocidad máxima de 80 km/h, modificando su estilo de conducción.\nRin: R18 Ancho: 225 Perfil: 45",,,taxable,,1,3,,0,0,,,,,1,,,5443.17,"Llantas y rines > Llantas, Llantas y rines",,,https://vecsaboutique.com/wp-content/uploads/2025/08/36122293689.avif,,,,,,,,,0,BMW,,,,,,,,,,,,,,,,,,,,,,,,,,,,,,,,,,,,,,,,,,sync-and-show,updated,has-errors,1760151668,,,,,,,,,0,,,,,,,,,,,,,,,,,,,,,,,
19024,simple,36122327832,,"Llanta Pirelli Cinturato P7 RF 225/50 R18 95W BMW",1,0,visible,,"PINTURATO™ P7, la primera llanta de ‘rendimiento ecológico’ de Pirelli, ha sido creada para aprovechar al máximo los materiales más novedosos, las estructuras y el diseño del dibujo de la banda de rodamiento para así garantizar el ahorro, el respeto por el medio ambiente, la comodidad y la seguridad sobre todo tipo de superficies viales. Run Flat™ Conducir sin presión.\nRin: R18 Ancho: 225 Perfil: 50",,,taxable,,1,3,,0,0,,,,,1,,,5927.74,"Llantas y rines > Llantas, Llantas y rines",,,https://vecsaboutique.com/wp-content/uploads/2025/08/36122327832.avif,,,,,,,,,0,BMW,,,,,,,,,,,,,,,,,,,,,,,,,,,,,,,,,,,,,,,,,,sync-and-show,updated,synced,1773889633,,approved,,,,,,,0,,,,,,,,,,,,,,,,,,,,,,,
19025,simple,36122357426,,"Llanta Pirelli Scorpion Verde RF 285/45 R19 111W BMW",1,0,visible,,"SCORPION™ VERDE es un producto Pirelli para SUV y crossovers que proporciona un excelente agarre y estabilidad en cualquier condición de carretera. La baja resistencia a la rodadura y el peso reducido garantizan un menor consumo de combustible y emisiones de CO2, combinando así ahorros, respeto por el medio ambiente, comodidad y seguridad en todas las superficies de la carretera. Run Flat™ Conducir sin presión.\nRin: R19 Ancho: 285 Perfil: 45",,,taxable,,1,2,,0,0,,,,,1,,,8172.53,"Llantas y rines > Llantas, Llantas y rines",,,"https://vecsaboutique.com/wp-content/uploads/2025/08/36122357426_0001_Relleno-generativo.avif, https://vecsaboutique.com/wp-content/uploads/2025/08/36122357426_0000_Relleno-generativo-3.avif",,,,,,,,,0,BMW,,,,,,,,,,,,,,,,,,,,,,,,,,,,,,,,,,,,,,,,,,sync-and-show,updated,has-errors,1760151668,,,,,,,,,0,,,,,,,,,,,,,,,,,,,,,,,
19026,simple,36122405196,,"Llanta Pirelli Cinturato P7 K1 RF 225/50 R18 95W MINI",1,0,visible,,"CINTURATO™ P7, la primera llanta de ‘rendimiento ecológico’ de Pirelli, ha sido creada para aprovechar al máximo los materiales más novedosos, las estructuras y el diseño del dibujo de la banda de rodamiento para así garantizar el ahorro, el respeto por el medio ambiente, la comodidad y la seguridad sobre todo tipo de superficies viales. Run Flat™ Conducir sin presión.\nRin: R18 Ancho: 225 Perfil: 50",,,taxable,,1,2,,0,0,,,,,1,,,5860.39,"Llantas y rines > Llantas, Llantas y rines",,,https://vecsaboutique.com/wp-content/uploads/2025/08/36122405196.avif,,,,,,,,,0,MINI,,,,,,,,,,,,,,,,,,,,,,,,,,,,,,,,,,,,,,,,,,sync-and-show,updated,has-errors,1760324404,,,,,,,,,0,,,,,,,,,,,,,,,,,,,,,,,
19027,simple,36122405213,,"Llanta Pirelli P-Zero Runflat 245/45 R19 98Y BMW",1,0,visible,,"El P Zero pertenece al segmento: Máximo Rendimiento Para Verano y es el resultado de más de 100 años de experiencia de Pirelli en el automovilismo deportivo (motorsport). Fue desarrollado para conductores de autos deportivos poderosos, cupés deportivos y sedanes de lujo de alto desempeño Run Flat™ Conducir sin presión.\nRin: R19 Ancho: 245 Perfil: 45",,,taxable,,1,1,,0,0,,,,,1,,,7058.99,"Llantas y rines > Llantas, Llantas y rines",,,https://vecsaboutique.com/wp-content/uploads/2025/08/36122405213.avif,,,,,,,,,0,BMW,,,,,,,,,,,,,,,,,,,,,,,,,,,,,,,,,,,,,,,,,,sync-and-show,updated,has-errors,1760151668,,,,,,,,,0,,,,,,,,,,,,,,,,,,,,,,,
19028,simple,36122407371,,"Llanta Bridgestone Turanza T 001 RFT 225/50 R18 95W BMW",1,0,visible,,"Bridgestone Turanza T001 es la opción para quienes buscan una experiencia de manejo confortable en conjunto con cualidades superiores de agarre y maniobrabilidad. Esta llanta ayuda a incrementar la sensación de suavidad durante el trayecto y mantiene niveles bajos de ruido.Run flat Tire (RFT).Conducir sin presión.\nRin: R18 Ancho: 225 Perfil: 50",,,taxable,,1,6,,0,0,,,,,1,,,6361.76,"Llantas y rines > Llantas, Llantas y rines",,,"https://vecsaboutique.com/wp-content/uploads/2025/08/36122407371_a.avif, https://vecsaboutique.com/wp-content/uploads/2025/08/36122407371_b.avif",,,,,,,,,0,BMW,,,,,,,,,,,,,,,,,,,,,,,,,,,,,,,,,,,,,,,,,,sync-and-show,updated,has-errors,1760151668,,,,,,,,,0,,,,,,,,,,,,,,,,,,,,,,,
19029,simple,36122407387,,"Llanta Pirelli Cinturato P7 RF 225/40 R18 92Y BMW",1,0,visible,,"CINTURATO™ P7, la primera llanta de ‘rendimiento ecológico’ de Pirelli, ha sido creada para aprovechar al máximo los materiales más novedosos, las estructuras y el diseño del dibujo de la banda de rodamiento para así garantizar el ahorro, el respeto por el medio ambiente, la comodidad y la seguridad sobre todo tipo de superficies viales. Run Flat™ Conducir sin presión.\nRin: R18 Ancho: 225 Perfil: 40",,,taxable,,1,2,,0,0,,,,,1,,,3977.01,"Llantas y rines > Llantas, Llantas y rines",,,"https://vecsaboutique.com/wp-content/uploads/2025/08/36122407387_b.avif, https://vecsaboutique.com/wp-content/uploads/2025/08/36122407387_a.avif",,,,,,,,,0,BMW,,,,,,,,,,,,,,,,,,,,,,,,,,,,,,,,,,,,,,,,,,sync-and-show,updated,synced,1773889633,,approved,,,,,,,0,,,,,,,,,,,,,,,,,,,,,,,
19030,simple,36122408791,,"Llanta Bridgestone Potenza S 001 RFT 225/40 R18 92Y MINI",1,0,visible,,"Diseñada para proporcionar movilidad extendida temporal con pérdida de presión de aire completa después de un pinchazo por una distancia de 80 km hasta 80 kph. Desarrollada y probada en las competiciones deportivas más exigentes, la Bridgestone Potenza S001 le permite descubrir el verdadero potencial de su vehículo sin comprometer el confort y la seguridad. Redescubra la pasión por conducir con Bridgestone.\n- Avanzado diseño asimétrico de la banda de rodadura para un rendimiento destacado, tanto en seco como en mojado.\n- Surcos súper inclinados para una rápida evacuación del agua, alta estabilidad y tracción en superficies mojadas.\n- Hombro con bloques de elevada adherencia para un contacto óptimo con el asfalto, alta fuerza de frenada y máxima adherencia en curva.\n- Run flat Tire (RFT).Conducir sin presión.\nRin: R18 Ancho: 225 Perfil: 40",,,taxable,,1,2,,0,0,,,,,1,,,4236.35,"Llantas y rines > Llantas, Llantas y rines",,,https://vecsaboutique.com/wp-content/uploads/2025/08/36122408791.avif,,,,,,,,,0,MINI,,,,,,,,,,,,,,,,,,,,,,,,,,,,,,,,,,,,,,,,,,sync-and-show,updated,has-errors,1760151668,,,,,,,,,0,,,,,,,,,,,,,,,,,,,,,,,
19031,simple,36122414546,,"Llanta Pirelli Cinturato P7 RF 245/50 R18 100Y BMW",1,0,visible,,"PINTURATO™ P7, la primera llanta de ‘rendimiento ecológico’ de Pirelli, ha sido creada para aprovechar al máximo los materiales más novedosos, las estructuras y el diseño del dibujo de la banda de rodamiento para así garantizar el ahorro, el respeto por el medio ambiente, la comodidad y la seguridad sobre todo tipo de superficies viales. Run Flat™ Conducir sin presión.\nRin: R18 Ancho: 245 Perfil: 50",,,taxable,,1,2,,0,0,,,,,1,,,6258.75,"Llantas y rines > Llantas, Llantas y rines",,,https://vecsaboutique.com/wp-content/uploads/2025/08/36122414546.avif,,,,,,,,,0,BMW,,,,,,,,,,,,,,,,,,,,,,,,,,,,,,,,,,,,,,,,,,sync-and-show,updated,has-errors,1760151668,,,,,,,,,0,,,,,,,,,,,,,,,,,,,,,,,
19032,simple,36122449750,,"Llanta Bridgestone ALENZA 001 RFT 245/40 R21 100Y BMW",1,0,visible,,"Diseñada para SUV de lujo, Alenza 001 está diseñada para maximizar el potencial del vehículo tanto en carreteras mojadas como secas con confianza y comodidad. Ofreciendo un rendimiento de frenado de alto nivel, una vida útil excepcional de los neumáticos y un agarre mejorado en condiciones húmedas y secas, los neumáticos Bridgestone Alenza ofrecen una experiencia de conducción dinámica y lujosa.\n- Run flat Tire (RFT).Conducir sin presión.\nRin:21 Ancho: 245 Perfil: 40",,,taxable,,1,1,,0,0,,,,,1,,,10644.38,"Llantas y rines > Llantas, Llantas y rines",,,"https://vecsaboutique.com/wp-content/uploads/2025/08/36122449750_0001_Relleno-generativo-2.avif, https://vecsaboutique.com/wp-content/uploads/2025/08/36122449750_0000_Capa-3.avif",,,,,,,,,0,BMW,,,,,,,,,,,,,,,,,,,,,,,,,,,,,,,,,,,,,,,,,,sync-and-show,updated,has-errors,1760151668,,approved,,,,,,,0,,,,,,,,,,,,,,,,,,,,,,,
19033,simple,36122449751,,"Llanta Bridgestone ALENZA 001 RFT  275/35 R21 103Y BMW",1,0,visible,,"Diseñada para SUV de lujo, Alenza 001 está diseñada para maximizar el potencial del vehículo tanto en carreteras mojadas como secas con confianza y comodidad. Ofreciendo un rendimiento de frenado de alto nivel, una vida útil excepcional de los neumáticos y un agarre mejorado en condiciones húmedas y secas, los neumáticos Bridgestone Alenza ofrecen una experiencia de conducción dinámica y lujosa.\n- Run flat Tire (RFT).Conducir sin presión.\nRin:21 Ancho: 275 Perfil: 35",,,taxable,,1,1,,0,0,,,,,1,,,10844.44,"Llantas y rines > Llantas",,,"https://vecsaboutique.com/wp-content/uploads/2025/08/36122449751_1.avif, https://vecsaboutique.com/wp-content/uploads/2025/08/36122449751.avif, https://vecsaboutique.com/wp-content/uploads/2025/08/36122449751_2.avif",,,,,,,,,0,BMW,,,,,,,,,,,,,,,,,,,,,,,,,,,,,,,,,,,,,,,,,,sync-and-show,created,has-errors,1760324404,,,,,,,,,,,,,,,,,,,,,,,,,,,,,,,,
19034,simple,36122459510,,"Llanta Goodyear Eagle F1 Asymmetric 3 ROF 225/45 R18 95Y BMW",1,0,visible,,"Eagle F1 Asymmetric 3 ROF es la llanta más reciente con Ultra High Performance de Goodyear. Desarrollada para automóviles de alta potencia que exigen respuestas rápidas en condiciones extremas. ROF Run on Flat. Conducir sin presión.\nRin:18 Ancho: 225 Perfil: 45",,,taxable,,1,1,,0,0,,,,,1,,,5991.71,"Llantas y rines > Llantas, Llantas y rines",,,"https://vecsaboutique.com/wp-content/uploads/2025/08/36122459510_0001_Capa-4.avif, https://vecsaboutique.com/wp-content/uploads/2025/08/36122459510_0000_Capa-5.avif",,,,,,,,,0,BMW,,,,,,,,,,,,,,,,,,,,,,,,,,,,,,,,,,,,,,,,,,sync-and-show,updated,has-errors,1760151668,,approved,,,,,,,0,,,,,,,,,,,,,,,,,,,,,,,
19035,simple,36122460618,,"Llanta Goodyear Eagle F1 Asymmetric 3 ROF 225/50 R18 95W MINI",1,0,visible,,"Eagle F1 Asymmetric 3 ROF es la llanta más reciente con Ultra High Performance de Goodyear. Desarrollada para automóviles de alta potencia que exigen respuestas rápidas en condiciones extremas. ROF Run on Flat. Conducir sin presión.\nRin:18 Ancho: 225 Perfil: 50",,,taxable,,1,2,,0,0,,,,,1,,,7024.77,"Llantas y rines > Llantas, Llantas y rines",,,"https://vecsaboutique.com/wp-content/uploads/2025/08/36122460618_0000_Screenshot-2025-08-18-at-17-26-47-Llanta-225_50-R18-GOODYEAR-EAGLE-F1-ASYMMETRIC-3-95W-Run-On-Flat.avif, https://vecsaboutique.com/wp-content/uploads/2025/08/36122460618_0001_Screenshot-2025-08-18-at-17-26-23-Llanta-225_50-R18-GOODYEAR-EAGLE-F1-ASYMMETRIC-3-95W-Run-On-Flat.avif",,,,,,,,,0,MINI,,,,,,,,,,,,,,,,,,,,,,,,,,,,,,,,,,,,,,,,,,sync-and-show,updated,has-errors,1760151668,,,,,,,,,0,,,,,,,,,,,,,,,,,,,,,,,
19036,simple,36122461682,,"Llanta Hankook Ventus S1 EVO3 K117B SUV HRS 265/50 R19 110W BMW",1,0,visible,,"¡El mejor equilibrio entre rendimiento en seco y mojado! Satisface las necesidades de rendimiento y medioambientales minimizando la resistencia a la rodadura y optimizando el perfil. Maximiza el rendimiento en seco gracias a la rigidez optimizada de la banda de rodadura.\nRin:19 Ancho: 265 Perfil: 50",,,taxable,,1,3,,0,0,,,,,1,,,6982.32,"Llantas y rines > Llantas, Llantas y rines",,,https://vecsaboutique.com/wp-content/uploads/2025/08/36122461682.avif,,,,,,,,,0,BMW,,,,,,,,,,,,,,,,,,,,,,,,,,,,,,,,,,,,,,,,,,sync-and-show,updated,has-errors,1760151668,,approved,,,,,,,0,,,,,,,,,,,,,,,,,,,,,,,
19037,simple,36122461684,,"Llanta Pirelli P-Zero Runflat 275/40 R21 107Y BMW",1,0,visible,,"El P Zero pertenece al segmento: Máximo Rendimiento Para Verano y es el resultado de más de 100 años de experiencia de Pirelli en el automovilismo deportivo (motorsport). Fue desarrollado para conductores de autos deportivos poderosos, cupés deportivos y sedanes de lujo de alto desempeño Run Flat™ Conducir sin presión.\nRin: R21 Ancho: 275 Perfil: 40",,,taxable,,1,2,,0,0,,,,,1,,,9132.99,"Llantas y rines > Llantas, Llantas y rines",,,https://vecsaboutique.com/wp-content/uploads/2025/08/36122461684-1.avif,,,,,,,,,0,BMW,,,,,,,,,,,,,,,,,,,,,,,,,,,,,,,,,,,,,,,,,,sync-and-show,updated,synced,1773889633,,approved,,,,,,,0,,,,,,,,,,,,,,,,,,,,,,,
19038,simple,36122461685,,"Llanta Pirelli P-Zero Runflat 315/35 R21 111Y BMW",1,0,visible,,"El P Zero pertenece al segmento: Máximo Rendimiento Para Verano y es el resultado de más de 100 años de experiencia de Pirelli en el automovilismo deportivo (motorsport). Fue desarrollado para conductores de autos deportivos poderosos, cupés deportivos y sedanes de lujo de alto desempeño Run Flat™ Conducir sin presión.\nRin: R21 Ancho: 315 Perfil: 35",,,taxable,,1,1,,0,0,,,,,1,,,11741.16,"Llantas y rines > Llantas, Llantas y rines",,,https://vecsaboutique.com/wp-content/uploads/2025/08/36122461685.avif,,,,,,,,,0,BMW,,,,,,,,,,,,,,,,,,,,,,,,,,,,,,,,,,,,,,,,,,sync-and-show,updated,has-errors,1760151668,,,,,,,,,0,,,,,,,,,,,,,,,,,,,,,,,
19039,simple,36122461748,,"Llanta Bridgestone Turanza T 005 RFT 225/45 R18 95Y BMW",1,0,visible,,"El Turanza T005 está diseñado para ayudar a mantener el control incluso en condiciones de conducción difíciles. El neumático ofrece características de frenado y curvas de primera clase incluso en días de lluvia, combinadas con un alto kilometraje. Run flat Tire (RFT).Conducir sin presión.\nRin:18 Ancho: 225 Perfil: 45",,,taxable,,1,1,,0,0,,,,,1,,,5547.59,"Llantas y rines > Llantas, Llantas y rines",,,"https://vecsaboutique.com/wp-content/uploads/2025/08/36122461748_0000_Screenshot-2025-08-18-at-17-33-00-Bridgestone-Turanza-T-005-225_45-R18-95Y-Belgium.avif, https://vecsaboutique.com/wp-content/uploads/2025/08/36122461748_0001_Screenshot-2025-08-18-at-17-33-06-Bridgestone-Turanza-T-005-225_45-R18-95Y-Belgium.avif, https://vecsaboutique.com/wp-content/uploads/2025/08/36122461748_0002_Screenshot-2025-08-18-at-17-33-11-Bridgestone-Turanza-T-005-225_45-R18-95Y-Belgium.avif",,,,,,,,,0,BMW,,,,,,,,,,,,,,,,,,,,,,,,,,,,,,,,,,,,,,,,,,sync-and-show,updated,has-errors,1760151668,,approved,,,,,,,0,,,,,,,,,,,,,,,,,,,,,,,
19040,simple,36122461749,,"Llanta Bridgestone Turanza T 005 RFT 255/40 R18 99Y",1,0,visible,,"El Turanza T005 está diseñado para ayudar a mantener el control incluso en condiciones de conducción difíciles. El neumático ofrece características de frenado y curvas de primera clase incluso en días de lluvia, combinadas con un alto kilometraje. Run flat Tire (RFT).Conducir sin presión.\nRin:18 Ancho: 255 Perfil: 40",,,taxable,,1,1,,0,0,,,,,1,,,6777.58,"Llantas y rines > Llantas, Llantas y rines",,,https://vecsaboutique.com/wp-content/uploads/2025/08/36122461749.avif,,,,,,,,,0,BMW,,,,,,,,,,,,,,,,,,,,,,,,,,,,,,,,,,,,,,,,,,sync-and-show,updated,has-errors,1760151668,,,,,,,,,0,,,,,,,,,,,,,,,,,,,,,,,
19041,simple,36122461754,,"Llanta Pirelli P-Zero Runflat 225/40 R19 93Y BMW",1,0,visible,,"El P Zero pertenece al segmento: Máximo Rendimiento Para Verano y es el resultado de más de 100 años de experiencia de Pirelli en el automovilismo deportivo (motorsport). Fue desarrollado para conductores de autos deportivos poderosos, cupés deportivos y sedanes de lujo de alto desempeño Run Flat™ Conducir sin presión.\nRin: 19 Ancho: 225 Perfil: 40",,,taxable,,1,1,,0,0,,,,,1,,,6850.23,"Llantas y rines > Llantas, Llantas y rines",,,"https://vecsaboutique.com/wp-content/uploads/2025/08/36122461754_0001_Relleno-generativo.avif, https://vecsaboutique.com/wp-content/uploads/2025/08/36122461754_0000_Capa-2.avif",,,,,,,,,0,BMW,,,,,,,,,,,,,,,,,,,,,,,,,,,,,,,,,,,,,,,,,,sync-and-show,updated,synced,1773889633,,approved,,,,,,,0,,,,,,,,,,,,,,,,,,,,,,,
19042,simple,36122461755,,"Llanta Pirelli P-Zero Runflat 255/35 R19 96Y BMW",1,0,visible,,"El P Zero pertenece al segmento: Máximo Rendimiento Para Verano y es el resultado de más de 100 años de experiencia de Pirelli en el automovilismo deportivo (motorsport). Fue desarrollado para conductores de autos deportivos poderosos, cupés deportivos y sedanes de lujo de alto desempeño Run Flat™ Conducir sin presión.\nRin: 19 Ancho: 255 Perfil: 35",,,taxable,,1,1,,0,0,,,,,1,,,6708.18,"Llantas y rines > Llantas, Llantas y rines",,,https://vecsaboutique.com/wp-content/uploads/2025/08/36122461755.avif,,,,,,,,,0,BMW,,,,,,,,,,,,,,,,,,,,,,,,,,,,,,,,,,,,,,,,,,sync-and-show,updated,has-errors,1760151668,,,,,,,,,0,,,,,,,,,,,,,,,,,,,,,,,
19043,simple,36122461757,,"Llanta Pirelli P-Zero Runflat 255/30 R20 92Y BMW",1,0,visible,,"El P Zero pertenece al segmento: Máximo Rendimiento Para Verano y es el resultado de más de 100 años de experiencia de Pirelli en el automovilismo deportivo (motorsport). Fue desarrollado para conductores de autos deportivos poderosos, cupés deportivos y sedanes de lujo de alto desempeño Run Flat™ Conducir sin presión.\nRin: 20 Ancho: 255 Perfil: 30",,,taxable,,1,1,,0,0,,,,,1,,,9992.69,"Llantas y rines > Llantas, Llantas y rines",,,"https://vecsaboutique.com/wp-content/uploads/2025/08/36122461757_a.avif, https://vecsaboutique.com/wp-content/uploads/2025/08/36122461757_b.avif",,,,,,,,,0,BMW,,,,,,,,,,,,,,,,,,,,,,,,,,,,,,,,,,,,,,,,,,sync-and-show,updated,has-errors,1760151668,,,,,,,,,0,,,,,,,,,,,,,,,,,,,,,,,
19044,simple,36122463424,,"Llanta Goodyear Eagle F1 Asymmetric 3 ROF 225/40 R19 93Y BMW",1,0,visible,,"Eagle F1 Asymmetric 3 ROF es la llanta más reciente con Ultra High Performance de Goodyear. Desarrollada para automóviles de alta potencia que exigen respuestas rápidas en condiciones extremas. ROF Run on Flat. Conducir sin presión.\nRin:19 Ancho: 225 Perfil: 40",,,taxable,,1,2,,0,0,,,,,1,,,7024.77,"Llantas y rines > Llantas, Llantas y rines",,,"https://vecsaboutique.com/wp-content/uploads/2025/08/36122463424_0001_Capa-1.avif, https://vecsaboutique.com/wp-content/uploads/2025/08/36122463424_0000_Capa-2.avif",,,,,,,,,0,BMW,,,,,,,,,,,,,,,,,,,,,,,,,,,,,,,,,,,,,,,,,,sync-and-show,updated,has-errors,1760151668,,approved,,,,,,,0,,,,,,,,,,,,,,,,,,,,,,,
19045,simple,36122464598,,"Llanta Pirelli P-Zero Runflat 285/45 R21 113Y BMW",1,0,visible,,"El P Zero pertenece al segmento: Máximo Rendimiento Para Verano y es el resultado de más de 100 años de experiencia de Pirelli en el automovilismo deportivo (motorsport). Fue desarrollado para conductores de autos deportivos poderosos, cupés deportivos y sedanes de lujo de alto desempeño Run Flat™ Conducir sin presión.\nRin: R21 Ancho: 285 Perfil: 45",,,taxable,,1,1,,0,0,,,,,1,,,13370.90,"Llantas y rines > Llantas, Llantas y rines",,,"https://vecsaboutique.com/wp-content/uploads/2025/08/36122464598_a.avif, https://vecsaboutique.com/wp-content/uploads/2025/08/36122464598_b.avif, https://vecsaboutique.com/wp-content/uploads/2025/08/36122464598_c.avif",,,,,,,,,0,BMW,,,,,,,,,,,,,,,,,,,,,,,,,,,,,,,,,,,,,,,,,,sync-and-show,updated,has-errors,1760151668,,,,,,,,,0,,,,,,,,,,,,,,,,,,,,,,,
19046,simple,36122465718,,"Llanta Hankook Ventus S1 EVO3 HRS 225/45 R18 95Y BMW",1,0,visible,,"¡El mejor equilibrio entre rendimiento en seco y mojado! Satisface las necesidades de rendimiento y medioambientales minimizando la resistencia a la rodadura y optimizando el perfil. Maximiza el rendimiento en seco gracias a la rigidez optimizada de la banda de rodadura.\nRin:18 Ancho: 225 Perfil: 45",,,taxable,,1,2,,0,0,,,,,1,,,5129.80,"Llantas y rines > Llantas, Llantas y rines",,,https://vecsaboutique.com/wp-content/uploads/2025/08/36122465718-2.avif,,,,,,,,,0,BMW,,,,,,,,,,,,,,,,,,,,,,,,,,,,,,,,,,,,,,,,,,sync-and-show,updated,has-errors,1760151668,,,,,,,,,0,,,,,,,,,,,,,,,,,,,,,,,
19047,simple,36122465721,,"Llanta Hankook Ventus S1 EVO3 HRS 255/40 R18 99Y BMW",1,0,visible,,"¡El mejor equilibrio entre rendimiento en seco y mojado! Satisface las necesidades de rendimiento y medioambientales minimizando la resistencia a la rodadura y optimizando el perfil. Maximiza el rendimiento en seco gracias a la rigidez optimizada de la banda de rodadura.\nRin:18 Ancho: 255 Perfil: 40",,,taxable,,1,1,,0,0,,,,,1,,,5683.40,"Llantas y rines > Llantas, Llantas y rines",,,https://vecsaboutique.com/wp-content/uploads/2025/08/36122465721.avif,,,,,,,,,0,BMW,,,,,,,,,,,,,,,,,,,,,,,,,,,,,,,,,,,,,,,,,,sync-and-show,updated,has-errors,1760151668,,,,,,,,,0,,,,,,,,,,,,,,,,,,,,,,,,,,
19048,simple,36122467510,,"Llanta Pirelli P-Zero Runflat 275/40 R20 106W BMW",1,0,visible,,"El P Zero pertenece al segmento: Máximo Rendimiento Para Verano y es el resultado de más de 100 años de experiencia de Pirelli en el automovilismo deportivo (motorsport). Fue desarrollado para conductores de autos deportivos poderosos, cupés deportivos y sedanes de lujo de alto desempeño Run Flat™ Conducir sin presión.\nRin: 20 Ancho: 275 Perfil: 40",,,taxable,,1,1,,0,0,,,,,1,,,7867.01,"Llantas y rines > Llantas, Llantas y rines",,,https://vecsaboutique.com/wp-content/uploads/2025/08/36122467510.avif,,,,,,,,,0,BMW,,,,,,,,,,,,,,,,,,,,,,,,,,,,,,,,,,,,,,,,,,sync-and-show,updated,has-errors,1760151668,,,,,,,,,0,,,,,,,,,,,,,,,,,,,,,,,,,,
19049,simple,36122470972,,"Llanta Goodyear Eagle F1 Asymmetric 3 ROF 205/45 R17 88W MIINI",1,0,visible,,"Eagle F1 Asymmetric 3 ROF es la llanta más reciente con Ultra High Performance de Goodyear. Desarrollada para automóviles de alta potencia que exigen respuestas rápidas en condiciones extremas. ROF Run on Flat. Conducir sin presión.\nRin:17 Ancho: 205 Perfil: 45",,,taxable,,1,2,,0,0,,,,,1,,,5455.05,"Llantas y rines > Llantas, Llantas y rines",,,"https://vecsaboutique.com/wp-content/uploads/2025/08/36122470972_a.avif, https://vecsaboutique.com/wp-content/uploads/2025/08/36122470972_b.avif, https://vecsaboutique.com/wp-content/uploads/2025/08/36122470972_c.avif",,,,,,,,,0,MINI,,,,,,,,,,,,,,,,,,,,,,,,,,,,,,,,,,,,,,,,,,sync-and-show,updated,has-errors,1760151668,,approved,,,,,,,0,,,,,,,,,,,,,,,,,,,,,,,,,,
19050,simple,36122471033,,"Llanta Bridgestone Turanza T 005 RFT 225/40 R18 92Y BMW",1,0,visible,,"El Turanza T005 está diseñado para ayudar a mantener el control incluso en condiciones de conducción difíciles. El neumático ofrece características de frenado y curvas de primera clase incluso en días de lluvia, combinadas con un alto kilometraje. Run flat Tire (RFT).Conducir sin presión.\nRin:18 Ancho: 225 Perfil: 40",,,taxable,,1,1,,0,0,,,,,1,,,4140.72,"Llantas y rines > Llantas, Llantas y rines",,,https://vecsaboutique.com/wp-content/uploads/2025/08/36122471033.avif,,,,,,,,,0,BMW,,,,,,,,,,,,,,,,,,,,,,,,,,,,,,,,,,,,,,,,,,sync-and-show,updated,has-errors,1760151668,,approved,,,,,,,0,,,,,,,,,,,,,,,,,,,,,,,,,,
19051,simple,36122471061,,"Llanta Bridgestone Alenza 001 245/50 R19 105W",1,0,visible,,"La Bridgestone Alenza 001 es una opción sólida para conductores de SUVs premium que buscan un neumático de alto rendimiento que ofrezca un buen agarre, durabilidad y comodidad. Esta llanta utiliza tecnología avanzada para lograr un equilibrio entre rendimiento y seguridad en la carretera.\nRin:19 Ancho: 245 Perfil: 50",,,taxable,,1,4,,0,0,,,,,1,,,7029.11,"Llantas y rines > Llantas, Llantas y rines",,,"https://vecsaboutique.com/wp-content/uploads/2025/08/36122471061_a.avif, https://vecsaboutique.com/wp-content/uploads/2025/08/36122471061_b.avif, https://vecsaboutique.com/wp-content/uploads/2025/08/36122471061_c.avif",,,,,,,,,0,BMW,,,,,,,,,,,,,,,,,,,,,,,,,,,,,,,,,,,,,,,,,,sync-and-show,updated,has-errors,1760151668,,,,,,,,,0,,,,,,,,,,,,,,,,,,,,,,,,,,
19052,simple,36122472183,,"Llanta Pirelli Cinturato P7 RF 205/45 R17 88W MINI",1,0,visible,,"CINTURATO™ P7, la primera llanta de ‘rendimiento ecológico’ de Pirelli, ha sido creada para aprovechar al máximo los materiales más novedosos, las estructuras y el diseño del dibujo de la banda de rodamiento para así garantizar el ahorro, el respeto por el medio ambiente, la comodidad y la seguridad sobre todo tipo de superficies viales. Run Flat™ Conducir sin presión.\nRin: R17 Ancho: 205 Perfil: 45",,,taxable,,1,1,,0,0,,,,,1,,,4957.94,"Llantas y rines > Llantas, Llantas y rines",,,https://vecsaboutique.com/wp-content/uploads/2025/08/36122472183.avif,,,,,,,,,0,MINI,,,,,,,,,,,,,,,,,,,,,,,,,,,,,,,,,,,,,,,,,,sync-and-show,updated,has-errors,1760324404,,,,,,,,,0,,,,,,,,,,,,,,,,,,,,,,,,,,
19053,simple,36122472897,,"Llanta Continental EcoContact 6 315/30 R22 107Y BMW",1,0,visible,,"EcoContact™ 6 logra un equilibrio óptimo entre el tamaño del neumático y la distribución de los componentes. El compuesto de alta tecnología proporciona conexiones robustas entre la sílice y el caucho. Esto permite una adaptación óptima a las diferentes condiciones de la carretera, lo que en última instancia mejora la resistencia a la rodadura y el consumo de combustible.\nRin:22 Ancho: 315 Perfil: 30",,,taxable,,1,1,,0,0,,,,,1,,,13391.26,"Llantas y rines > Llantas, Llantas y rines",,,"https://vecsaboutique.com/wp-content/uploads/2025/08/36122472897_a.avif, https://vecsaboutique.com/wp-content/uploads/2025/08/36122472897_b.avif, https://vecsaboutique.com/wp-content/uploads/2025/08/36122472897_c.avif",,,,,,,,,0,BMW,,,,,,,,,,,,,,,,,,,,,,,,,,,,,,,,,,,,,,,,,,sync-and-show,updated,has-errors,1760151668,,,,,,,,,0,,,,,,,,,,,,,,,,,,,,,,,,,,
19054,simple,36122472909,,"Llanta Goodyear Eagle F1 Asymmetric 3 ROF 225/45 R19 96W BMW",1,0,visible,,"Eagle F1 Asymmetric 3 ROF es la llanta más reciente con Ultra High Performance de Goodyear. Desarrollada para automóviles de alta potencia que exigen respuestas rápidas en condiciones extremas. ROF Run on Flat. Conducir sin presión.\nRin:19 Ancho: 225 Perfil: 45",,,taxable,,1,1,,0,0,,,,,1,,,8254.80,"Llantas y rines > Llantas, Llantas y rines",,,"https://vecsaboutique.com/wp-content/uploads/2025/08/36122472909_a.avif, https://vecsaboutique.com/wp-content/uploads/2025/08/36122472909_b.avif, https://vecsaboutique.com/wp-content/uploads/2025/08/36122472909_c.avif",,,,,,,,,0,BMW,,,,,,,,,,,,,,,,,,,,,,,,,,,,,,,,,,,,,,,,,,sync-and-show,updated,has-errors,1760151668,,,,,,,,,0,,,,,,,,,,,,,,,,,,,,,,,,,,
19055,simple,36122472912,,"Llanta Pirelli P-Zero Runflat 205/40 R18 86W MINI",1,0,visible,,"El P Zero pertenece al segmento: Máximo Rendimiento Para Verano y es el resultado de más de 100 años de experiencia de Pirelli en el automovilismo deportivo (motorsport). Fue desarrollado para conductores de autos deportivos poderosos, cupés deportivos y sedanes de lujo de alto desempeño Run Flat™ Conducir sin presión.\nRin: 18 Ancho: 205 Perfil: 40",,,taxable,,1,3,,0,0,,,,,1,,,5278.02,"Llantas y rines > Llantas, Llantas y rines",,,https://vecsaboutique.com/wp-content/uploads/2025/08/36122472912.avif,,,,,,,,,0,MINI,,,,,,,,,,,,,,,,,,,,,,,,,,,,,,,,,,,,,,,,,,sync-and-show,updated,has-errors,1760151668,,,,,,,,,0,,,,,,,,,,,,,,,,,,,,,,,,,,
19056,simple,36316796205,,"Rin de aleación ligera Reflexsilver 7Jx17 ET40",1,0,visible,,"Los rines de aleación BMW 380 están diseñadas para mejorar el rendimiento de su BMW y acelerarán sus expectativas. Construido en Alemania por BMW y disponible en 17"", estos lrines de aleación son el ajuste perfecto para su BMW, equilibrando estilo y rendimiento.",,,taxable,,1,1,,0,0,,,,,1,,,8295.64,"Llantas y rines, Llantas y rines > Rines",,,https://vecsaboutique.com/wp-content/uploads/2025/08/36316796205.avif,,,,,,,,,0,BMW,,,,,,,,,,,,,,,,,,,,,,,,,,,,,,,,,,,,,,,,,,sync-and-show,created,synced,1773889633,,approved,,,,,,,0,,,,,,,,,,,,,,,,,,,,,,,,,,
19057,simple,36115A075C2,,"Juego de rines M Performance negro mate de 20""/21"" con neumáticos de verano.",1,0,visible,,"Juego completo de ruedas originales BMW M Performance Forged Cross-spoke Style 1000M Matte Black con neumáticos de verano Michelin Pilot Sport 4S, 20"" delanteros y 21"" traseros para el BMW G80 M3 y G82 M4.\nFrente: 9.5Jx20 ET20 con 285/30Z R20 99Y XL Michelin Pilot Sport 4S\nParte trasera: 10.5Jx20 ET20 con 295/25Z R21 96Y XL Michelin Pilot Sport 4S",,,taxable,,1,1,,0,0,,,,,1,,,127550.47,"Llantas y rines, Llantas y rines > Set",,,https://vecsaboutique.com/wp-content/uploads/2025/08/36115A075C2.avif,,,,,,,,,0,BMW,,,,,,,,,,,,,,,,,,,,,,,,,,,,,,,,,,,,,,,,,,sync-and-show,created,synced,1773630074,,approved,,,,,,,,,,,,,,,,,,,,,,,,,,,,,,,,,
19058,simple,36115A324D8,,"Rin 934 Aerodynamics Gris Relampago 8.5Jx19 ET: 29",1,0,visible,,"Especificaciones:\nMARCA: BMW\nMaterial: Aluminio\nTALLA: 8,5J x 19\nDiámetro: 19""\nAncho: 8.5""\nPatrón de pernos: 5x112\nDesplazamiento: ET29\nTamaño del hilo: M14x1,25\nNúmero de pieza: 36115A324D8.\nColor: Gris relámpago\nNeumáticos: 245/45 R19 102Y *NO INCLUIDO",,,taxable,,1,1,,0,0,,,,,1,,,15523.94,"Llantas y rines, Llantas y rines > Rines",,,"https://vecsaboutique.com/wp-content/uploads/2025/08/36115A324D8_a.avif, https://vecsaboutique.com/wp-content/uploads/2025/08/36115A324D8_b.avif",,,,,,,,,0,BMW,,,,,,,,,,,,,,,,,,,,,,,,,,,,,,,,,,,,,,,,,,sync-and-show,created,synced,1773630074,,approved,,,,,,,0,,,,,,,,,,,,,,,,,,,,,,,,,,
19059,simple,36115A685F2,,"Rin JCW 992 Rallye Spoke 18""",1,0,visible,,"Los rines JCW 992 Rallye Spoke están diseñados con la estética deportiva Mini de JCW y ofrecerán un manejo más nítido y deportivo. Diseñados y desarrollados en el Reino Unido por JCW y disponibles en 18"", estos rines de aleación están hechas para adaptarse perfectamente a su Mini, reuniendo un diseño y durabilidad increíbles.",,,taxable,,1,1,,0,0,,,,,1,,,14273.25,"Llantas y rines, Llantas y rines > Rines",,,https://vecsaboutique.com/wp-content/uploads/2025/08/36115A685F2.avif,,,,,,,,,0,MINI,,,,,,,,,,,,,,,,,,,,,,,,,,,,,,,,,,,,,,,,,,sync-and-show,created,synced,1773630074,,approved,,,,,,,0,,,,,,,,,,,,,,,,,,,,,,,,,,
19060,simple,36115A8E202,,"Juego de rines con llantas de verano  21"" STYLING 950 MINI JCW GRIS",1,0,visible,,"Juego de rines con llantas de verano para MINI Countryman 21"" originales 950 JCW Rallye en gris bronce pulido. Este conjunto deportivo incluye llantas de aleación y neumáticos de verano Pirelli.",,,taxable,,1,1,,0,0,,,,,1,,,101559.89,"Llantas y rines, Llantas y rines > Set",,,https://vecsaboutique.com/wp-content/uploads/2025/08/36115A8E202.avif,,,,,,,,,0,MINI,,,,,,,,,,,,,,,,,,,,,,,,,,,,,,,,,,,,,,,,,,sync-and-show,updated,synced,1773630074,,approved,,,,,,,,,,,,,,,,,,,,,,,,,,,,,,,,,
19061,simple,36125A127B8,,"Llanta Bridgestone Turanza T 001 RFT 225/55 R17 97W BMW",1,0,visible,,"Bridgestone Turanza T001 es la opción para quienes buscan una experiencia de manejo confortable en conjunto con cualidades superiores de agarre y maniobrabilidad. Esta llanta ayuda a incrementar la sensación de suavidad durante el trayecto y mantiene niveles bajos de ruido.Run flat Tire (RFT).Conducir sin presión.\nRin: 17 Ancho: 225 Perfil: 55",,,taxable,,1,1,,0,0,,,,,1,,,6218.26,"Llantas y rines > Llantas, Llantas y rines",,,"https://vecsaboutique.com/wp-content/uploads/2025/08/36125A127B8_a.avif, https://vecsaboutique.com/wp-content/uploads/2025/08/36125A127B8_c.avif, https://vecsaboutique.com/wp-content/uploads/2025/08/36125A127B8_b.avif",,,,,,,,,0,BMW,,,,,,,,,,,,,,,,,,,,,,,,,,,,,,,,,,,,,,,,,,sync-and-show,updated,synced,1773630074,,approved,,,,,,,0,,,,,,,,,,,,,,,,,,,,,,,,,,
19062,simple,36125A13A76,,"Llanta Michelin Pilot Sport 4S 315/30Z R22 107Y BMW",1,0,visible,,"El neumático MICHELIN Pilot Sport 4 es una opción de alto rendimiento diseñada para vehículos de turismo, incluidos los vehículos eléctricos e híbridos. Ofrece una serie de características y beneficios que lo hacen adecuado para conductores que buscan un rendimiento deportivo, durabilidad y seguridad en condiciones de carretera mojada.\nRin: 22 Ancho: 315 Perfil: 30Z",,,taxable,,1,2,,0,0,,,,,1,,,16897.13,"Llantas y rines > Llantas, Llantas y rines",,,"https://vecsaboutique.com/wp-content/uploads/2025/08/36125A13A76_a.avif, https://vecsaboutique.com/wp-content/uploads/2025/08/36125A13A76_b.avif, https://vecsaboutique.com/wp-content/uploads/2025/08/36125A13A76_c.avif",,,,,,,,,0,BMW,,,,,,,,,,,,,,,,,,,,,,,,,,,,,,,,,,,,,,,,,,sync-and-show,updated,synced,1773630074,,approved,,,,,,,0,,,,,,,,,,,,,,,,,,,,,,,,,,
19063,simple,36125A196D4,,"Llanta Bridgestone ALENZA 001 RFT 245/45 R20 103W BMW",1,0,visible,,"Diseñada para SUV de lujo, Alenza 001 está diseñada para maximizar el potencial del vehículo tanto en carreteras mojadas como secas con confianza y comodidad. Ofreciendo un rendimiento de frenado de alto nivel, una vida útil excepcional de los neumáticos y un agarre mejorado en condiciones húmedas y secas, los neumáticos Bridgestone Alenza ofrecen una experiencia de conducción dinámica y lujosa.\n- Run flat Tire (RFT).Conducir sin presión.\nRin:20 Ancho: 245 Perfil: 45",,,taxable,,1,2,,0,0,,,,,1,,,9637.28,"Llantas y rines > Llantas, Llantas y rines",,,https://vecsaboutique.com/wp-content/uploads/2025/08/36125A196D4.avif,,,,,,,,,0,BMW,,,,,,,,,,,,,,,,,,,,,,,,,,,,,,,,,,,,,,,,,,sync-and-show,updated,synced,1773630074,,approved,,,,,,,0,,,,,,,,,,,,,,,,,,,,,,,,,,
19064,simple,36125A196D6,,"Llanta Bridgestone ALENZA 001 RFT 275/40 R20 106W BMW",1,0,visible,,"Diseñada para SUV de lujo, Alenza 001 está diseñada para maximizar el potencial del vehículo tanto en carreteras mojadas como secas con confianza y comodidad. Ofreciendo un rendimiento de frenado de alto nivel, una vida útil excepcional de los neumáticos y un agarre mejorado en condiciones húmedas y secas, los neumáticos Bridgestone Alenza ofrecen una experiencia de conducción dinámica y lujosa.\n- Run flat Tire (RFT).Conducir sin presión.\nRin:20 Ancho: 275 Perfil: 40",,,taxable,,1,2,,0,0,,,,,1,,,9192.77,"Llantas y rines > Llantas, Llantas y rines",,,https://vecsaboutique.com/wp-content/uploads/2025/08/36125A196D6.avif,,,,,,,,,0,BMW,,,,,,,,,,,,,,,,,,,,,,,,,,,,,,,,,,,,,,,,,,sync-and-show,updated,synced,1773630074,,approved,,,,,,,0,,,,,,,,,,,,,,,,,,,,,,,,,,
19065,simple,36125A40536,,"Llanta Pirelli P-Zero Runflat 245/40 R19 98Y BMW",1,0,visible,,"El P Zero pertenece al segmento: Máximo Rendimiento Para Verano y es el resultado de más de 100 años de experiencia de Pirelli en el automovilismo deportivo (motorsport). Fue desarrollado para conductores de autos deportivos poderosos, cupés deportivos y sedanes de lujo de alto desempeño Run Flat™ Conducir sin presión.\nRin: 19 Ancho: 245 Perfil: 40",,,taxable,,1,1,,0,0,,,,,1,,,7355.23,"Llantas y rines > Llantas, Llantas y rines",,,"https://vecsaboutique.com/wp-content/uploads/2025/08/36125A40536_a.avif, https://vecsaboutique.com/wp-content/uploads/2025/08/36125A40536_b.avif, https://vecsaboutique.com/wp-content/uploads/2025/08/36125A40536_c.avif",,,,,,,,,0,BMW,,,,,,,,,,,,,,,,,,,,,,,,,,,,,,,,,,,,,,,,,,sync-and-show,updated,synced,1773630074,,approved,,,,,,,0,,,,,,,,,,,,,,,,,,,,,,,,,,
19066,simple,36125A40538,,"Llanta Pirelli P-Zero Runflat 255/40 R19 100Y BMW",1,0,visible,,"El P Zero pertenece al segmento: Máximo Rendimiento Para Verano y es el resultado de más de 100 años de experiencia de Pirelli en el automovilismo deportivo (motorsport). Fue desarrollado para conductores de autos deportivos poderosos, cupés deportivos y sedanes de lujo de alto desempeño Run Flat™ Conducir sin presión.\nRin: 19 Ancho: 255 Perfil: 40",,,taxable,,1,1,,0,0,,,,,1,,,6436.87,"Llantas y rines > Llantas, Llantas y rines",,,https://vecsaboutique.com/wp-content/uploads/2025/08/36125A40538.avif,,,,,,,,,0,BMW,,,,,,,,,,,,,,,,,,,,,,,,,,,,,,,,,,,,,,,,,,sync-and-show,updated,synced,1773630074,,approved,,,,,,,0,,,,,,,,,,,,,,,,,,,,,,,,,,
19067,simple,36125A40553,,"Llanta Hankook Ventus S1 EVO3  255/40 R19 100Y BMW",1,0,visible,,"¡El mejor equilibrio entre rendimiento en seco y mojado! Satisface las necesidades de rendimiento y medioambientales minimizando la resistencia a la rodadura y optimizando el perfil. Maximiza el rendimiento en seco gracias a la rigidez optimizada de la banda de rodadura.\nRin:19 Ancho: 255 Perfil: 40",,,taxable,,1,1,,0,0,,,,,1,,,5484.93,"Llantas y rines > Llantas, Llantas y rines",,,https://vecsaboutique.com/wp-content/uploads/2025/08/36125A40553.avif,,,,,,,,,0,BMW,,,,,,,,,,,,,,,,,,,,,,,,,,,,,,,,,,,,,,,,,,sync-and-show,updated,synced,1773630074,,approved,,,,,,,0,,,,,,,,,,,,,,,,,,,,,,,,,,
19068,simple,36125A476F1,,"Llanta Hankook Ventus S1 EVO3 HRS 245/40 R19 98Y BMW",1,0,visible,,"¡El mejor equilibrio entre rendimiento en seco y mojado! Satisface las necesidades de rendimiento y medioambientales minimizando la resistencia a la rodadura y optimizando el perfil. Maximiza el rendimiento en seco gracias a la rigidez optimizada de la banda de rodadura.\nRin:19 Ancho: 245 Perfil: 40",,,taxable,,1,1,,0,0,,,,,1,,,6373.37,"Llantas y rines > Llantas, Llantas y rines",,,https://vecsaboutique.com/wp-content/uploads/2025/08/36125A476F1.avif,,,,,,,,,0,BMW,,,,,,,,,,,,,,,,,,,,,,,,,,,,,,,,,,,,,,,,,,sync-and-show,updated,synced,1773630074,,approved,,,,,,,0,,,,,,,,,,,,,,,,,,,,,,,,,,
19069,simple,36125A5D5D7,,"Llanta Bridgestone Turanza T 005 RFT 225/40 R19 93Y BMW",1,0,visible,,"El Turanza T005 está diseñado para ayudar a mantener el control incluso en condiciones de conducción difíciles. El neumático ofrece características de frenado y curvas de primera clase incluso en días de lluvia, combinadas con un alto kilometraje. Run flat Tire (RFT).Conducir sin presión.\nRin:19 Ancho: 225 Perfil: 40",,,taxable,,1,1,,0,0,,,,,1,,,8126.62,"Llantas y rines > Llantas, Llantas y rines",,,https://vecsaboutique.com/wp-content/uploads/2025/08/36125A5D5D7.avif,,,,,,,,,0,BMW,,,,,,,,,,,,,,,,,,,,,,,,,,,,,,,,,,,,,,,,,,sync-and-show,updated,synced,1773630074,,approved,,,,,,,0,,,,,,,,,,,,,,,,,,,,,,,,,,
19070,simple,36125A5EE74,,"Llanta Hankook Ventus S1 EVO3 225/55 R18 102Y",1,0,visible,,"¡El mejor equilibrio entre rendimiento en seco y mojado! Satisface las necesidades de rendimiento y medioambientales minimizando la resistencia a la rodadura y optimizando el perfil. Maximiza el rendimiento en seco gracias a la rigidez optimizada de la banda de rodadura.\nRin:18 Ancho: 255 Perfil: 55",,,taxable,,1,1,,0,0,,,,,1,,,4359.71,"Llantas y rines > Llantas, Llantas y rines",,,https://vecsaboutique.com/wp-content/uploads/2025/08/36125A5EE74.avif,,,,,,,,,0,BMW,,,,,,,,,,,,,,,,,,,,,,,,,,,,,,,,,,,,,,,,,,sync-and-show,updated,synced,1773630074,,approved,,,,,,,0,,,,,,,,,,,,,,,,,,,,,,,,,,
19071,simple,36125A5EE84,,"Llanta Pirelli P Zero 245/45 R19 102Y BMW",1,0,visible,,"El P Zero pertenece al segmento: Máximo Rendimiento Para Verano y es el resultado de más de 100 años de experiencia de Pirelli en el automovilismo deportivo (motorsport). Fue desarrollado para conductores de autos deportivos poderosos, cupés deportivos y sedanes de lujo de alto desempeño.\nRin: 19 Ancho: 245 Perfil: 45",,,taxable,,1,1,,0,0,,,,,1,,,6673.38,"Llantas y rines > Llantas, Llantas y rines",,,https://vecsaboutique.com/wp-content/uploads/2025/08/36125A5EE84.avif,,,,,,,,,0,BMW,,,,,,,,,,,,,,,,,,,,,,,,,,,,,,,,,,,,,,,,,,sync-and-show,updated,synced,1773630074,,approved,,,,,,,0,,,,,,,,,,,,,,,,,,,,,,,,,,
19072,simple,36125A6EDC3,,"Llanta Pirelli P-Zero Runflat 275/40 R22 107Y BMW",1,0,visible,,"El P Zero pertenece al segmento: Máximo Rendimiento Para Verano y es el resultado de más de 100 años de experiencia de Pirelli en el automovilismo deportivo (motorsport). Fue desarrollado para conductores de autos deportivos poderosos, cupés deportivos y sedanes de lujo de alto desempeño Run Flat™ Conducir sin presión.\nRin: 22 Ancho: 275 Perfil: 40",,,taxable,,1,1,,0,0,,,,,1,,,11034.77,"Llantas y rines > Llantas, Llantas y rines",,,https://vecsaboutique.com/wp-content/uploads/2025/08/36125A6EDC3.avif,,,,,,,,,0,BMW,,,,,,,,,,,,,,,,,,,,,,,,,,,,,,,,,,,,,,,,,,sync-and-show,updated,synced,1773630074,,approved,,,,,,,0,,,,,,,,,,,,,,,,,,,,,,,,,,
19074,simple,36125A88AA7,,"Llanta Continental PremiumContact 6 SSR 275/40 R21 107Y",1,0,visible,,"Nuestra llanta PremiumContact 6, con su compuesto de sílice, asegura un agarre constante tanto en carreteras secas como mojadas. Gracias a una superficie de contacto mejorada y una banda de rodadura más rígida, no solo reducimos el ruido interior, sino que también mejoramos la eficiencia en el kilometraje y la comodidad. El sistema SSR (Self-Supporting Runflat) es una tecnología de funcionamiento en caso de pinchazo desarrollada por Continental, especialmente diseñada para neumáticos de perfil bajo.\nRin:21 Ancho: 275 Perfil: 40",,,taxable,,1,1,,0,0,,,,,1,,,13155.64,"Llantas y rines > Llantas, Llantas y rines",,,https://vecsaboutique.com/wp-content/uploads/2025/08/36125A88AA7.avif,,,,,,,,,0,BMW,,,,,,,,,,,,,,,,,,,,,,,,,,,,,,,,,,,,,,,,,,sync-and-show,updated,synced,1773630074,,approved,,,,,,,0,,,,,,,,,,,,,,,,,,,,,,,,,,
19075,simple,36125A88AA8,,"Llanta Continental PremiumContact 6 SSR 315/35 R21 111Y",1,0,visible,,"Nuestra llanta PremiumContact 6, con su compuesto de sílice, asegura un agarre constante tanto en carreteras secas como mojadas. Gracias a una superficie de contacto mejorada y una banda de rodadura más rígida, no solo reducimos el ruido interior, sino que también mejoramos la eficiencia en el kilometraje y la comodidad. El sistema SSR (Self-Supporting Runflat) es una tecnología de funcionamiento en caso de pinchazo desarrollada por Continental, especialmente diseñada para neumáticos de perfil bajo.\nRin:21 Ancho: 215 Perfil: 35",,,taxable,,1,1,,0,0,,,,,1,,,12385.58,"Llantas y rines > Llantas, Llantas y rines",,,https://vecsaboutique.com/wp-content/uploads/2025/08/36125A88AA8.avif,,,,,,,,,0,BMW,,,,,,,,,,,,,,,,,,,,,,,,,,,,,,,,,,,,,,,,,,sync-and-show,updated,synced,1773630074,,approved,,,,,,,0,,,,,,,,,,,,,,,,,,,,,,,,,,
19076,simple,36125A88BB9,,"Llanta Continental PremiumContact 6 275/35 R22 104Y",1,0,visible,,"Nuestra llanta PremiumContact 6, con su compuesto de sílice, asegura un agarre constante tanto en carreteras secas como mojadas. Gracias a una superficie de contacto mejorada y una banda de rodadura más rígida, no solo reducimos el ruido interior, sino que también mejoramos la eficiencia en el kilometraje y la comodidad .\nRin:22 Ancho: 275 Perfil: 35",,,taxable,,1,1,,0,0,,,,,1,,,11112.11,"Llantas y rines > Llantas, Llantas y rines",,,https://vecsaboutique.com/wp-content/uploads/2025/08/36125A88BB9.avif,,,,,,,,,0,BMW,,,,,,,,,,,,,,,,,,,,,,,,,,,,,,,,,,,,,,,,,,sync-and-show,updated,synced,1773630074,,approved,,,,,,,0,,,,,,,,,,,,,,,,,,,,,,,,,,
19077,simple,36125A88BC2,,"Llanta Continental PremiumContact 6 315/30 R22 107Y",1,0,visible,,"Nuestra llanta PremiumContact 6, con su compuesto de sílice, asegura un agarre constante tanto en carreteras secas como mojadas. Gracias a una superficie de contacto mejorada y una banda de rodadura más rígida, no solo reducimos el ruido interior, sino que también mejoramos la eficiencia en el kilometraje y la comodidad\nRin:22 Ancho: 315 Perfil: 30",,,taxable,,1,1,,0,0,,,,,1,,,13362.80,"Llantas y rines > Llantas, Llantas y rines",,,"https://vecsaboutique.com/wp-content/uploads/2025/08/36125A88BC2_a.avif, https://vecsaboutique.com/wp-content/uploads/2025/08/36125A88BC2_b.avif",,,,,,,,,0,BMW,,,,,,,,,,,,,,,,,,,,,,,,,,,,,,,,,,,,,,,,,,sync-and-show,updated,synced,1773630074,,approved,,,,,,,0,,,,,,,,,,,,,,,,,,,,,,,,,,
19078,simple,36125A893C3,,"Llanta Continental EcoContact 6 SSR 225/40R18 92Y",1,0,visible,,"EcoContact™ 6 logra un equilibrio óptimo entre el tamaño del neumático y la distribución de los componentes. El compuesto de alta tecnología proporciona conexiones robustas entre la sílice y el caucho. Esto permite una adaptación óptima a las diferentes condiciones de la carretera, lo que en última instancia mejora la resistencia a la rodadura y el consumo de combustible. El sistema SSR (Self-Supporting Runflat) es una tecnología de funcionamiento en caso de pinchazo desarrollada por Continental, especialmente diseñada para neumáticos de perfil bajo.\nRin:18 Ancho: 225 Perfil: 40",,,taxable,,1,1,,0,0,,,,,1,,,4159.76,"Llantas y rines > Llantas, Llantas y rines",,,"https://vecsaboutique.com/wp-content/uploads/2025/08/36125A893C3_a.avif, https://vecsaboutique.com/wp-content/uploads/2025/08/36125A893C3_b.avif, https://vecsaboutique.com/wp-content/uploads/2025/08/36125A893C3_c.avif",,,,,,,,,0,BMW,,,,,,,,,,,,,,,,,,,,,,,,,,,,,,,,,,,,,,,,,,sync-and-show,updated,synced,1773630074,,approved,,,,,,,,,,,,,,,,,,,,,,,,,,,,,,,,,
19079,simple,36125B48B77,,"Llanta Bridgestone ALENZA 001 RFT 275/45R20 110Y",1,0,visible,,"Diseñada para SUV de lujo, Alenza 001 está diseñada para maximizar el potencial del vehículo tanto en carreteras mojadas como secas con confianza y comodidad. Ofreciendo un rendimiento de frenado de alto nivel, una vida útil excepcional de los neumáticos y un agarre mejorado en condiciones húmedas y secas, los neumáticos Bridgestone Alenza ofrecen una experiencia de conducción dinámica y lujosa.\n- Run flat Tire (RFT).Conducir sin presión.\nRin:20 Ancho: 275 Perfil: 44",,,taxable,,1,2,,0,0,,,,,1,,,12074.12,"Llantas y rines > Llantas, Llantas y rines",,,"https://vecsaboutique.com/wp-content/uploads/2025/08/36125B48B77_a.avif, https://vecsaboutique.com/wp-content/uploads/2025/08/36125B48B77_b.avif, https://vecsaboutique.com/wp-content/uploads/2025/08/36125B48B77_c.avif",,,,,,,,,0,BMW,,,,,,,,,,,,,,,,,,,,,,,,,,,,,,,,,,,,,,,,,,sync-and-show,updated,synced,1773630074,,approved,,,,,,,,,,,,,,,,,,,,,,,,,,,,,,,,,
19080,simple,36125B48F29,,"Llanta Goodyear Eagle F1 Asymmetric 6  225/40 R19 93Y",1,0,visible,,"Eagle F1 Asymmetric 3 ROF es la llanta más reciente con Ultra High Performance de Goodyear. Desarrollada para automóviles de alta potencia que exigen respuestas rápidas en condiciones extremas.\nRin:19 Ancho: 225 Perfil: 40",,,taxable,,1,1,,0,0,,,,,1,,,6982.96,"Llantas y rines > Llantas, Llantas y rines",,,"https://vecsaboutique.com/wp-content/uploads/2025/08/36125B48F29_a.avif, https://vecsaboutique.com/wp-content/uploads/2025/08/36125B48F29_b.avif, https://vecsaboutique.com/wp-content/uploads/2025/08/36125B48F29_c.avif",,,,,,,,,0,BMW,,,,,,,,,,,,,,,,,,,,,,,,,,,,,,,,,,,,,,,,,,sync-and-show,updated,synced,1773630074,,approved,,,,,,,,,,,,,,,,,,,,,,,,,,,,,,,,,
19084,simple,80285B32107,,"Tasa de viaje MINI Colour Block 300ml Red/White",1,0,visible,,"La taza de viaje MINI es la compañera perfecta para disfrutar de sus bebidas favoritas cómodamente sobre la marcha. Está hecho de acero inoxidable recubierto y polímero 100% libre de BPA, está aislado al vacío y tiene una tapa de rosca con botón ""press-to-drink"". La taza impresiona con detalles inteligentes, como el ajuste perfecto para cualquier portavasos MINI.\n\n- Cuerpo: Acero inoxidable recubierto de tacto suave.\n- Tapa: polímero 100% libre de BPA.\n- Cuerpo de doble pared con aislamiento al vacío.\n- Tapa de rosca con botón ""press-to-drink"".\n- Se adapta al portavasos MINI.\n- Enjuague solo a mano.\n- Dimensiones: 7,6 x 14,6 cm.\n- Volumen: 0,3 l.\n- Peso: 250g.",,,taxable,,1,2,,0,0,,,,,1,,,512.69,"Life Style, Life Style > Thermos",,,"https://vecsaboutique.com/wp-content/uploads/2025/08/80285B32107_a.avif, https://vecsaboutique.com/wp-content/uploads/2025/08/80285B32107_b.avif",,,,,,,,,0,MINI,color,Blanco/rojo,1,1,,,,,,,,,,,,,,,,,,,,,,,,,,,,,,,,,,,,,,sync-and-show,updated,synced,1773630074,Blanco/rojo,approved,,,,,,,0,,,,,,,,,,,,,,,,,,,,,,,,,,
19085,simple,80285B32109,,"Tasa de viaje MINI Colour Block 500ml Grey/Black",1,0,visible,,"La taza de viaje MINI es la compañera perfecta para disfrutar de sus bebidas favoritas cómodamente sobre la marcha. Está hecho de acero inoxidable recubierto y polímero 100% libre de BPA, está aislado al vacío y tiene una tapa de rosca con botón ""press-to-drink"". La taza impresiona con detalles inteligentes, como el ajuste perfecto para cualquier portavasos MINI.\n\n- Cuerpo: Acero inoxidable recubierto de tacto suave.\n- Tapa: polímero 100% libre de BPA.\n- Cuerpo de doble pared con aislamiento al vacío.\n- Tapa de rosca con botón ""press-to-drink"".\n- Se adapta al portavasos MINI.\n- Fondo: inserto de silicona.\n- Enjuague solo a mano.\n- Dimensiones: 7,6 x 20,3 cm.\n- Volumen: 0,5 l.\n- Peso: 250g.",,,taxable,,1,1,,0,0,,,,,1,,,593.71,"Life Style, Life Style > Thermos",,,"https://vecsaboutique.com/wp-content/uploads/2025/08/80285B32109_a.avif, https://vecsaboutique.com/wp-content/uploads/2025/08/80285B32109_b.avif",,,,,,,,,0,MINI,color,Negro/Gris,1,1,,,,,,,,,,,,,,,,,,,,,,,,,,,,,,,,,,,,,,sync-and-show,created,synced,1773630074,Negro/Gris,approved,,,,,,,0,,,,,,,,,,,,,,,,,,,,,,,,,,
19086,simple,80285B32110,,"Tasa de viaje MINI Colour Block 500ml V Silver/Red",1,0,visible,,"La taza de viaje MINI es la compañera perfecta para disfrutar de sus bebidas favoritas cómodamente sobre la marcha. Está hecho de acero inoxidable recubierto y polímero 100% libre de BPA, está aislado al vacío y tiene una tapa de rosca con botón ""press-to-drink"". La taza impresiona con detalles inteligentes, como el ajuste perfecto para cualquier portavasos MINI.\n\n- Cuerpo: Acero inoxidable recubierto de tacto suave.\n- Tapa: polímero 100% libre de BPA.\n- Cuerpo de doble pared con aislamiento al vacío.\n- Tapa de rosca con botón ""press-to-drink"".\n- Se adapta al portavasos MINI.\n- Fondo: inserto de silicona.\n- Enjuague solo a mano.\n- Dimensiones: 7,6 x 20,3 cm.\n- Volumen: 0,5 l.\n- Peso: 250g.",,,taxable,,1,2,,0,0,,,,,1,,,593.71,"Life Style, Life Style > Thermos",,,"https://vecsaboutique.com/wp-content/uploads/2025/08/80285B32110_a.avif, https://vecsaboutique.com/wp-content/uploads/2025/08/80285B32110_b.avif",,,,,80285B32109,80285B32107,,,0,MINI,color,Plata/Rojo,1,1,,,,,,,,,,,,,,,,,,,,,,,,,,,,,,,,,,,,,,sync-and-show,updated,synced,1773630074,Plata/Rojo,approved,,,,,,,0,,,,,,,,,,,,,,,,,,,,,,,,,,
19087,simple,80285B32113,,"Botella de Agua MINI Colour Block 700ml Rebel Red",1,0,visible,,"Botella de agua MINI Colour Block original con tapa roja. Por supuesto, el logotipo de MINI wing no puede faltar en esta botella de agua. Además de abrir la tapa, se puede abrir toda la parte superior para mantenerla limpia. Perfecto para tomar un sorbo de agua en cualquier momento.\n- Dimensiones: Ø 8 cm x 25,7 cm.\n- Contenido: 700 ml.\n- Peso: 175 gr.",,,taxable,,1,8,,0,0,,,,,1,,,512.68,"Life Style, Life Style > Thermos",,,"https://vecsaboutique.com/wp-content/uploads/2025/08/80285B32113_a.avif, https://vecsaboutique.com/wp-content/uploads/2025/08/80285B32113_c.avif, https://vecsaboutique.com/wp-content/uploads/2025/08/80285B32113_b.avif",,,,,,,,,0,MINI,color,"Rojo Rebelde",1,1,,,,,,,,,,,,,,,,,,,,,,,,,,,,,,,,,,,,,,sync-and-show,created,synced,1773630074,"Rojo Rebelde",approved,,,,,,,0,,,,,,,,,,,,,,,,,,,,,,,,,,
19088,simple,80915A0A749,,"Bicicleta BMW M 28"", Black, L",1,0,visible,,"La bici BMW con rayas ""M Motorsport"" impresiona con elementos deportivos y detalles de carbono. El diseño del marco está inspirado en la moda para bicicletas fijas y desarrollado en cooperación con Designworks. Agarres deportivos para un agarre más fiable. La horquilla, el anillo de la columna de dirección y la tijula del asiento están hechos de carbono, lo que reduce el peso y aumenta la rigidez. Sillín deportivo ligero en negro. Freno de disco hidráulico en la parte delantera y trasera.\n- Marco: aluminio.\n- Frenos: Shimano 180 mm (delantero), 160 mm (trasero).\n- Horquilla: carbono.\n- Sillín: Selle Royal Mach 2, negro.\n- Interruptor: Shimano SLX / XT, 11 velocidades (transmisión de cadena).\n- Neumáticos: Continental Grand Sport Extra.\n- Llantas: Rody Airline Corsa 28′′, negro.\n- Empuñaduras: Ergon GE-1.\n- Peso: 12,5 kg.\nTamaños de marco proporcionados para la altura: S (160 -175 cm), M (175 -185 cm), L (desde 185 cm)",,,taxable,,1,1,,0,0,,,,,1,,,30086,"Life Style > Bicicletas, Life Style",,,https://vecsaboutique.com/wp-content/uploads/2025/08/80915A0A749.avif,,,,,,,,,0,BMW,color,Black,1,1,genero,Unisex,1,1,talla,L,1,1,,,,,,,,,,,,,,,,,,,,,,,,,,,,,,sync-and-show,created,synced,1772938862,Black,approved,,,,,,,0,,,,,,,,,,,,,,,,,,,,,,,,,,
19089,simple,82205B30D96,,"Funda para llave MINI JCW",1,0,visible,,"Una funda con un cordón largo protegerá perfectamente sus llaves de arañazos accidentales y facilitará su localización y transporte. La caja en la versión del famoso John Cooper Works indica claramente el carácter deportivo de su MINI y es totalmente consistente con él gracias al uso de los mismos materiales que en el interior del nuevo MINI JWC",,,taxable,,1,1,,0,0,,,,,1,,,1325.25,"Life Style, Life Style > Llaveros & Portallaves",,,https://vecsaboutique.com/wp-content/uploads/2025/08/82205B30D96.avif,,,,,,,,,0,MINI,color,Black,1,1,,,,,,,,,,,,,,,,,,,,,,,,,,,,,,,,,,,,,,sync-and-show,created,synced,1773630074,Black,approved,,,,,,,0,,,,,,,,,,,,,,,,,,,,,,,,,,
19090,simple,82205B30D97,,"Llavero de correa MINI",1,0,visible,,"Elegante llavero MINI - dale a tu coche favorito un carácter aún más único. La correa MINI da un aspecto moderno pero sofisticado. Gracias al uso de los mismos materiales que en el interior de su MINI, siempre tendrá una pequeña pieza de su automóvil con usted. El carril está montado en las llaves con una correa a juego que se ajusta perfectamente a toda la llave, un anillo adicional le permite colocar otras llaves o un mosquetón.",,,taxable,,1,1,,0,0,,,,,1,,,1123.74,"Life Style, Life Style > Llaveros & Portallaves",,,https://vecsaboutique.com/wp-content/uploads/2025/08/82205B30D97.avif,,,,,,,,,0,MINI,color,Black,1,1,,,,,,,,,,,,,,,,,,,,,,,,,,,,,,,,,,,,,,sync-and-show,created,has-errors,1760324404,Black,,,,,,,,0,,,,,,,,,,,,,,,,,,,,,,,,,,
19091,simple,82205B30D98,,"Llavero de corea MINI JCW",1,0,visible,,"Llavero de correa MINI JCW . La correa JCW es un accesorio imprescindible para los amantes del estilo y calidad de MINI. Con un diseño exclusivo y la distinción de John Cooper Works, es ideal para llevar tus llaves o identificaciones con un toque deportivo y sofisticado.\nCaracterísticas del producto:\n- Diseño original John Cooper Works (JCW).\n- Alta calidad y resistencia.\n- Material duradero y agradable al tacto.\n- Fácil de usar y transportar.\n- Esta correa se distingue por su estilo único y la alta calidad que caracteriza a los productos originales MINI.",,,taxable,,1,1,,0,0,,,,,1,,,1325.25,"Life Style, Life Style > Llaveros & Portallaves",,,https://vecsaboutique.com/wp-content/uploads/2025/08/82205B30D98.avif,,,,,,,,,0,MINI,color,Negro/Rojo,1,1,,,,,,,,,,,,,,,,,,,,,,,,,,,,,,,,,,,,,,sync-and-show,created,has-errors,1760324404,Negro/Rojo,approved,,,,,,,0,,,,,,,,,,,,,,,,,,,,,,,,,,
19092,simple,82295A2C220,,"Portallaves de cuero BMW",1,0,visible,,"La funda para llave de cuero de BMW, es la solución ideal para quienes valoran la elegancia y la funcionalidad. Diseñada específicamente para vehículos de la marca BMW, esta funda combina la sofisticación del cuero con la protección necesaria para mantener su llave en óptimas condiciones. Este accesorio no solo resguarda la llave de posibles daños, como rayones y golpes, sino que también añade un toque distintivo al conjunto de llaves de su automóvil o camioneta. La calidad del material asegura una durabilidad excepcional, al tiempo que el diseño elegante refleja el estilo distintivo de la marca BMW.",,,taxable,,1,7,,0,0,,,,,1,,,1418.72,"Life Style, Life Style > Llaveros & Portallaves",,,https://vecsaboutique.com/wp-content/uploads/2025/08/82295A2C220.avif,,,,,,,,,0,BMW,,,,,,,,,,,,,,,,,,,,,,,,,,,,,,,,,,,,,,,,,,sync-and-show,updated,has-errors,1760324404,,,,,,,,,0,,,,,,,,,,,,,,,,,,,,,,,,,,
19093,simple,82295A56C37,,"Portallaves de cuero y cristales Swarovski Crystal Clarity",1,0,visible,,"Esta funda hecha de cuero Nappa de primera calidad protege la llave de BMW de la suciedad y los arañazos y tiene una apariencia particularmente elegante.\n• Los botones de función son de libre acceso, por lo que no es necesario sacar la llave de la caja.\n• El cuero fino tiene una sensación premium y enfatiza los contornos de la llave BMW.\n• La llave de BMW se puede quitar rápidamente de la caja usando una correa.",,,taxable,,1,15,,0,0,,,,,1,,,3104.81,"Life Style, Life Style > Llaveros & Portallaves",,,https://vecsaboutique.com/wp-content/uploads/2025/08/82295A56C37.avif,,,,,,,,,0,BMW,,,,,,,,,,,,,,,,,,,,,,,,,,,,,,,,,,,,,,,,,,sync-and-show,updated,has-errors,1760324404,,,,,,,,,0,,,,,,,,,,,,,,,,,,,,,,,,,,
19094,simple,UNI24030090,,"Playera cuello redondo",-1,0,visible,,,,,taxable,,1,3,,0,0,,,,,1,,,322.83,"Life Style > Camisetas, Life Style",,,,,,,,,,,,0,BMW,,,,,,,,,,,,,,,,,,,,,,,,,,,,,,,,,,,,,,,,,,,pending_create,,,,,,,,,,,,,,,,,,,,,,,,,,,,,,,,,,,,,
19095,simple,UNI24030094,,"Playera tipo polo",-1,0,visible,,,,,taxable,,1,5,,0,0,,,,,1,,,374.23,"Life Style",,,,,,,,,,,,0,BMW,,,,,,,,,,,,,,,,,,,,,,,,,,,,,,,,,,,,,,,,,,,pending_create,,,,,,,,,,,,,,,,,,,,,,,,,,,,,,,,,,,,,
19098,variable,80142864124,,"Camiseta Logo Reverse BMW, unisex",1,0,visible,,"BMW camiseta Logo reverse unisexLight Grey L",,,taxable,,1,,,0,0,,,,,1,,,,"Life Style > Camisetas, Life Style",Promoción,,"https://vecsaboutique.com/wp-content/uploads/2025/08/80142864124_0001_Capa-10.avif, https://vecsaboutique.com/wp-content/uploads/2025/08/80142864124_0000_Capa-9.avif, https://vecsaboutique.com/wp-content/uploads/2025/08/80142864124_0002_Capa-11.avif, https://vecsaboutique.com/wp-content/uploads/2025/08/80142864124_0001_Capa-10.avif",,,,,,,,,0,BMW,talla,L,1,1,genero,Unisex,1,1,color,Beige,1,1,,,,,,,,,,,,,,,,,,,,,,,,,,,,,,sync-and-show,updated,synced,1773889633,Beige,approved,yes,yes,yes,,,,0,,,,,,,,,,,,,,,,,,,,,,,,,,
19099,variable,80142864128,,"Camiseta Logo BMW, para caballero",1,0,visible,,"BMW camiseta Logo negra caballerowhite S",,,taxable,,1,1,,0,0,,,,,1,,,,"Life Style > Camisetas, Life Style",Promoción,,"https://vecsaboutique.com/wp-content/uploads/2025/08/80142864128.avif, https://vecsaboutique.com/wp-content/uploads/2025/08/80142864128.avif",,,,,,,,,0,BMW,talla,S,1,1,genero,Hombre,1,1,color,Blanca,1,1,,,,,,,,,,,,,,,,,,,,,,,,,,,,,,sync-and-show,updated,synced,1773889633,Blanca,approved,yes,yes,yes,,,,0,,,,,,,,,,,,,,,,,,,,,,,,S,Hombre,Blanca
19100,simple,80222864109,,"Mochila BMW",1,0,visible,,"La práctica mochila en negro se distingue por una atractiva inscripción blanca de BMW y varios bolsillos internos y externos con cremalleras YKK. A primera vista, esta es una mochila arquetípica con una cremallera superior y un amplio bolsillo exterior. Pero dentro del borde superior, se añade un bolsillo con cremallera discreto pero fiable.\n\nMaterial: 100% Nylon Cordura 500d.\nDimensiones: 310 × 500 × 120 mm. Capacidad: 16 l. Peso: 440 g.\nCremalleras YKK Vislon.\nBolsillo externo con cremallera en la parte delantera.\nBolsillo con cremallera discreto en la costura superior.\nBolsillo organizador interno con cremallera.\nCorreas ajustables suaves.\nImpresión de BMW.\nColección BMW Lifestyle de 2023.",,,taxable,,1,1,,0,0,,,,,1,,,2012.21,"Life Style > Mochilas",,,"https://vecsaboutique.com/wp-content/uploads/2025/08/80222864109_a.avif, https://vecsaboutique.com/wp-content/uploads/2025/08/80222864109_b.avif, https://vecsaboutique.com/wp-content/uploads/2024/09/80222864109_4.avif, https://vecsaboutique.com/wp-content/uploads/2024/09/80222864109_3.avif",,,,,,,,,0,BMW,,,,,,,,,,,,,,,,,,,,,,,,,,,,,,,,,,,,,,,,,,sync-and-show,created,synced,1773889633,,approved,,,,,,,,,,,,,,,,,,,,,,,,,,,,,,,,,
19101,simple,82292344033,,"Portallaves cierre de acero, color negro",1,0,visible,,"Eleve la llave de su BMW con la funda para llaves de rendimiento BMW original en color negro (parte No. 82292408818). Hecho a mano de cuero de primera calidad, este estuche para llaves ofrece un toque lujoso mientras protege su llave de arañazos y desgaste. Diseñado específicamente para las llaves de BMW, garantiza un ajuste seguro y un fácil acceso a todas las funciones. Mantenga su llave elegante y protegida con este accesorio de alta calidad, que combina el lujo con el espíritu dinámico de BMW.",,,taxable,,1,15,,0,0,,,,,1,,,1250.93,"Life Style",,,https://vecsaboutique.com/wp-content/uploads/2025/08/82292344033.avif,,,,,,,,,0,BMW,,,,,,,,,,,,,,,,,,,,,,,,,,,,,,,,,,,,,,,,,,sync-and-show,created,has-errors,1760324404,,,,,,,,,,,,,,,,,,,,,,,,,,,,,,,,,,,
19102,simple,82292408818,,"Portallaves cierre de acero, color marron",1,0,visible,,"Eleve la llave de su BMW con la funda para llaves de rendimiento BMW original en color marrón (parte No. 82292408818). Hecho a mano de cuero de primera calidad, este estuche para llaves ofrece un toque lujoso mientras protege su llave de arañazos y desgaste. Diseñado específicamente para las llaves de BMW, garantiza un ajuste seguro y un fácil acceso a todas las funciones. Mantenga su llave elegante y protegida con este accesorio de alta calidad, que combina el lujo con el espíritu dinámico de BMW.",,,taxable,,1,4,,0,0,,,,,1,,,1230.27,"Life Style, Life Style > Llaveros & Portallaves",,,"https://vecsaboutique.com/wp-content/uploads/2025/08/82292408818_2.avif, https://vecsaboutique.com/wp-content/uploads/2025/08/82292408818.avif",,,,,,,,,0,BMW,color,Marron,1,1,,,,,,,,,,,,,,,,,,,,,,,,,,,,,,,,,,,,,,sync-and-show,created,synced,1773284763,Marron,approved,,,,,,,0,,,,,,,,,,,,,,,,,,,,,,,,,,
19103,simple,82292408819,,"Portallaves cierre de acero, color moka",1,0,visible,,"Eleve la llave de su BMW con la funda para llaves de rendimiento BMW original en color moka (parte No. 82292408818). Hecho a mano de cuero de primera calidad, este estuche para llaves ofrece un toque lujoso mientras protege su llave de arañazos y desgaste. Diseñado específicamente para las llaves de BMW, garantiza un ajuste seguro y un fácil acceso a todas las funciones. Mantenga su llave elegante y protegida con este accesorio de alta calidad, que combina el lujo con el espíritu dinámico de BMW.",,,taxable,,1,2,,0,0,,,,,1,,,1230.27,"Life Style, Life Style > Llaveros & Portallaves",,,https://vecsaboutique.com/wp-content/uploads/2025/08/82292408819.avif,,,,,,,,,0,BMW,,,,,,,,,,,,,,,,,,,,,,,,,,,,,,,,,,,,,,,,,,sync-and-show,created,synced,1773284763,,approved,,,,,,,0,,,,,,,,,,,,,,,,,,,,,,,,,,
19104,simple,80145A0A780,,"Sudadera MINI MINI Wing, para dama",1,0,visible,,"Esta sudadera MINI garantiza el look de ocio perfecto. Es de corte clásico y suelto y está hecho de algodón orgánico suave (vellón diagonal), lo que garantiza la máxima comodidad de uso. El logotipo de MINI Wing en relieve y tonal hace que la sudadera sea imprescindible para los fans de MINI.\nDetalles del producto:\nColor: Azul Islandia\nVellón diagonal de algodón 100% orgánico\nTransferencia textil tonal con logotipo MINI Wing en relieve\nMangas largas\nDobladillo recto\nAjuste clásico, talla normal",,,taxable,,1,1,,0,0,,,,,1,,,906.47,"Life Style, Life Style > Sudaderas",,,"https://vecsaboutique.com/wp-content/uploads/2025/08/80145A0A780_A.avif, https://vecsaboutique.com/wp-content/uploads/2025/08/80145A0A780_B.avif, https://vecsaboutique.com/wp-content/uploads/2025/08/80145A0A780_C.avif, https://vecsaboutique.com/wp-content/uploads/2025/08/80145A0A780_D.avif",,,,,,,,,0,MINI,color,Azul,1,1,genero,Mujer,1,1,talla,XS,1,1,,,,,,,,,,,,,,,,,,,,,,,,,,,,,,sync-and-show,created,has-errors,1760324404,Azul,,,,,,,,0,,,,,,,,,,,,,,,,,,,,,,,,,,
19105,variable,80145A21124,,"Sudadera MINI MINI Wing, para dama",1,0,visible,,"Esta sudadera MINI garantiza el look de ocio perfecto. Es de corte clásico y suelto y está hecho de algodón orgánico suave (vellón diagonal), lo que garantiza la máxima comodidad de uso. El logotipo de MINI Wing en relieve y tonal hace que la sudadera sea imprescindible para los fans de MINI.\nDetalles del producto:\nColor: Azul Islandia\nVellón diagonal de algodón 100% orgánico\nTransferencia textil tonal con logotipo MINI Wing en relieve\nMangas largas\nDobladillo recto\nAjuste clásico, talla normal",,,taxable,,1,1,,0,0,,,,,1,,,,"Life Style, Life Style > Sudaderas",,,"https://vecsaboutique.com/wp-content/uploads/2025/08/80145A21124_0003_Capa-19.avif, https://vecsaboutique.com/wp-content/uploads/2025/08/80145A21124_0000_Capa-22.avif, https://vecsaboutique.com/wp-content/uploads/2025/08/80145A21124_0001_Relleno-generativo-3.avif, https://vecsaboutique.com/wp-content/uploads/2025/08/80145A21124_0002_Capa-20.avif, https://vecsaboutique.com/wp-content/uploads/2025/08/80145A21124_0003_Capa-19.avif",,,,,,,,,0,MINI,color,"Azul islandia",1,1,talla,S,1,1,genero,Mujer,1,1,,,,,,,,,,,,,,,,,,,,,,,,,,,,,,sync-and-show,updated,synced,1755627740,,,yes,no,yes,,,,,,,,,,,,,,,,,,,,,,,,,,,,,,
19106,simple,80145A21169,,"Sudadera infantil 3D coche MINI 3D",1,0,visible,,"No importa la edad, todo el mundo necesita una sudadera cómoda, y esta no deja sin duda nada que desear. Tiene un corte clásico con cuello redondo y mangas raglan. El coche 3D con efecto cambiante inspirará a todos los pequeños fans de MINI y hará de esta sudadera un imprescindible.\nDetalles del producto:\nColor: Azul Islandia\nJersey pesado de algodón 100% orgánico\nImpresión 3D de coche con efecto cambiante y logotipo de MINI Wing en color de contraste\nMangas raglán\nCuello redondo\nDobladillo recto.",,,taxable,,1,1,,0,0,,,,,1,,,547.64,"Life Style, Life Style > Sudaderas",,,"https://vecsaboutique.com/wp-content/uploads/2025/08/80145A21169_B.avif, https://vecsaboutique.com/wp-content/uploads/2025/08/80145A21169_C.avif, https://vecsaboutique.com/wp-content/uploads/2025/08/80145A21169_D.avif, https://vecsaboutique.com/wp-content/uploads/2025/08/80145A21169_E.avif",,,,,,,,,0,MINI,color,Azul,1,1,edades,Niños,1,1,talla,"9-10 AÑOS",1,1,,,,,,,,,,,,,,,,,,,,,,,,,,,,,,sync-and-show,pending_update,has-errors,1760324404,Azul,,,,,,,,0,,,,,,,,,,,,,,,,,,,,,,,,,,
19108,variable,80145B318F3,,"Pantalón BMW M Motorsport/Puma CGS, unisex",1,0,visible,,"BMW M Motorsport Pantalón CGS Unisex\nAjuste relajado\nBadgets bordados\nCintura elástica con cordón ajustable\n2 bolsillos cargo\nBolsillos laterales y bolsillo trasero\nPiernas abiertas con cordón ajustable\nLogotipo de BMW M Motorsport en el muslo derecho\nInsignia de Puma en el muslo izquierdo\nMaterial: 93% nailon, 7% elastano, tejido",,,taxable,,1,2,,0,0,,,,,1,,,,"Life Style, Life Style > Pantalones",,,"https://vecsaboutique.com/wp-content/uploads/2025/08/80145B318F4.avif, https://vecsaboutique.com/wp-content/uploads/2025/08/80145B318F4.avif, https://vecsaboutique.com/wp-content/uploads/2025/08/80145B318F4_2.avif",,,,,,80145B31900,,,0,BMW,talla,"L, M, XS",1,1,genero,Unisex,1,1,color,Negro,1,1,,,,,,,,,,,,,,,,,,,,,,,,,,,,,,sync-and-show,updated,has-errors,1760324405,,,yes,yes,yes,,,,,,,,,,,,,,,,,,,,,,,,,,,,,,
19109,simple,80145B318A8,,"Shorts BMW/Puma, para caballero",1,0,visible,,"Shorts color negro con graficos BMW M MOTORSPORT para caballero. Talla S.\n\n- Ajuste regular.\n- Bolsillos laterales.\n- Gráfico de goma en la pierna izquierda.\n- Cintura elástica con cordón.\n- Impresión del logotipo de BMW M Motorsport en el muslo derecho.\n- Logotipo de Puma en el muslo izquierdo.\n- Material: 66% algodón, 34% poliéster reciclado.\n- Color: Negro.",,,taxable,,1,2,,0,0,,,,,1,,,1043.94,"Life Style, Life Style > Shorts",,,"https://vecsaboutique.com/wp-content/uploads/2025/08/80145B318A8_a.avif, https://vecsaboutique.com/wp-content/uploads/2025/08/80145B318A8_b.avif",,,,,,,,,0,BMW,color,Black,1,1,genero,Hombre,1,1,talla,S,1,1,,,,,,,,,,,,,,,,,,,,,,,,,,,,,,sync-and-show,created,synced,1773284763,Black,approved,,,,,,,0,,,,,,,,,,,,,,,,,,,,,,,,,,
19112,variable,80145B31FD5,,"Camiseta MINI Semi-oversize B/Bitono, para dama",1,0,visible,,"MINI T Shirt Women s Car Face DetailBlue Indigo S",,,taxable,,1,2,,0,0,,,,,1,,,,"Life Style > Camisetas, Life Style",Promoción,,"https://vecsaboutique.com/wp-content/uploads/2025/08/80145B31FD5_a.avif, https://vecsaboutique.com/wp-content/uploads/2025/08/80145B31FD5_b.avif, https://vecsaboutique.com/wp-content/uploads/2025/08/80145B31FD5_c.avif, https://vecsaboutique.com/wp-content/uploads/2025/08/80145B31FD5_d.avif, https://vecsaboutique.com/wp-content/uploads/2025/08/80145B31FD5_a.avif",,,,,,,,,0,MINI,talla,"L, M, S",1,1,genero,Mujer,1,1,color,"Azul Marino/Indigo",1,1,,,,,,,,,,,,,,,,,,,,,,,,,,,,,,sync-and-show,updated,synced,1773889633,"Azul Marino/Indigo",approved,yes,yes,yes,,,,,,,,,,,,,,,,,,,,,,,,,,,,,,
19115,variable,80145B31FE1,,"Camiseta MINI Semi-oversize S/Red, para dama",1,0,visible,,"MINI T Shirt Women s Car Face DetailVibrantS Red S",,,taxable,,1,2,,0,0,,,,,1,,,,"Life Style > Camisetas, Life Style",Promoción,,"https://vecsaboutique.com/wp-content/uploads/2025/08/80145B31FE3_a.avif, https://vecsaboutique.com/wp-content/uploads/2025/08/80145B31FE3_b.avif, https://vecsaboutique.com/wp-content/uploads/2025/08/80145B31FE3_c.avif, https://vecsaboutique.com/wp-content/uploads/2025/08/80145B31FE3_d.avif, https://vecsaboutique.com/wp-content/uploads/2025/08/80145B31FE3_a.avif",,,,,,,,,0,MINI,color,"Plata vibrante/Rojo rebelde",1,1,talla,"L, M, S",1,1,genero,Mujer,1,1,,,,,,,,,,,,,,,,,,,,,,,,,,,,,,sync-and-show,updated,synced,1773716490,"Plata vibrante/Rojo rebelde",approved,yes,yes,yes,,,,,,,,,,,,,,,,,,,,,,,,,,,,,,
19118,variable,80145B31FE7,,"Camiseta MINI Semi-oversize W/Outline Print, para dama",1,0,visible,,"Camiseta con estampado de contorno en la parte delantera y manga izquierda.\n- Logotipo de MINI Wing en la esquina inferior izquierda\n- Corte informal, hombros ligeramente caídos\n- Dobladillo recto\n-Color Blanco\n-100% algodón orgánico",,,taxable,,1,1,,0,0,,,,,1,,,,"Life Style > Camisetas, Life Style",,,"https://vecsaboutique.com/wp-content/uploads/2025/08/80145B31FE7_a.avif, https://vecsaboutique.com/wp-content/uploads/2025/08/80145B31FE7_b.avif, https://vecsaboutique.com/wp-content/uploads/2025/08/80145B31FE7_c.avif, https://vecsaboutique.com/wp-content/uploads/2025/08/80145B31FE7_d.avif, https://vecsaboutique.com/wp-content/uploads/2025/08/80145B31FE7_a.avif",,,,,,,,,0,MINI,talla,"L, S",1,1,genero,Mujer,1,1,color,Blanco,1,1,,,,,,,,,,,,,,,,,,,,,,,,,,,,,,sync-and-show,created,synced,1773457527,,approved,yes,yes,yes,,,,,,,,,,,,,,,,,,,,,,,,,,,,,,
19120,simple,80145B31FF5,,"Camiseta MINI Semi-oversize R/Outline Print, para dama",1,0,visible,,"Camiseta con estampado de contorno en la parte delantera y manga izquierda.\n- Logotipo de MINI Wing en la esquina inferior izquierda\n- Corte informal, hombros ligeramente caídos\n- Dobladillo recto\n-Color rojo\n-100% algodón orgánico",,,taxable,,1,1,,0,0,,,,,1,,,1502.15,"Life Style > Camisetas, Life Style",,,"https://vecsaboutique.com/wp-content/uploads/2025/08/80145B31FF5_a.avif, https://vecsaboutique.com/wp-content/uploads/2025/08/80145B31FF5_d.avif, https://vecsaboutique.com/wp-content/uploads/2025/08/80145B31FF5_c.avif, https://vecsaboutique.com/wp-content/uploads/2025/08/80145B31FF5_b.avif",,,,,,,,,0,MINI,color,"Rojo Rebelde",1,1,genero,Mujer,1,1,talla,L,1,1,,,,,,,,,,,,,,,,,,,,,,,,,,,,,,sync-and-show,created,synced,1773630074,"Rojo Rebelde",approved,,,,,,,0,,,,,,,,,,,,,,,,,,,,,,,,,,
19121,variable,80145B31FF9,,"Camiseta MINI W logo en relieve B/W, para dama",1,0,visible,,"Camiseta para mujer semi-holgada con logotipo MINI Wing en relieve.\n-Corte informal, hombros ligeramente caídos\n-Dobladillo recto\n-100% algodón orgánico\n-Color blanco",,,taxable,,1,2,,0,0,,,,,1,,,,"Life Style > Camisetas, Life Style",,,"https://vecsaboutique.com/wp-content/uploads/2025/08/80145B31FF9_a.avif, https://vecsaboutique.com/wp-content/uploads/2025/08/80145B31FF9_b.avif, https://vecsaboutique.com/wp-content/uploads/2025/08/80145B31FF9_c.avif, https://vecsaboutique.com/wp-content/uploads/2025/08/80145B31FF9_d.avif, https://vecsaboutique.com/wp-content/uploads/2025/08/80145B31FF9_a.avif",,,,,,,,,0,MINI,talla,"L, M, S",1,1,color,Blanco,1,1,genero,Mujer,1,1,,,,,,,,,,,,,,,,,,,,,,,,,,,,,,sync-and-show,updated,synced,1773716490,,approved,yes,yes,yes,,,,,,,,,,,,,,,,,,,,,,,,,,,,,,
19124,variable,80145B32005,,"Camiseta MINI B logo en relieve W/B, para dama",1,0,visible,,"MINI T Shirt Women s Wing Logo EmbossedBlack White S",,,taxable,,1,1,,0,0,,,,,1,,,,"Life Style > Camisetas, Life Style",Promoción,,"https://vecsaboutique.com/wp-content/uploads/2025/08/80145B32005_a.avif, https://vecsaboutique.com/wp-content/uploads/2025/08/80145B32005_b.avif, https://vecsaboutique.com/wp-content/uploads/2025/08/80145B32005_c.avif, https://vecsaboutique.com/wp-content/uploads/2025/08/80145B32005_d.avif, https://vecsaboutique.com/wp-content/uploads/2025/08/80145B32005_a.avif",,,,,,,,,0,MINI,color,Negro,1,1,genero,Mujer,1,1,talla,"L, M, S",1,1,,,,,,,,,,,,,,,,,,,,,,,,,,,,,,sync-and-show,updated,synced,1773716490,Negro,approved,yes,yes,yes,,,,,,,,,,,,,,,,,,,,,,,,,,,,,,
19127,variable,80145B32027,,"Camiseta MINI White/Blue Logo, para caballero",1,0,visible,,"La camiseta MINI Car Face para hombre está hecha de un agradable material de jersey único hecho de algodón 100% orgánico. La camiseta tiene un corte clásico, un escote redondo y una parte inferior recta. ¡El diseño gráfico único inspirado en el maniquí del radiador MINI garantiza un aspecto único y una sensación de apego a su MINI dondequiera que esté!\n- Impresión con detalles del radiador ficticio en la parte delantera\n- Letras MINI en contraste en el pecho izquierdo\n- Corte: Ajuste clásico\n- Tallas: S (80145B32027), M (80145B32028), L (80145B32029), XL (80145B32030), XXL (80145B32031), XXXL (80145B32032)",,,taxable,,1,2,,0,0,,,,,1,,,,"Life Style > Camisetas, Life Style",,,"https://vecsaboutique.com/wp-content/uploads/2025/08/80145B32027_a.avif, https://vecsaboutique.com/wp-content/uploads/2025/08/80145B32027_b.avif, https://vecsaboutique.com/wp-content/uploads/2025/08/80145B32027_c.avif, https://vecsaboutique.com/wp-content/uploads/2025/08/80145B32027_d.avif, https://vecsaboutique.com/wp-content/uploads/2025/08/80145B32027_a.avif",,,,,,,,,0,MINI,color,Blanco,1,1,talla,"L, M, S",1,1,genero,Hombre,1,1,,,,,,,,,,,,,,,,,,,,,,,,,,,,,,sync-and-show,created,synced,1773457527,,approved,yes,yes,yes,,,,,,,,,,,,,,,,,,,,,,,,,,,,,,
19130,variable,80145B32033,,"Camiseta MINI Red/Silver Logo, para caballero",1,0,visible,,"La camiseta MINI Car Face para hombre está hecha de agradable material de punto único en 50% algodón orgánico y 50% algodón reciclado. La camiseta tiene un corte clásico, un escote redondo y una parte inferior recta. ¡El diseño gráfico único inspirado en el maniquí del radiador MINI garantiza un aspecto único y una sensación de apego a su MINI dondequiera que esté!\n\n- Impresión con detalles del radiador en la parte delantera\n- Letras MINI en contraste en el pecho izquierdo\n- Corte: Ajuste clásico\n- Tamaños: S (80145B32033), M (80145B32034), L (80145B32035), XL (80145B32036), XXL (80145B32037), XXXL (80145B32038)",,,taxable,,1,2,,0,0,,,,,1,,,,"Life Style > Camisetas, Life Style",,,"https://vecsaboutique.com/wp-content/uploads/2025/08/80145B32033_a.avif, https://vecsaboutique.com/wp-content/uploads/2025/08/80145B32033_b.avif, https://vecsaboutique.com/wp-content/uploads/2025/08/80145B32033_c.avif, https://vecsaboutique.com/wp-content/uploads/2025/08/80145B32033_d.avif, https://vecsaboutique.com/wp-content/uploads/2025/08/80145B32033_a.avif",,,,,,,,,0,MINI,talla,"L, M, S",1,1,color,Rojo,1,1,genero,Hombre,1,1,,,,,,,,,,,,,,,,,,,,,,,,,,,,,,sync-and-show,created,synced,1773457527,,approved,yes,yes,yes,,,,,,,,,,,,,,,,,,,,,,,,,,,,,,
19133,variable,80145B32040,,"Camiseta MINI Black/Outline Print, para caballero",1,0,visible,,"Camiseta con estampado de contorno en la parte delantera y la manga izquierda\n- Logotipo de MINI Wing en la esquina inferior izquierda\n- Ajuste clásico\n- Dobladillo recto\n- 50% algodón reciclado, 50% algodón orgánico",,,taxable,,1,1,,0,0,,,,,1,,,,"Life Style > Camisetas, Life Style",,,"https://vecsaboutique.com/wp-content/uploads/2025/08/80145B32040_a.avif, https://vecsaboutique.com/wp-content/uploads/2025/08/80145B32040_c.avif, https://vecsaboutique.com/wp-content/uploads/2025/08/80145B32040_b.avif, https://vecsaboutique.com/wp-content/uploads/2025/08/80145B32040_a.avif",,,,,,,,,0,MINI,talla,"L, M",1,1,color,Negro,1,1,genero,Hombre,1,1,,,,,,,,,,,,,,,,,,,,,,,,,,,,,,sync-and-show,updated,synced,1773716490,,approved,yes,yes,yes,,,,,,,,,,,,,,,,,,,,,,,,,,,,,,
19135,variable,80145B32046,,"Camiseta MINI Blue/Outline Print, para caballero",1,0,visible,,"La camiseta MINI Outline Print está hecha de algodón suave con un corte clásico y tiene un cuello redondo y un dobladillo recto.\n- Color: azul\n- Logotipo de MINI Wing en la esquina inferior izquierda\n- Estampado de contorno en la parte delantera y la manga izquierda\n- Mangas cortas\n- Cuello redondo\n- Dobladillo recto\n- Ajuste clásico\n- Material: 50 % algodón reciclado, 50 % algodón orgánico\n- Tallas: S (80145B32045), M (80145B32046), L (80145B32047), XL (80145B32048), XXL (80145B32049), XXXL (80145B32050)",,,taxable,,1,1,,0,0,,,,,1,,,,"Life Style > Camisetas, Life Style",,,"https://vecsaboutique.com/wp-content/uploads/2025/08/80145B32046_a.avif, https://vecsaboutique.com/wp-content/uploads/2025/08/80145B32046_d.avif, https://vecsaboutique.com/wp-content/uploads/2025/08/80145B32046_c.avif, https://vecsaboutique.com/wp-content/uploads/2025/08/80145B32046_b.avif, https://vecsaboutique.com/wp-content/uploads/2025/08/80145B32046_a.avif",,,,,,,,,0,MINI,color,Azul,1,1,talla,"L, M",1,1,genero,Hombre,1,1,,,,,,,,,,,,,,,,,,,,,,,,,,,,,,sync-and-show,created,synced,1773457527,,approved,yes,yes,yes,,,,,,,,,,,,,,,,,,,,,,,,,,,,,,
19137,variable,80145B32051,,"Camiseta MINI Black logo en relieve B/W, para caballero",1,0,visible,,"Camiseta con logotipo MINI Wing en relieve con impresión en contraste.\n- Ajuste clásico\n- Dobladillo recto\n- Material: 100% algodón orgánico",,,taxable,,1,2,,0,0,,,,,1,,,,"Life Style > Camisetas, Life Style",,,"https://vecsaboutique.com/wp-content/uploads/2025/08/80145B32051_a.avif, https://vecsaboutique.com/wp-content/uploads/2025/08/80145B32051_d.avif, https://vecsaboutique.com/wp-content/uploads/2025/08/80145B32051_c.avif, https://vecsaboutique.com/wp-content/uploads/2025/08/80145B32051_b.avif, https://vecsaboutique.com/wp-content/uploads/2025/08/80145B32051_a.avif",,,,,,,,,0,MINI,color,Blanco,1,1,talla,"L, M, S",1,1,genero,Hombre,1,1,,,,,,,,,,,,,,,,,,,,,,,,,,,,,,sync-and-show,updated,synced,1773716490,,approved,yes,yes,yes,,,,,,,,,,,,,,,,,,,,,,,,,,,,,,
19140,variable,80145B32057,,"Camiseta MINI White logo en relieve W/B, para caballero",1,0,visible,,"Camiseta con logotipo MINI Wing en relieve con impresión en contraste.\n- Ajuste clásico\n- Dobladillo recto\n- Material: 50 % algodón reciclado, 50 % algodón orgánico",,,taxable,,1,2,,0,0,,,,,1,,,,"Life Style > Camisetas, Life Style",,,"https://vecsaboutique.com/wp-content/uploads/2025/08/80145B32057_a.avif, https://vecsaboutique.com/wp-content/uploads/2025/08/80145B32057_c.avif, https://vecsaboutique.com/wp-content/uploads/2025/08/80145B32057_b.avif, https://vecsaboutique.com/wp-content/uploads/2025/08/80145B32057_a.avif",,,,,,,,,0,MINI,color,Negro,1,1,genero,Hombre,1,1,talla,"L, M, S",1,1,,,,,,,,,,,,,,,,,,,,,,,,,,,,,,sync-and-show,updated,synced,1773716490,,approved,yes,yes,yes,,,,,,,,,,,,,,,,,,,,,,,,,,,,,,
19143,variable,80145B32069,,"Sudadera MINI Black/Outline Print, para caballero",1,0,visible,,"La sudadera con capucha MINI Outline para hombre se inspiró en la parte delantera del coche MINI. En el pecho, en la parte posterior y en el capó, hay un contorno claro de la lámpara y el maniquí del radiador, gracias al cual te sientes apegado a tu MINI dondequiera que vayas. ¡Atrévete y vive MINI!\nEstampado de contorno en la parte delantera y trasera y capucha\n- Logotipo MINI Wing en la zona del pecho izquierda\n- Corte holgado, hombros caídos\n- MATERIAL: 75% algodón orgánico, 25% algodón reciclado",,,taxable,,1,2,,0,0,,,,,1,,,,"Life Style, Life Style > Sudaderas",,,"https://vecsaboutique.com/wp-content/uploads/2025/08/80145B32070.avif, https://vecsaboutique.com/wp-content/uploads/2025/08/80145B32070.avif, https://vecsaboutique.com/wp-content/uploads/2025/08/80145B32070_3.avif, https://vecsaboutique.com/wp-content/uploads/2025/08/80145B32070_2.avif",,,,,,,,,0,MINI,color,Negro,1,1,talla,"L, M, S",1,1,genero,Hombre,1,1,,,,,,,,,,,,,,,,,,,,,,,,,,,,,,sync-and-show,created,synced,1773457527,,approved,yes,yes,yes,,,,,,,,,,,,,,,,,,,,,,,,,,,,,,
19144,simple,80145B32D69,,"Pants BMW M Motorsport RL, para caballero",1,0,visible,,"Pants BMW M Motorsports RL.\n\n- Gráfico de Roy Lichtenstein impreso en ambos lados de las piernas.\n- Bolsillos ribeteados laterales y traseros.\n- Cintura elástica con cordón.\n- Ajuste relajado.\n- Etiqueta tejida BMW M Motorsport en la parte posterior.\n- Color: Verde.\n- Material: 70% algodón, 30% algodón reciclado",,,taxable,,1,1,,0,0,,,,,1,,,1922.24,"Life Style, Life Style > Pants",,,"https://vecsaboutique.com/wp-content/uploads/2025/08/80145B32D69_a.avif, https://vecsaboutique.com/wp-content/uploads/2025/08/80145B32D69_b.avif",,,,,,,,,0,BMW,color,Verde,1,1,genero,Hombre,1,1,talla,M,1,1,,,,,,,,,,,,,,,,,,,,,,,,,,,,,,sync-and-show,created,synced,1773630074,Verde,approved,,,,,,,0,,,,,,,,,,,,,,,,,,,,,,,,,,
19145,variable,80145B36AD1,,"Camiseta BMW Logo reverse, uniisex",1,0,visible,,"Camiseta con el logotipo de BMW en gris con estampado de logotipo en la parte trasera. La ropa de algodón orgánico promueve suelos saludables y aumenta la biodiversidad. Esto se hace mediante el uso limitado de pesticidas sintéticos, fertilizantes y modificación genética.\n- 100% algodón orgánico\n- Peso: 180 g/m²\n- Costilla elástica en el cuello\n- Impresión de alegría de BMW en el pecho\n- Logotipo de BMW en la parte trasera\n- Ajuste normal, unisex",,,taxable,,1,2,,0,0,,,,,1,,,,"Life Style > Camisetas, Life Style",,,"https://vecsaboutique.com/wp-content/uploads/2025/08/80145B36AD1_a.avif, https://vecsaboutique.com/wp-content/uploads/2025/08/80145B36AD1_a.avif, https://vecsaboutique.com/wp-content/uploads/2025/08/80145B36AD1_b.avif",,,,,,,,,0,BMW,color,Gris,1,1,talla,"L, M",1,1,genero,Unisex,1,1,,,,,,,,,,,,,,,,,,,,,,,,,,,,,,sync-and-show,updated,synced,1773457527,,approved,yes,yes,yes,,,,,,,,,,,,,,,,,,,,,,,,,,,,,,
19147,variable,80145B36AD6,,"Camiseta BMW Logo Relieve Blue, unisex",1,0,visible,,"Camiseta con el logotipoen relive de BMW\n\n− Aplicación de marca del logotipo de BMW en relieve pequeño en el pecho\n− Tipo de tejido: Jersey sencillo\n− 180gm de algodón orgánico de peso medio\n- Ajuste regular unisex\n- Material: 100% algodón orgánico\n- Color: Azul",,,taxable,,1,2,,0,0,,,,,1,,,,"Life Style > Camisetas, Life Style",,,"https://vecsaboutique.com/wp-content/uploads/2025/08/80145B36AD6_0001_Capa-3.avif, https://vecsaboutique.com/wp-content/uploads/2025/08/80145B36AD6_0000_Capa-4.avif, https://vecsaboutique.com/wp-content/uploads/2025/08/80145B36AD6_0001_Capa-3.avif",,,,,,,,,0,BMW,color,"Azul marino",1,1,talla,"S, XL",1,1,genero,Unisex,1,1,,,,,,,,,,,,,,,,,,,,,,,,,,,,,,sync-and-show,updated,synced,1773457527,,approved,yes,yes,yes,,,,,,,,,,,,,,,,,,,,,,,,,,,,,,
19149,variable,80145B36AE2,,"Camiseta BMW Logo Relieve White, para dama",1,0,visible,,"Esta cómoda camiseta de mujer BMW tiene un ajuste equilibrado, una sensación elegante y un logotipo tonal que se adapta discretamente al tejido.\n- 100 % Algodón\n- 180 gsm algodón de peso medio\n- Símbolo de BMW impreso en tono\n- Colocación del logotipo en la parte frontal",,,taxable,,1,1,,0,0,,,,,1,,,,"Life Style > Camisetas, Life Style",,,"https://vecsaboutique.com/wp-content/uploads/2025/08/80145B36AE2_a.avif, https://vecsaboutique.com/wp-content/uploads/2025/08/80145B36AE2_a.avif, https://vecsaboutique.com/wp-content/uploads/2025/08/80145B36AE2_b.avif",,,,,,,,,0,BMW,color,Blanco,1,1,talla,"M, S",1,1,genero,Mujer,1,1,,,,,,,,,,,,,,,,,,,,,,,,,,,,,,sync-and-show,updated,synced,1773457527,,approved,yes,yes,yes,,,,,,,,,,,,,,,,,,,,,,,,,,,,,,
19151,variable,80145B36AE7,,"Camiseta BMW Tipografia Relieve White, unisex",1,0,visible,,"Camiseta BMW en relieve, unisex. La ropa de algodón orgánico promueve suelos saludables y aumenta la biodiversidad. Esto se hace por el uso limitado de pesticidas sintéticos, fertilizantes y modificación genética\n- 100% algodón orgánico\n- Peso: 180 g/m²\n- Costilla elástica en el cuello\n- BMW-Tag grabado arriba\n- Ajuste normal",,,taxable,,1,2,,0,0,,,,,1,,,,"Life Style > Camisetas",,,"https://vecsaboutique.com/wp-content/uploads/2025/08/80145B36AE7_a.avif, https://vecsaboutique.com/wp-content/uploads/2025/08/80145B36AE7_a.avif, https://vecsaboutique.com/wp-content/uploads/2025/08/80145B36AE7_b.avif",,,,,,,,,0,BMW,color,Blanco,1,1,talla,"L, M, S",1,1,genero,Unisex,1,1,,,,,,,,,,,,,,,,,,,,,,,,,,,,,,sync-and-show,updated,synced,1773457527,,approved,yes,yes,yes,,,,,,,,,,,,,,,,,,,,,,,,,,,,,,
19154,variable,80145B36AF3,,"Camiseta BMW Reliable Negra, unisex",1,0,visible,,"La camiseta ""Confiable"" unisex de BMW se caracteriza por un bordado ""reliable"" en el pecho, que subraya la fiabilidad de BMW con este diseño icónico. Está hecho de algodón orgánico de alta calidad y peso medio con un peso de 180 g/m² y ofrece una gran comodidad de uso gracias al tipo de tejido de punto único. El ajuste es unisex regular, lo que garantiza un ajuste cómodo y versátil.",,,taxable,,1,2,,0,0,,,,,1,,,,"Life Style > Camisetas, Life Style",,,"https://vecsaboutique.com/wp-content/uploads/2025/08/80145B36AF3_a.avif, https://vecsaboutique.com/wp-content/uploads/2025/08/80145B36AF3_a.avif, https://vecsaboutique.com/wp-content/uploads/2025/08/80145B36AF3_b.avif",,,,,,,,,0,BMW,talla,"L, M, S",1,1,genero,Unisex,1,1,color,Negro,1,1,,,,,,,,,,,,,,,,,,,,,,,,,,,,,,sync-and-show,updated,synced,1773457527,,approved,yes,yes,yes,,,,,,,,,,,,,,,,,,,,,,,,,,,,,,
19157,variable,80145B36AF9,,"Camiseta Oversize BMW ARC Unisex",1,0,visible,,"La camiseta BMW ARC presenta un corte extragrande y un llamativo logotipo bordado. Su corte extragrande ofrece una sensación de amplitud, mientras que el material premium realza su calidad.\n100% algodón orgánico\nAlgodón de peso medio (220 g/m²)\nLogotipo de BMW bordado en hilo de chenilla\nCorte oversize\nCuello de canalé de 2,5 cm de ancho\nLogotipo en el frente",,,taxable,,1,1,,0,0,,,,,1,,,,"Life Style > Camisetas, Life Style",,,"https://vecsaboutique.com/wp-content/uploads/2025/08/80145B36AF9_a.avif, https://vecsaboutique.com/wp-content/uploads/2025/08/80145B36AF9_a.avif, https://vecsaboutique.com/wp-content/uploads/2025/08/80145B36AF9_b.avif, https://vecsaboutique.com/wp-content/uploads/2025/08/80145B36AF9_c.avif, https://vecsaboutique.com/wp-content/uploads/2025/08/80145B36AF9_d.avif",,,,,,,,,0,BMW,talla,"L, M, S",1,1,color,Rojo,1,1,genero,Unisex,1,1,,,,,,,,,,,,,,,,,,,,,,,,,,,,,,sync-and-show,updated,synced,1773457527,,approved,yes,yes,yes,,,,,,,,,,,,,,,,,,,,,,,,,,,,,,
19160,variable,80145B36B20,,"Sudadera Deportiva Logo Reverse Unisex",1,0,visible,,"La sudadera con capucha gris BMW es una prenda todo terreno de alta calidad con la máxima comodidad.\n100% algodón\nPeso: 340 g/m²\nEstampado de alegría de BMW en el pecho\nLogotipo de BMW en la parte trasera\ncapucha de 2 capas\nPuños y dobladillo acanalados elásticos\nAjuste regular",,,taxable,,1,3,,0,0,,,,,1,,,,"Life Style, Life Style > Sudaderas",,,"https://vecsaboutique.com/wp-content/uploads/2025/08/80145B36B20_a.avif, https://vecsaboutique.com/wp-content/uploads/2025/08/80145B36B20_a.avif, https://vecsaboutique.com/wp-content/uploads/2025/08/80145B36B20_b.avif",,,,,,,,,0,BMW,talla,"L, M, S",1,1,genero,Unisex,1,1,color,Gris,1,1,,,,,,,,,,,,,,,,,,,,,,,,,,,,,,sync-and-show,updated,synced,1773457528,,approved,yes,yes,yes,,,,,,,,,,,,,,,,,,,,,,,,,,,,,,
19163,variable,80145B36B26,,"Sudadera con Macrologotipo de BMW en relieve Unisex",1,0,visible,,"Sudadera con Macrologotipo de BMW en relieve.\n\n− Capucha de doble capa\n\n− Sin cordón para un aspecto limpio y acabado\n\n− Algodón orgánico de peso medio de 340 g/m²\n\n− Ajuste unisex regular\n\nMaterial: 100 % algodón orgánico\n\nColor: azul",,,taxable,,1,1,,0,0,,,,,1,,,,"Life Style, Life Style > Sudaderas",,,"https://vecsaboutique.com/wp-content/uploads/2025/08/80145B36B26_a.avif, https://vecsaboutique.com/wp-content/uploads/2025/08/80145B36B26_a.avif, https://vecsaboutique.com/wp-content/uploads/2025/08/80145B36B26_b.avif",,,,,,,,,0,BMW,color,Azul,1,1,talla,"L, S",1,1,genero,Unisex,1,1,,,,,,,,,,,,,,,,,,,,,,,,,,,,,,sync-and-show,updated,synced,1773457528,,approved,yes,yes,yes,,,,,,,,,,,,,,,,,,,,,,,,,,,,,,
19165,variable,80145B36B32,,"Sudadera con capucha BMW Verlaessig Unisex",1,0,visible,,"Sudadera con capucha BMW Verlaessig\n\n− Gran logotipo blanco de BMW estampado VERLAESSIG en la espalda\n\n− Pequeño estampado blanco de VERLAESSIG en el pecho\n\n− Algodón orgánico de peso medio de 340 g/m²\n\n− Corte regular unisex\n\nMaterial: 100 % algodón orgánico",,,taxable,,1,1,,0,0,,,,,1,,,,"Life Style, Life Style > Sudaderas",,,"https://vecsaboutique.com/wp-content/uploads/2025/08/80145B36B32_a.avif, https://vecsaboutique.com/wp-content/uploads/2025/08/80145B36B32_b.avif",,,,,,,,,0,BMW,talla,"L, S",1,1,color,Negro,1,1,genero,Unisex,1,1,,,,,,,,,,,,,,,,,,,,,,,,,,,,,,sync-and-show,updated,synced,1773716491,,approved,yes,yes,yes,,,,,,,,,,,,,,,,,,,,,,,,,,,,,,
19167,variable,80145B36BA2,,"Suéter BMW M Core Micro Unisex",1,0,visible,,"Suéter BMW M Core Micro\n− Estampado microblanco del logotipo M en la parte delantera\n− Estampado blanco PARA LA MÁXIMA FREUDE DESDE 1972\n− Algodón orgánico de peso medio de 340 g/m²\n− Corte regular unisex\nMaterial: 100 % algodón orgánico",,,taxable,,1,1,,0,0,,,,,1,,,,"Life Style, Life Style > Suéteres",,,"https://vecsaboutique.com/wp-content/uploads/2025/08/80145B36BA2_a.avif, https://vecsaboutique.com/wp-content/uploads/2025/08/80145B36BA2_a.avif, https://vecsaboutique.com/wp-content/uploads/2025/08/80145B36BA2_b.avif",,,,,,,,,0,BMW,talla,"L, M, S",1,1,color,Azul,1,1,genero,Unisex,1,1,,,,,,,,,,,,,,,,,,,,,,,,,,,,,,sync-and-show,updated,synced,1773457528,,approved,yes,yes,yes,,,,,,,,,,,,,,,,,,,,,,,,,,,,,,
19170,variable,80145B4C7F5,,"Camiseta Oversize BMW ARC Unisex",1,0,visible,,"La camiseta BMW ARC está en línea con las tendencias modernas gracias a su tela de alta calidad y estilo oversize. El ajuste holgado permite que tanto hombres como mujeres usen este estilo. La marca BMW ARC es una versión única del logotipo de BMW, tomada del logotipo original. El producto es popular tanto entre los fanáticos de BMW como entre los clientes de Lifestyle, dada la superposición del producto de moda y la presencia de la marca BMW. La tela es de alta calidad y el efecto está probado para la solidez del lavado, y también tiene un uso agradable y lujoso. Las sofisticadas letras BMW El nombre de la marca es una versión única del logotipo de BMW, tomada del logotipo original Tela en relieve de alta calidad y probada para la solidez del lavado Tipo de tela: jersey sencillo Todos los artículos de gran tamaño, que es una dirección de ajuste específica Color: amarillo. Tela: 100% algodón La camiseta BMW ARC está en línea con las tendencias modernas gracias a su tela de alta calidad y estilo oversize. El ajuste holgado permite que tanto hombres como mujeres usen este estilo. La marca BMW ARC es una variación única del logotipo de BMW tomada del logotipo original. Este producto es apreciado tanto por los fans de BMW como por los clientes de estilo de vida, considerando la coincidencia entre el producto de moda y la presencia de la marca BMW. El tejido es de alta calidad y su efecto ha sido probado para resistir el lavado, además de ofrecer un tacto agradable y lujoso. Las elegantes letras BMW. El logotipo de la marca es una variación única del logotipo de BMW, tomado del original. Tejido en relieve de alta calidad y probado para resistir el lavado. Tipo de tejido: jersey sencillo. Todas las prendas son de talla grande, lo que implica una dirección de corte específica. Color: amarillo. Tejido: 100 % algodón.",,,taxable,,1,1,,0,0,,,,,1,,,,"Life Style > Camisetas, Life Style",,,"https://vecsaboutique.com/wp-content/uploads/2025/08/80145B4C7F5_0001_Capa-14.avif, https://vecsaboutique.com/wp-content/uploads/2025/08/80145B4C7F5_0000_Capa-15.avif, https://vecsaboutique.com/wp-content/uploads/2025/08/80145B4C7F5_0001_Capa-14.avif",,,,,,,,,0,BMW,color,Amarillo,1,1,talla,"L, M, S",1,1,genero,Unisex,1,1,,,,,,,,,,,,,,,,,,,,,,,,,,,,,,sync-and-show,updated,synced,1773457528,,approved,yes,yes,yes,,,,,,,,,,,,,,,,,,,,,,,,,,,,,,
19173,variable,80145B4C807,,"Camiseta Reflectante Unisex",1,0,visible,,"Camiseta unisex oversize BMW M Reverse\n100% algodón orgánico\nM en relieve en el pecho\nEstampado M reflectante en la espalda\nAjuste casual/de tamaño holgado",,,taxable,,1,1,,0,0,,,,,1,,,,"Life Style > Camisetas, Life Style",,,"https://vecsaboutique.com/wp-content/uploads/2025/08/80145B4C807_a.avif, https://vecsaboutique.com/wp-content/uploads/2025/08/80145B4C807_a.avif, https://vecsaboutique.com/wp-content/uploads/2025/08/80145B4C807_b.avif",,,,,,,,,0,BMW,talla,"L, M, S",1,1,genero,Unisex,1,1,color,Amarillo,1,1,,,,,,,,,,,,,,,,,,,,,,,,,,,,,,sync-and-show,updated,synced,1773457528,,approved,yes,yes,yes,,,,,,,,,,,,,,,,,,,,,,,,,,,,,,
19176,variable,80145B4C814,,"Sudadera Deportiva Logotipo BMW M Unisex",1,0,visible,,"BMW M Sweathoodie negro unisex\n100% algodón orgánico\nAjuste holgado\nGran logotipo de BMW M\nLogotipo M en relieve\ncapucha de doble capa\nbolsillo de canguro\nCintura elástica",,,taxable,,1,1,,0,0,,,,,1,,,,"Life Style, Life Style > Sudaderas",,,"https://vecsaboutique.com/wp-content/uploads/2025/08/80145B4C814_0001_Capa-17.avif, https://vecsaboutique.com/wp-content/uploads/2025/08/80145B4C814_0000_Capa-18.avif, https://vecsaboutique.com/wp-content/uploads/2025/08/80145B4C814_0001_Capa-17.avif",,,,,,,,,0,BMW,talla,"L, M",1,1,color,Negro,1,1,genero,Unisex,1,1,,,,,,,,,,,,,,,,,,,,,,,,,,,,,,sync-and-show,updated,synced,1773457528,,approved,yes,yes,yes,,,,,,,,,,,,,,,,,,,,,,,,,,,,,,
19178,variable,80145B5D042,,"Sudadera con cremallera BMW MMS MT7+, para caballero",1,0,visible,,"La sudadera BMW M Motorpsort combina la comodidad deportiva con el icónico diseño de los deportes de motor.\nEl corte regular y cómodo garantiza una libertad de movimiento óptima, mientras que el llamativo bloqueo de color MT7+ con detalles de ribetes le da un aspecto dinámico. La marca BMW M Motorsport establece acentos deportivos. Los bolsillos laterales con discretos detalles de propina ofrecen un práctico espacio de almacenamiento, perfecto para el día a día o para el camino a la siguiente pista de carreras.\nColor: azul\nMaterial: 70% algodón, 30% algodón reciclado",,,taxable,,1,1,,0,0,,,,,1,,,,"Life Style, Life Style > Sudaderas",,,"https://vecsaboutique.com/wp-content/uploads/2025/08/80145B5D042_a.avif, https://vecsaboutique.com/wp-content/uploads/2025/08/80145B5D042_a.avif, https://vecsaboutique.com/wp-content/uploads/2025/08/80145B5D042_b.avif",,,,,,,,,0,BMW,talla,"L, M",1,1,color,Azul,1,1,genero,Hombre,1,1,,,,,,,,,,,,,,,,,,,,,,,,,,,,,,sync-and-show,created,synced,1773457528,,approved,yes,yes,yes,,,,,,,,,,,,,,,,,,,,,,,,,,,,,,
19180,variable,80145B5D052,,"Polo BMW MMS Blue, para caballero",1,0,visible,,"Polo BMW M Motorsport para hombre con bolsillo en el pecho izquierdo y detalles en colores M. ¡Sorprende a todos!\n- Bolsillo en el pecho con detalles en forma de cinta adhesiva\n- Ribetes en el collar\n- Media manga raglán\n- Logotipo blanco de BMW M Motorsport en el pecho izquierdo\n- Logotipo de PUMA en el pecho derecho\n- Corte: Ajuste regular\n- Color: azul\n- Material: 52% algodón, 48% poliéster reciclado\n- Tallas: S (80145B5D051), M (80145B5D052), L (80145B5D053), XL (80145B5D054), XXL (80145B5D055)",,,taxable,,1,1,,0,0,,,,,1,,,,"Life Style > Camisetas, Life Style",,,"https://vecsaboutique.com/wp-content/uploads/2025/08/80145B5D052_a.avif, https://vecsaboutique.com/wp-content/uploads/2025/08/80145B5D052_a.avif, https://vecsaboutique.com/wp-content/uploads/2025/08/80145B5D052_b.avif",,,,,,,,,0,BMW,talla,"L, M",1,1,color,Azul,1,1,genero,Hombre,1,1,,,,,,,,,,,,,,,,,,,,,,,,,,,,,,sync-and-show,updated,synced,1773457528,,approved,yes,yes,yes,,,,,,,,,,,,,,,,,,,,,,,,,,,,,,
19182,variable,80145B5D061,,"Sudadera BMW MMS Graphic/PUMA-Black, para caballero",1,0,visible,,"Sudadera con capucha negra, BMW M Motorsport Graphic/PUMA\nAjuste relajado.\nCapucha forrada de malla.\nImpresión de la insignia BMW M Motorsport en el bolsillo.\nPuños y dobladillo acanalados.\nColor: Negro.\nMaterial: 66% algodón, 34% poliéster reciclado.",,,taxable,,1,2,,0,0,,,,,1,,,,"Life Style, Life Style > Sudaderas",,,"https://vecsaboutique.com/wp-content/uploads/2025/08/80145B5D061_a.avif, https://vecsaboutique.com/wp-content/uploads/2025/08/80145B5D061_a.avif, https://vecsaboutique.com/wp-content/uploads/2025/08/80145B5D061_b.avif",,,,,,,,,0,BMW,color,Negro,1,1,talla,"L, S",1,1,genero,Hombre,1,1,,,,,,,,,,,,,,,,,,,,,,,,,,,,,,sync-and-show,updated,synced,1773457528,,approved,yes,yes,yes,,,,,,,,,,,,,,,,,,,,,,,,,,,,,,
19184,simple,80145B5D076,,"Camiseta BMW MMS AOP/PUMA, para caballero",1,0,visible,,"Camiseta BMW Motorsport para hombre con gráficos de camuflaje en general inspirada en los colores de las carreras M4 GT4. Camiseta de poliéster absolutamente única con la que sorprenderás a todos.\n- Estilo inspirado en el baloncesto\n- Estampado AOP inspirado en los colores del BMW M4 GT4\n- Impresión con el logotipo de PUMA en la manga derecha\n- Logotipo de BMW M Motorsport en el pecho\n- Corte: Ajuste relajado\n- Color: camuflaje blanco y negro\n- Material: 100% poliéster, malla\n- Tallas: S (80145B5D076), M (80145B5D077), L (80145B5D078), XL (80145B5D079), XXL (80145B5D080)",,,taxable,,1,1,,0,0,,,,,1,,,739.46,"Life Style > Camisetas, Life Style",,,"https://vecsaboutique.com/wp-content/uploads/2025/08/80145B5D076_a.avif, https://vecsaboutique.com/wp-content/uploads/2025/08/80145B5D076_b.avif",,,,,,,,,0,BMW,color,Blanco/negro,1,1,genero,Hombre,1,1,talla,S,1,1,,,,,,,,,,,,,,,,,,,,,,,,,,,,,,sync-and-show,created,synced,1773630074,Blanco/negro,approved,,,,,,,0,,,,,,,,,,,,,,,,,,,,,,,,,,
19185,simple,80145B5D083,,"Camiseta BMW M Motorsport M4 GT4, unisex",1,0,visible,,"Camiseta unisex de BMW Motorsport con gráficos deportivos que representan el BMW M4 Gt4 en el pecho. ¡Ponte esta camiseta de BMW y destaca del resto!\n- Gran impresión gráfica de BMW MMS Racing en la parte delantera\n- Impresión del logotipo de BMW M Motorsport en la manga izquierda\n- Logotipo de PUMA en la manga derecha\n- Corte: Ajuste relajado\n- Color: blanco\n- Material: 70% algodón, 30% algodón reciclado\n- Tallas: xS (80145B5D081), S (80145B5D082), M (80145B5D083), L (80145B5D084), XL (80145B5D085), XXL (80145B5D086)",,,taxable,,1,2,,0,0,,,,,1,,,672.81,"Life Style > Camisetas, Life Style",,,"https://vecsaboutique.com/wp-content/uploads/2025/08/80145B5D083_a.avif, https://vecsaboutique.com/wp-content/uploads/2025/08/80145B5D083_b.avif",,,,,,,,,0,BMW,color,Blanco,1,1,genero,Unisex,1,1,talla,M,1,1,,,,,,,,,,,,,,,,,,,,,,,,,,,,,,sync-and-show,created,synced,1773630074,Blanco,approved,,,,,,,0,,,,,,,,,,,,,,,,,,,,,,,,,,
19186,variable,80145B5D088,,"Camiseta BMW M Motorsport M4, unisex",1,0,visible,,"Camiseta unisex de BMW Motorsport con gráficos que representan el BMW M4 monocromático en el pecho. La singularidad de esta camiseta en blanco y negro se da por la etiqueta de color M en el lateral.\n- Impresión gráfica grande BMW M4 en la parte delantera\n- Pequeño logotipo de BMW M Motorsport en la parte posterior\n- Etiqueta en M colores en el lateral\n- Logotipo negro de BMW M Motorsport en la funda izquierda\n- Logotipo de PUMA en la manga derecha\n- Corte: Ajuste regular\n- Color: blanco\n- Material: 75% algodón, 25% algodón reciclado\n- Tallas: XS (80145B5D087), S (80145B5D088), M (80145B5D089), L (80145B5D090), XL (80145B5D091), XXL (80145B5D092)",,,taxable,,1,2,,0,0,,,,,1,,,,"Life Style > Camisetas, Life Style",,,"https://vecsaboutique.com/wp-content/uploads/2025/08/80145B5D088_a.avif, https://vecsaboutique.com/wp-content/uploads/2025/08/80145B5D088_a.avif, https://vecsaboutique.com/wp-content/uploads/2025/08/80145B5D088_b.avif",,,,,,,,,0,BMW,color,Blanco,1,1,talla,"L, M, S",1,1,genero,Unisex,1,1,,,,,,,,,,,,,,,,,,,,,,,,,,,,,,sync-and-show,created,synced,1773716490,,approved,yes,yes,yes,,,,,,,,,,,,,,,,,,,,,,,,,,,,,,
19189,variable,80145B5D093,,"Camiseta BMW M Motorsport Essential Grey, para caballero",1,0,visible,,"Camiseta BMW Motorsport para hombre para el uso diario. A la izquierda, encontrará un pequeño logotipo de BMW M Motorsport, y en la parte posterior, su gran contraparte corre a lo largo de la columna vertebral.\n- Impresión del logotipo de BMW M Motorsport en el pecho izquierdo\n- Impresión del logotipo de PUMA en el pecho derecho\n- Impresión vertical del logotipo de BMW Motorsport en la parte posterior\n- Corte: Ajuste relajado\n- Color: gris\n- Material: 75% algodón, 25% algodón reciclado\n- Tallas: S (80145B5D093), M (80145B5D094), L (80145B5D095), XL (80145B5D096), XXL (80145B5D097)",,,taxable,,1,1,,0,0,,,,,1,,,,"Life Style > Camisetas, Life Style",,,"https://vecsaboutique.com/wp-content/uploads/2025/08/80145B5D093_a.avif, https://vecsaboutique.com/wp-content/uploads/2025/08/80145B5D093_b.avif",,,,,,,,,0,BMW,talla,"L, M, S",1,1,genero,Hombre,1,1,,,,,,,,,,,,,,,,,,,,,,,,,,,,,,,,,,sync-and-show,created,synced,1773371102,,approved,yes,yes,yes,,,,,,,,,,,,,,,,,,,,,,,,,,,,,,
19192,variable,80145B5D098,,"Camiseta BMW M Motorsport Essential White, para caballero",1,0,visible,,"Camiseta BMW Motorsport para hombre para el uso diario. A la izquierda, encontrará un pequeño logotipo de BMW M Motorsport, y en la parte posterior, su gran contraparte corre a lo largo de la columna vertebral.\n- Impresión del logotipo de BMW M Motorsport en el pecho izquierdo\n- Impresión del logotipo de PUMA en el pecho derecho\n- Impresión vertical del logotipo de BMW Motorsport en la parte posterior\n- Corte: Ajuste relajado\n- Color: blanco\n- Material: 75% algodón, 25% algodón reciclado\n- Tamaños: S (80145B5D098), M (80145B5D099), L (80145B5D0A0), XL (80145B5D0A1), XXL (80145B5D0A2)",,,taxable,,1,2,,0,0,,,,,1,,,,"Life Style > Camisetas, Life Style",,,"https://vecsaboutique.com/wp-content/uploads/2025/08/80145B5D098_a.avif, https://vecsaboutique.com/wp-content/uploads/2025/08/80145B5D098_b.avif",,,,,,,,,0,BMW,talla,"M, S",1,1,genero,Hombre,1,1,,,,,,,,,,,,,,,,,,,,,,,,,,,,,,,,,,sync-and-show,created,synced,1773371102,,approved,yes,yes,yes,,,,,,,,,,,,,,,,,,,,,,,,,,,,,,
19194,variable,80145B5D0B9,,"Camiseta BMW MMS WMN Graphic/PUMA, para dama",1,0,visible,,"Camiseta BMW Motorsport para mujer con rayas distintivas de color M en el pecho en una edición dinámica. Además, un pequeño logotipo blanco de BMW M Motorsport en el medio del pecho.\n- Impresión del logotipo de BMW M Motorsport\n- Logotipo de PUMA en la parte posterior\n- Estampado de rayas M en el pecho\n- Corte: Ajuste regular\n- Color: Negro\n- Material: 70% algodón, 30% algodón reciclado\nTallas: XS (80145B5D0B9), S (80145B5D0C0), M (80145B5D0C1), L (80145B5D0C2), XL (80145B5D0C3)",,,taxable,,1,1,,0,0,,,,,1,,,,"Life Style > Camisetas, Life Style",,,"https://vecsaboutique.com/wp-content/uploads/2025/08/80145B5D0C1_a.avif, https://vecsaboutique.com/wp-content/uploads/2025/08/80145B5D0C1_b.avif",,,,,,,,,0,BMW,talla,"M, S, XS",1,1,,,,,,,,,,,,,,,,,,,,,,,,,,,,,,,,,,,,,,sync-and-show,created,synced,1773371102,,approved,yes,yes,yes,,,,,,,,,,,,,,,,,,,,,,,,,,,,,,
19195,simple,80225B320D7,,"Mochila MINI Soft Wing Logo",1,0,visible,,"MINI Backpack Soft Wing LogoIndigo",,,taxable,,1,1,,0,0,,,,,1,,,2993.50,"Life Style, Life Style > Mochilas",Promoción,,"https://vecsaboutique.com/wp-content/uploads/2025/08/80225B320D7_b.avif, https://vecsaboutique.com/wp-content/uploads/2025/08/80225B320D7_c.avif, https://vecsaboutique.com/wp-content/uploads/2025/08/80225B320D7_a.avif, https://vecsaboutique.com/wp-content/uploads/2025/08/80225B320D7_d.avif, https://vecsaboutique.com/wp-content/uploads/2025/08/80225B320D7_e.avif",,,,,,80225B320D5,,,0,MINI,color,"Azul marino",1,1,genero,Unisex,1,1,,,,,,,,,,,,,,,,,,,,,,,,,,,,,,,,,,sync-and-show,updated,synced,1773889633,"Azul marino",approved,,,,,,,0,,,,,,,,,,,,,,,,,,,,,,,,,,
19196,simple,80225B320E3,,"Maleta Grande Black MINI Debossed Wing Logo",1,0,visible,,"Una maleta en un color negro atemporal, la compañera perfecta para viajes más largos. 76 litros de capacidad harán que se ajuste a todo lo que necesita, incluso para un viaje más largo, y el color negro hará que se ajuste a cualquier otro equipaje. Además de su obvia practicidad, la maleta también está diseñada con el espíritu de MINI y marcada con un distintivo logotipo alado, que enfatiza perfectamente tanto su singularidad como la suya.\nCaracteristicas:\n-Maleta de viaje con carcasa dura sobre ruedas (Spinner)\n-Logotipo de mini ala grande en relieve en la carcasa\n-Compartimento principal con cierre con una cremallera bidireccional y un candado de combinación TSA integrado\n-Cámaras internas: cremallera bidireccional y compartimento de malla adicional, correas de cierre con cierre magnético Fidlock\n-Bolsillo extraíble con cremallera\n-Forro con un patrón MINI tejido\n-Ruedas de goma silenciosas y de alta calidad\n-Parachoques discretos en los lados de la maleta\n-Material exterior: 100 % policarbonato, incluyendo 30 % de policarbonato reciclado.\n-Forro: PET 100% reciclado\n-Dimensiones: 71 x 48,5 x 27,5 cm\n-Volumen: alrededor de 76 l\n-Peso: 4,2 kg",,,taxable,,1,1,,0,0,,,,,1,,,7651.67,"Life Style, Life Style > Maletas",,,"https://vecsaboutique.com/wp-content/uploads/2025/08/80225B320E3_b.avif, https://vecsaboutique.com/wp-content/uploads/2025/08/80225B320E3_c.avif, https://vecsaboutique.com/wp-content/uploads/2025/08/80225B320E3_a.avif, https://vecsaboutique.com/wp-content/uploads/2025/08/80225B320E3_d.avif, https://vecsaboutique.com/wp-content/uploads/2025/08/80225B320E3_e.avif",,,,,,80225B320E0,,,0,MINI,color,Black,1,1,genero,Unisex,1,1,talla,Grande,1,1,,,,,,,,,,,,,,,,,,,,,,,,,,,,,,sync-and-show,created,synced,1773284763,Black,approved,,,,,,,0,,,,,,,,,,,,,,,,,,,,,,,,,,
19197,simple,80225B320E0,,"Maleta Mediana Black MINI Debossed Wing Logo",1,0,visible,,"La maleta de cabina rigida MINI es una combinación del diseño inteligente de la marca MINI con funcionalidad y estética. Equipado con una abertura frontal con el logotipo de MINI Wing para un fácil acceso al equipaje más necesario que desea tener siempre a mano; en el interior hay un bolsillo especial para laptop de 13"" y un bolsillo interior de malla, que proporciona la capacidad de clasificar con precisión el equipaje de acuerdo con sus propias necesidades y conveniencia cuando viaja.\nEl compartimento principal con una cremallera bidireccional impermeable y un candado de combinación TSA integrado garantiza la seguridad del equipaje. Además, las correas de sujeción con un cierre magnético de Fidlock, un compartimento de malla y un bolsillo extraíble con cremallera hacen que la organización del equipaje sea simple e intuitiva. Un mango sólido y retráctil y ruedas de goma silenciosas le permiten moverse cómodamente en cualquier lugar.\nOtras caracteristicas:\n-Material exterior: 100 % policarbonato, incluyendo 30 % de policarbonato reciclado.\n-Forro: PET 100% reciclado\n-Dimensiones: 55 x 33,5 x 22 cm\n-Volumen: alrededor de 33 l\n-Peso: 3,1 kg",,,taxable,,1,1,,0,0,,,,,1,,,7651.67,"Life Style, Life Style > Maletas",,,"https://vecsaboutique.com/wp-content/uploads/2025/08/80225B320E0_a.avif, https://vecsaboutique.com/wp-content/uploads/2025/08/80225B320E0_b.avif, https://vecsaboutique.com/wp-content/uploads/2025/08/80225B320E0_c.avif, https://vecsaboutique.com/wp-content/uploads/2025/08/80225B320E0_d.avif, https://vecsaboutique.com/wp-content/uploads/2025/08/80225B320E0_e.avif, https://vecsaboutique.com/wp-content/uploads/2025/08/80225B320E0_f.avif",,,,,,80225B320E3,,,0,MINI,color,Black,1,1,genero,Unisex,1,1,talla,Mediana,1,1,,,,,,,,,,,,,,,,,,,,,,,,,,,,,,sync-and-show,created,synced,1773284763,Black,approved,,,,,,,0,,,,,,,,,,,,,,,,,,,,,,,,,,
19200,simple,80215B319B0,802153190,"Cartera BMW con compartimiento para monedas.",1,0,visible,,"Cartera BMW con bolsillo para monedas. Cuero azul.",,,taxable,,1,4,,0,0,,,,,1,,,1626.99,"Life Style > Carteras, Life Style",,,"https://vecsaboutique.com/wp-content/uploads/2025/08/80215B319B0_a.avif, https://vecsaboutique.com/wp-content/uploads/2025/08/80215B319B0_b.avif",,,,,,,,,0,BMW,color,Azul,1,1,genero,Unisex,1,1,talla,Unitalla,1,1,,,,,,,,,,,,,,,,,,,,,,,,,,,,,,sync-and-show,updated,has-errors,1755569688,Azul,,,,,,,,0,,,,,,,,,,,,,,,,,,,,,,,,,,
19201,simple,80215B319B3,,"Monedero BMW con compartimento para tarjetas.",1,0,visible,,"Monedero BMW con 2 ranuras para tarjetas.",,,taxable,,1,2,,0,0,,,,,1,,,1189.83,"Life Style > Carteras, Life Style",,,"https://vecsaboutique.com/wp-content/uploads/2025/08/80215B319B3_a.avif, https://vecsaboutique.com/wp-content/uploads/2025/08/80215B319B3_b.avif",,,,,,,,,0,BMW,color,Azul,1,1,genero,Mujer,1,1,talla,Unitalla,1,1,,,,,,,,,,,,,,,,,,,,,,,,,,,,,,sync-and-show,updated,synced,1773284763,Azul,approved,,,,,,,0,,,,,,,,,,,,,,,,,,,,,,,,,,
19202,simple,80215B319B4,,"Funda para documentos de vehículo BMW",1,0,visible,,"Con este estuche, los documentos de su vehículo están bien protegidos. El estuche tiene un logotipo de remache, tres bolsillos y dos compartimentos abiertos.\n- Color: Azul\n- Dimensiones: 9 x 12 cm\n- Material exterior: cuero de vaca\n- Material interior: poliéster",,,taxable,,1,2,,0,0,,,,,1,,,898.57,"Life Style > Carteras, Life Style",,,"https://vecsaboutique.com/wp-content/uploads/2025/08/80215B319B4_a.avif, https://vecsaboutique.com/wp-content/uploads/2025/08/80215B319B4_b.avif, https://vecsaboutique.com/wp-content/uploads/2025/08/80215B319B4_c.avif",,,,,,,,,0,BMW,color,Azul,1,1,genero,Unisex,1,1,talla,Unitalla,1,1,,,,,,,,,,,,,,,,,,,,,,,,,,,,,,sync-and-show,created,synced,1773284763,Azul,approved,,,,,,,0,,,,,,,,,,,,,,,,,,,,,,,,,,
19203,simple,80225B319A5,,"Bolso bandolera BMW M Motorsport",1,0,visible,,"Bolso bandolera BMW M Motorsport\n- Compartimento principal con bolsillo interno con cremallera.\n- Elástico y bolsillo extra en la parte delantera.\n- Logotipo de silicona de alta calidad BMW M Motorsport.\n- Logotipo de Puma bordado en la parte delantera.\n- Dimensiones: 21 cm x 25 cm x 14,3 cm (A x L x P)\n- Volumen: 8 litros\n- Material: 100% poliéster\n- Color: Negro",,,taxable,,1,1,,0,0,,,,,1,,,1070.68,"Life Style > Bolsos, Life Style",,,"https://vecsaboutique.com/wp-content/uploads/2025/08/80225B319A5_a.avif, https://vecsaboutique.com/wp-content/uploads/2025/08/80225B319A5_b.avif, https://vecsaboutique.com/wp-content/uploads/2025/08/80225B319A5_c.avif",,,,,,,,,0,BMW,color,Black,1,1,genero,Unisex,1,1,talla,Unitalla,1,1,,,,,,,,,,,,,,,,,,,,,,,,,,,,,,sync-and-show,updated,synced,1773630074,Black,approved,,,,,,,0,,,,,,,,,,,,,,,,,,,,,,,,,,
19204,simple,80225B320C3,,"Mochila MINI Outline Print Blazing Blue",1,0,visible,,"MINI Backpack Outline PrintBlazing Blue",,,taxable,,1,3,,0,0,,,,,1,,,1736.21,"Life Style, Life Style > Mochilas",Promoción,,"https://vecsaboutique.com/wp-content/uploads/2025/08/80225B320C3_b.avif, https://vecsaboutique.com/wp-content/uploads/2025/08/80225B320C3_c.avif, https://vecsaboutique.com/wp-content/uploads/2025/08/80225B320C3_a.avif, https://vecsaboutique.com/wp-content/uploads/2025/08/80225B320C3_d.avif, https://vecsaboutique.com/wp-content/uploads/2025/08/80225B320C3_e.avif",,,,,,,,,0,MINI,color,Azul,1,1,genero,Unisex,1,1,talla,Unitalla,1,1,,,,,,,,,,,,,,,,,,,,,,,,,,,,,,sync-and-show,updated,synced,1773889633,Azul,approved,,,,,,,0,,,,,,,,,,,,,,,,,,,,,,,,,,
19205,simple,80225B320C6,,"Bolso MINI Muset Blazing Blue",1,0,visible,,"Bolsillo sin forro con cremallera MINI Musette\n- MINI Wordmark en contraste\n- Correas de hombro ajustables\n- Sin bolsillos interiores\n- Adecuado para documentos A4\n- Revestimiento repelente al agua\n- Color: Azul azul / índigo / blanco\n- Material: 100 % reciclado PET\n- Dimensiones: 36 x 25 cm\n- Peso: 230 g",,,taxable,,1,2,,0,0,,,,,1,,,1302.38,"Life Style > Bolsos, Life Style",,,"https://vecsaboutique.com/wp-content/uploads/2025/08/80225B320C6_a.avif, https://vecsaboutique.com/wp-content/uploads/2025/08/80225B320C6_b.avif, https://vecsaboutique.com/wp-content/uploads/2025/08/80225B320C6_c.avif, https://vecsaboutique.com/wp-content/uploads/2025/08/80225B320C6_d.avif",,,,,,,,,0,MINI,color,Azul/negro,1,1,genero,Unisex,1,1,talla,Unitalla,1,1,,,,,,,,,,,,,,,,,,,,,,,,,,,,,,sync-and-show,created,synced,1773284763,Azul/negro,approved,,,,,,,0,,,,,,,,,,,,,,,,,,,,,,,,,,
19206,simple,80225B320C8,,"Bolso MINI Muset Plata Vibrante",1,0,visible,,"Bolsillo sin forro con cremallera MINI Musette\n- MINI Wordmark en contraste\n- Correas de hombro ajustables\n- Sin bolsillos interiores\n- Adecuado para documentos A4\n- Revestimiento repelente al agua\n- Color: Plata Vibrante/Rojo\n- Material: 100 % reciclado PET\n- Dimensiones: 36 x 25 cm\n- Peso: 230 g",,,taxable,,1,1,,0,0,,,,,1,,,1302.38,"Life Style > Bolsos, Life Style",,,"https://vecsaboutique.com/wp-content/uploads/2025/08/80225B320C8_a.avif, https://vecsaboutique.com/wp-content/uploads/2025/08/80225B320C8_b.avif, https://vecsaboutique.com/wp-content/uploads/2025/08/80225B320C8_c.avif, https://vecsaboutique.com/wp-content/uploads/2025/08/80225B320C8_d.avif",,,,,,,,,0,MINI,color,"Plata vibrante",1,1,genero,Unisex,1,1,talla,Unitalla,1,1,,,,,,,,,,,,,,,,,,,,,,,,,,,,,,sync-and-show,created,synced,1773284763,"Plata vibrante",approved,,,,,,,0,,,,,,,,,,,,,,,,,,,,,,,,,,
19207,simple,80225B320E4,,"Maleta Grande Rebel Red MINI Debossed Wing Logo",1,0,visible,,"Maleta con un expresivo color rojo rebelde - el compañero perfecto para viajes más largos. El color único hace que sea fácil de localizar en el cinturón al recoger el equipaje, y los 76 litros de capacidad harán que quepa todo lo que necesita, incluso para un viaje más largo. Además del color único, la maleta también está marcada con un distintivo logotipo de MINI alado, que enfatiza tanto su singularidad como su singularidad.\nCaracteristica:\n-Maleta de viaje con carcasa dura sobre ruedas (Spinner)\n-Logotipo de mini ala grande en relieve en la carcasa\n-Compartimento principal con cierre con una cremallera bidireccional y un candado de combinación TSA integrado\n-Cámaras internas: cremallera bidireccional y compartimento de malla adicional, correas de cierre con cierre magnético Fidlock\n-Bolsillo extraíble con cremallera\n-Forro con un patrón MINI tejido\n-Ruedas de goma silenciosas y de alta calidad\n-Parachoques discretos en los lados de la maleta\n-Material exterior: 100 % policarbonato, incluyendo 30 % de policarbonato reciclado.\n-Forro: PET 100% reciclado\n-Dimensiones: 71 x 48,5 x 27,5 cm\n-Volumen: alrededor de 76 l\n-Peso: 4,2 kg",,,taxable,,1,1,,0,0,,,,,1,,,6877.41,"Life Style, Life Style > Maletas",,,"https://vecsaboutique.com/wp-content/uploads/2025/08/80225B320E4_b.avif, https://vecsaboutique.com/wp-content/uploads/2025/08/80225B320E4_c.avif, https://vecsaboutique.com/wp-content/uploads/2025/08/80225B320E4_a.avif, https://vecsaboutique.com/wp-content/uploads/2025/08/80225B320E4_d.avif, https://vecsaboutique.com/wp-content/uploads/2025/08/80225B320E4_e.avif",,,,,80225B320E3,,,,0,MINI,color,"Rojo Rebelde",1,1,genero,Unisex,1,1,talla,Grande,1,1,,,,,,,,,,,,,,,,,,,,,,,,,,,,,,sync-and-show,created,synced,1773630074,"Rojo Rebelde",approved,,,,,,,0,,,,,,,,,,,,,,,,,,,,,,,,,,
19208,simple,80225B38DA3,,"Maleta Cargo BMW M",1,0,visible,,"Hecha para destacar. La maleta BMW M fusiona diseño minimalista, moderno, funcionalidad y el ADN deportivo de la marca. Con cremalleras premium y organización inteligente, cada viaje o momento se puede convertir en una experiencia de lujo. Destaca con un accesorio sofisticado, ideal para quienes valoran estilo sin renunciar a la practicidad.\nCaracteristicas:\n-Cremalleras de YKK Vislon\n-Cinturón de liberación rápida con parte FIDLOCK\n-Mango corto para usar como bolsa\n-Las correas largas te permiten tirar la bolsa sobre tu espalda y usarla como una mochila\n-Dimensiones: ancho 40 cm x altura 30 cm x profundidad 31 cm\n-Peso: 624 g",,,taxable,,1,1,,0,0,,,,,1,,,3817.05,"Life Style, Life Style > Maletas",,,"https://vecsaboutique.com/wp-content/uploads/2025/08/80225B38DA3_b.avif, https://vecsaboutique.com/wp-content/uploads/2025/08/80225B38DA3_a.avif, https://vecsaboutique.com/wp-content/uploads/2025/08/80225B38DA3_c.avif",,,,,,,,,0,BMW,color,Black,1,1,genero,Unisex,1,1,,,,,,,,,,,,,,,,,,,,,,,,,,,,,,,,,,sync-and-show,created,synced,1773630074,Black,approved,,,,,,,0,,,,,,,,,,,,,,,,,,,,,,,,,,
19209,simple,80225B5D129,,"Mochila BMW MMS/Puma",1,0,visible,,"La mochila BMW Motorsport es versátil y el compañero ideal para excursiones y viajes de senderismo.\nCaracteristicas:\n-Mochila de diseño práctico\n-Logotipo de silicona de alta calidad de BMW M Motorsport y logotipo de Puma bordado en la parte delantera\n-Compartimento acolchado para portátil, bolsillo frontal y bolsillos laterales de malla\n-Dimensiones: H: 47 cm | T: 16 cm | L: 27,5 cm\n-Volumen: 25 L\n-Material: 100% poliéster",,,taxable,,1,1,,0,0,,,,,1,,,1419.22,"Life Style, Life Style > Mochilas",,,"https://vecsaboutique.com/wp-content/uploads/2025/08/80225B5D129_a.avif, https://vecsaboutique.com/wp-content/uploads/2025/08/80225B5D129_b.avif, https://vecsaboutique.com/wp-content/uploads/2025/08/80225B5D129-d.avif, https://vecsaboutique.com/wp-content/uploads/2025/08/80225B5D129_c.avif",,,,,,,,,0,BMW,color,Black,1,1,genero,Unisex,1,1,,,,,,,,,,,,,,,,,,,,,,,,,,,,,,,,,,sync-and-show,updated,has-errors,1760324405,Black,approved,,,,,,,0,,,,,,,,,,,,,,,,,,,,,,,,,,
19210,simple,80225B5D130,,"Mochila BMW MMS Pro",1,0,visible,,"La mochila BMW Motorsport es versátil y la compañera ideal para excursiones y viajes\nCaractiristicas:\n-Elegante mochila de material PU\n-Insignia del logotipo de BMW M Motorsport hecha de metal en relieve\n-Etiqueta BMW M tejida en contraste en la parte delantera\n-Compartimento externo para portátil\n-Dimensiones: H: 26,2 cm | T: 25,5 cm | L: 48 cm\n-Volumen: 28 L\n-Material: 80% poliuretano 20% poliéster airmesh | Forro: 100% poliéster reciclado",,,taxable,,1,1,,0,0,,,,,1,,,1890.06,"Life Style, Life Style > Mochilas",,,"https://vecsaboutique.com/wp-content/uploads/2025/08/80225B5D130_a.avif, https://vecsaboutique.com/wp-content/uploads/2025/08/80225B5D130_b.avif, https://vecsaboutique.com/wp-content/uploads/2025/08/80225B5D130_c.avif, https://vecsaboutique.com/wp-content/uploads/2025/08/80225B5D130_d.avif, https://vecsaboutique.com/wp-content/uploads/2025/08/80225B5D130_e.avif",,,,,,,,,0,BMW,color,Black,1,1,genero,Unisex,1,1,,,,,,,,,,,,,,,,,,,,,,,,,,,,,,,,,,sync-and-show,updated,has-errors,1760324405,Black,,,,,,,,0,,,,,,,,,,,,,,,,,,,,,,,,,,
19211,simple,80235B320F2,,"Sombrilla de bolsillo MINI Black&Blue",1,0,visible,,"Llévala siempre contigo y luce con estilo incluso en los días grises con esta sombrilla MINI de apertura automática. Su diseño moderno en colores en contraste capta miradas, mientras te protege del sol o la lluvia con total practicidad. Compacta, funcional para llevarla siempre en tu bolso.\nDimensiones:\n-Diámetro desplegado: 98 cm\n-Plegado: 27 x 6 cm\n-Peso: 337 g",,,taxable,,1,1,,0,0,,,,,1,,,628.74,"Life Style, Life Style > Sombrillas",,,"https://vecsaboutique.com/wp-content/uploads/2025/08/80235B320F2_a.avif, https://vecsaboutique.com/wp-content/uploads/2025/08/80235B320F2_b.avif",,,,,,,,,0,MINI,color,Azul/negro,1,1,,,,,,,,,,,,,,,,,,,,,,,,,,,,,,,,,,,,,,sync-and-show,updated,synced,1773630074,Azul/negro,approved,,,,,,,0,,,,,,,,,,,,,,,,,,,,,,,,,,
19212,simple,80235B320F3,,"Sombrilla de bolsillo MINI Black&Gray",1,0,visible,,"Llévala siempre contigo y luce con estilo incluso en los días grises con esta sombrilla MINI de apertura automática. Su diseño moderno en colores en contraste capta miradas, mientras te protege del sol o la lluvia con total practicidad. Compacta, funcional para llevarla siempre en tu bolso.\nDimensiones:\n-Diámetro desplegado: 98 cm\n-Plegado: 27 x 6 cm\n-Peso: 337 g",,,taxable,,1,1,,0,0,,,,,1,,,652.78,"Life Style, Life Style > Sombrillas",,,"https://vecsaboutique.com/wp-content/uploads/2025/08/80235B320F3_a.avif, https://vecsaboutique.com/wp-content/uploads/2025/08/80235B320F3_b.avif, https://vecsaboutique.com/wp-content/uploads/2025/08/80235B320F3_c.avif",,,,,,,,,0,MINI,color,Gris/Negro,1,1,genero,Unisex,1,1,,,,,,,,,,,,,,,,,,,,,,,,,,,,,,,,,,sync-and-show,created,synced,1773630074,Gris/Negro,approved,,,,,,,0,,,,,,,,,,,,,,,,,,,,,,,,,,
19213,simple,80235B320F7,,"Paraguas MINI Walking Stick Red&Beige",1,0,visible,,"El paraguas MINI es resistente al viento y se abre rápidamente con solo pulsar un botón, lo que lo convierte en el compañero perfecto para la lluvia y las tormentas. Su mango largo le da un toque clásico. El exclusivo y colorido diseño gráfico con la marca impresa y el logotipo MINI Wing grabado en relieve en el mango personalizado completan su inconfundible estilo.\nDimensiones:\n-Diámetro desplegado: 99,5 cm\n-Longitud: 82,2 cm\n-Peso: 425 g",,,taxable,,1,1,,0,0,,,,,1,,,1171.10,"Life Style, Life Style > Paraguas",,,"https://vecsaboutique.com/wp-content/uploads/2025/08/80235B320F7_a.avif, https://vecsaboutique.com/wp-content/uploads/2025/08/80235B320F7_b.avif, https://vecsaboutique.com/wp-content/uploads/2025/08/80235B320F7_c.avif",,,,,,,,,0,MINI,color,"Rojo Rebelde",1,1,,,,,,,,,,,,,,,,,,,,,,,,,,,,,,,,,,,,,,sync-and-show,created,synced,1773630074,"Rojo Rebelde",approved,,,,,,,0,,,,,,,,,,,,,,,,,,,,,,,,,,
19214,simple,80255B32115,,"Gafas de Sol MINI Panto",1,0,visible,,"Adquiere un look veraniego con las gafas de sol MINI panto.\nCaracteristicas:\n-Gafas de sol Panto con montura negra brillante y en 3D\n-Lentes verde oscuro con degradado\n-Bisagras de 5 barriles\n-Logotipo MINI Wing grabado con láser en ambos soportes exteriores, MINI Wordmark en el interior\n-Marca DM en el interior de la punta del arco en plata\n-Estuche negro, plegable, encuadernado con Dick Moby y logotipo MINI Wing\n-Paño de limpieza negro con relieve Dick-Moby ""look good for your planet""\n-Hecho a mano en Italia\nMaterial:\n-Acetato reciclado\n-Lentes Zeiss con protección 100% UV-A/UV-B, antirreflectante y con revestimiento resistente a los arañazos\n-Paño de limpieza: PET reciclado\n-Estuche plegable: PET reciclado\n-Medidas: 51 x 23 x 145 mm",,,taxable,,1,3,,0,0,,,,,1,,,3248.62,"Life Style > Gafas, Life Style",,,"https://vecsaboutique.com/wp-content/uploads/2025/08/80255B32115_b.avif, https://vecsaboutique.com/wp-content/uploads/2025/08/80255B32115_a.avif, https://vecsaboutique.com/wp-content/uploads/2025/08/80255B32115_c.avif",,,,,,,,,0,MINI,color,Black,1,1,genero,Unisex,1,1,,,,,,,,,,,,,,,,,,,,,,,,,,,,,,,,,,sync-and-show,created,synced,1773630074,Black,approved,,,,,,,0,,,,,,,,,,,,,,,,,,,,,,,,,,
19215,simple,80255B32116,,"Gafas de Sol MINI D-Frame",1,0,visible,,"Gafas de sol deportivas MINI negras con montura en D. Las lentes oscuras de los anteojos de sol le permiten tener una visión óptima de la carretera.\nCaracteristicas:\n-Gafas de sol con montura D negra brillante y detalles de car face 3D\n-Lentes de color verde oscuro\n-Bisagras de 5 barriles\n-Logotipo MINI Wing grabado con láser en ambos soportes exteriores, MINI Wordmark en el interior\n-Marca DM en el interior de la punta del arco en plata\n-Estuche negro, plegable, encuadernado con Dick Moby y logotipo MINI Wing\n-Paño de limpieza negro con relieve Dick-Moby ""look good for your planet""\n-Hecho a mano en Italia\n-Material: Acetato reciclado\n-Lentes Zeiss con protección 100% UV-A/UV-B, antirreflectante y con revestimiento resistente a los arañazos\n-Paño de limpieza: PET reciclado\n-Estuche plegable: PET reciclado\n-Medidas: 54 x 20 x 145 mm",,,taxable,,0,0,,0,0,,,,,1,,,3248.63,"Life Style > Gafas, Life Style",,,"https://vecsaboutique.com/wp-content/uploads/2025/08/80255B32116_b.avif, https://vecsaboutique.com/wp-content/uploads/2025/08/80255B32116_a.avif, https://vecsaboutique.com/wp-content/uploads/2025/08/80255B32116_c.avif, https://vecsaboutique.com/wp-content/uploads/2025/08/80255B32116_d.avif",,,,,,,,,0,MINI,color,Black,1,1,genero,Unisex,1,1,,,,,,,,,,,,,,,,,,,,,,,,,,,,,,,,,,sync-and-show,updated,,,Black,,,,,,,,0,,,,,,,,,,,,,,,,,,,,,,,,,,
19216,simple,80265B32117,,"Reloj de pulsera MINI Definite Black",1,0,visible,,"Inspirado en el diseño atemporal del control central redondo de MINI, este reloj de pulsera minimalista emana originalidad y eficiencia.\nCaracteristicas:\n-Caja de acero inoxidable negra.\n-Esfera blanca moldeada con el logotipo negro de MINI Wing.\n-Movimiento japonés de tres manos.\n-Hora roja y manecilla negra, contador de segundos blanco.\n-Corona roja.\n-10 ATM.\n-Batería de celda de botón de óxido de plata 377.\n-Muñequera de grano grueso de PET reciclado.\n-Material: acero inoxidable, vidrio mineral endurecido, correa: PET 100% reciclado\n-Dimensiones: Caja del reloj: 40 mm\n-Color: Negro",,,taxable,,1,5,,0,0,,,,,1,,,1302.36,"Life Style, Life Style > Relojes",,,"https://vecsaboutique.com/wp-content/uploads/2025/08/80265B32117_a.avif, https://vecsaboutique.com/wp-content/uploads/2025/08/80265B32117_c.avif, https://vecsaboutique.com/wp-content/uploads/2025/08/80265B32117_b.avif, https://vecsaboutique.com/wp-content/uploads/2025/08/80265B32117_d.avif",,,,,,,,,0,MINI,color,Black,1,1,genero,Hombre,1,1,,,,,,,,,,,,,,,,,,,,,,,,,,,,,,,,,,sync-and-show,created,synced,1773630074,Black,approved,,,,,,,0,,,,,,,,,,,,,,,,,,,,,,,,,,
19217,simple,80275A7E4B8,,"Llavero con logotipo de BMW Color Metal",1,0,visible,,"Convierte lo funcional en extraordinario. El llavero del logotipo BMW es perfecto para mantener tus llaves organizadas mientras añades un toque de estilo a tu día a día, su tamaño y peso lo hacen perfecto para llevar el bolsillo o colgado en cualquier lugar. Es ideal para entusiastas apasionados del automovilismo y aficionados de la histórica marca BMW",,,taxable,,1,6,,0,0,,,,,1,,,999.07,"Life Style, Life Style > Llaveros & Portallaves",,,"https://vecsaboutique.com/wp-content/uploads/2025/08/80275A7E4B8_a.avif, https://vecsaboutique.com/wp-content/uploads/2025/08/80275A7E4B8_b.avif",,,,,,,,,0,BMW,color,Plata,1,1,,,,,,,,,,,,,,,,,,,,,,,,,,,,,,,,,,,,,,sync-and-show,created,synced,1773716490,Plata,approved,,,,,,,0,,,,,,,,,,,,,,,,,,,,,,,,,,
19218,simple,80275B320E8,,"Llavero MINI Cooper Silver",1,0,visible,,"MINI Keyring CooperSilver",,,taxable,,1,1,,0,0,,,,,1,,,609.38,"Life Style, Life Style > Llaveros & Portallaves",Promoción,,"https://vecsaboutique.com/wp-content/uploads/2025/08/80275B320E8_a.avif, https://vecsaboutique.com/wp-content/uploads/2025/08/80275B320E8_b.avif",,,,,,,,,0,MINI,color,Plata,1,1,,,,,,,,,,,,,,,,,,,,,,,,,,,,,,,,,,,,,,sync-and-show,updated,synced,1773889633,Plata,approved,,,,,,,0,,,,,,,,,,,,,,,,,,,,,,,,,,
19219,simple,80275B320E9,,"Llavero MINI Aceman Silver",1,0,visible,,"MINI Keyring AcemanSilver",,,taxable,,1,1,,0,0,,,,,1,,,609.40,"Life Style, Life Style > Llaveros & Portallaves",Promoción,,"https://vecsaboutique.com/wp-content/uploads/2025/08/80275B320E9_b.avif, https://vecsaboutique.com/wp-content/uploads/2025/08/80275B320E9_a.avif",,,,,,,,,0,MINI,color,Plata,1,1,,,,,,,,,,,,,,,,,,,,,,,,,,,,,,,,,,,,,,sync-and-show,updated,synced,1773889633,Plata,approved,,,,,,,0,,,,,,,,,,,,,,,,,,,,,,,,,,
19220,simple,80285B32105,,"Tasa de viaje MINI Colour Block 300ml Blue/White",1,0,visible,,"La taza de viaje MINI es la compañera perfecta para disfrutar de sus bebidas favoritas cómodamente sobre la marcha. Está hecho de acero inoxidable recubierto y polímero 100% libre de BPA, está aislado al vacío y tiene una tapa de rosca con botón ""press-to-drink"". La taza impresiona con detalles inteligentes, como el ajuste perfecto para cualquier portavasos MINI.\n\n- Cuerpo: Acero inoxidable recubierto de tacto suave.\n- Tapa: polímero 100% libre de BPA.\n- Cuerpo de doble pared con aislamiento al vacío.\n- Tapa de rosca con botón ""press-to-drink"".\n- Se adapta al portavasos MINI.\n- Enjuague solo a mano.\n- Dimensiones: 7,6 x 14,6 cm.\n- Volumen: 0,3 l.\n- Peso: 250g.",,,taxable,,1,5,,0,0,,,,,1,,,512.69,"Life Style, Life Style > Thermos",,,"https://vecsaboutique.com/wp-content/uploads/2025/08/80285B32105_a.avif, https://vecsaboutique.com/wp-content/uploads/2025/08/80285B32105_b.avif",,,,,80285B32107,80285B32110,,,0,MINI,color,Azul/blanco,1,1,,,,,,,,,,,,,,,,,,,,,,,,,,,,,,,,,,,,,,sync-and-show,updated,synced,1773457527,Azul/blanco,approved,,,,,,,0,,,,,,,,,,,,,,,,,,,,,,,,,,
19221,simple,80285B32106,,"Tasa de viaje MINI Colour Block 300ml Black/White",1,0,visible,,"La taza de viaje MINI es la compañera perfecta para disfrutar de sus bebidas favoritas cómodamente sobre la marcha. Está hecho de acero inoxidable recubierto y polímero 100% libre de BPA, está aislado al vacío y tiene una tapa de rosca con botón ""press-to-drink"". La taza impresiona con detalles inteligentes, como el ajuste perfecto para cualquier portavasos MINI.\n\n- Cuerpo: Acero inoxidable recubierto de tacto suave.\n- Tapa: polímero 100% libre de BPA.\n- Cuerpo de doble pared con aislamiento al vacío.\n- Tapa de rosca con botón ""press-to-drink"".\n- Se adapta al portavasos MINI.\n- Enjuague solo a mano.\n- Dimensiones: 7,6 x 14,6 cm.\n- Volumen: 0,3 l.\n- Peso: 250g.",,,taxable,,1,4,,0,0,,,,,1,,,512.69,"Life Style, Life Style > Thermos",,,"https://vecsaboutique.com/wp-content/uploads/2025/08/80285B32106_a.avif, https://vecsaboutique.com/wp-content/uploads/2025/08/80285B32106_b.avif",,,,,80285B32105,80285B32109,,,0,MINI,color,Negro/blanco,1,1,,,,,,,,,,,,,,,,,,,,,,,,,,,,,,,,,,,,,,sync-and-show,updated,synced,1773457527,Negro/blanco,approved,,,,,,,0,,,,,,,,,,,,,,,,,,,,,,,,,,
19225,simple,,82292344033,"Portallaves cierre de acero, color negro",1,0,visible,,"Eleve la llave de su BMW con la funda para llaves de rendimiento BMW original en color negro (parte No. 82292408818). Hecho a mano de cuero de primera calidad, este estuche para llaves ofrece un toque lujoso mientras protege su llave de arañazos y desgaste. Diseñado específicamente para las llaves de BMW, garantiza un ajuste seguro y un fácil acceso a todas las funciones. Mantenga su llave elegante y protegida con este accesorio de alta calidad, que combina el lujo con el espíritu dinámico de BMW.",,,taxable,,1,15,,0,0,,,,,1,,,1250.93,"Life Style, Life Style > Llaveros & Portallaves",,,https://vecsaboutique.com/wp-content/uploads/2025/08/82292344033.avif,,,,,,,,,0,BMW,color,Black,1,1,,,,,,,,,,,,,,,,,,,,,,,,,,,,,,,,,,,,,,sync-and-show,created,has-errors,1755564736,Black,,,,,,,,0,,,,,,,,,,,,,,,,,,,,,,,,,,
19484,variation,,,"Camiseta Logo Reverse BMW, unisex - Unisex, Beige",1,0,visible,,"""Gracias al corte oversize y a una amplia gama de tamaños, esta camisa es para todos, independientemente del género. El brazo rebajado proporciona un aspecto informal y las mangas aumentan el volumen, proporcionando la máxima libertad de movimiento y autoexpresión. Diseño fresco y limpio en la parte delantera, súper relajado en corte y tacto, pero con un manifiesto impresionante en la parte posterior.\n Logotipo de BMW impreso a todo color en la parte posterior\n Corte: ajuste holgado\n Collar con tirador 2,5 cm\n Frente con estampado Freude\n Tallas: XS (80142864121), S (80142864122), M (80142864123), L (80142864124), XL (80142864125), XXL (80142864126)""",,,taxable,parent,1,1,,0,0,,,,,0,,,875.49,,,,,,,80142864124,,,,,,1,,genero,Unisex,,1,color,Beige,,1,,,,,,,,,,,,,,,,,,,,,,,,,,,,,,,,,,,,synced,1773889633,Beige,approved,,,,,,,,,,,,,,,,,,,,,,,,,,,,,,,,,
19510,simple,,,"Pastillas Limpiacristales 6 Tabs",1,0,visible,"<audio class=""audio-for-speech""></audio>\n<div class=""translate-tooltip-mtz translator-hidden"">\n<div class=""header"">\n<div class=""header-controls"">Translator</div>\n<div class=""header-controls""></div>\n<div class=""header-controls""></div>\n</div>\n<div class=""translated-text"">\n<div class=""words""></div>\n<div class=""sentences""></div>\n</div>\n</div>\n&nbsp;","Un limpiador de parabrisas concentrado (sin anticongelante) suministrado en forma de tableta, que se puede disolver en el depósito de líquido del limpiaparabrisas para mejorar el rendimiento de la limpieza. Una tableta es suficiente para entre 1 y 4 litros de agua. Y debido a que se pueden combinar con anticongelante, son igualmente efectivos en condiciones invernales. Contenido: 6 tabletas.",,,taxable,,1,3,,0,0,,,,,1,,,210.47,"Clean & Care, Clean & Care > Limpíadores",,,https://vecsaboutique.com/wp-content/uploads/2025/08/83122298202-1.avif,,,,,,,,,0,,,,,,,,,,,,,,,,,,,,,,,,,,,,,,,,,,,,,,,,,,,sync-and-show,updated,synced,1773457527,,approved,,,,,,,,,,,,,,,,,,,,,,,,,,,,,,,,,
19536,variation,,,"Camiseta Logo BMW, para caballero",1,0,visible,,"""Camiseta blanca de algodón holgada para cada ocasión. Un logotipo de BMW a rayas negras transparentes y grandes en la parte delantera muestra perfectamente la pasión por la marca. Esta camiseta aparentemente simple ofrece todo lo que necesitas, sin lujos innecesarios - muestra con precisión la calidad en detalle.\n Material: 100% algodón orgánico certificado\n Color: Blanco\n Corte: Ajuste regular\n Tipo de tejido: Jersey sencillo""",,,taxable,parent,1,1,,0,0,,,,,0,,,875.49,,,,,,,80142864128,,,,,,1,,talla,S,,1,genero,Hombre,,1,color,Blanca,,1,,,,,,,,,,,,,,,,,,,,,,,,,,,,,,,,synced,1773889633,Blanca,approved,,,,,,,,,,,,,,,,,,,,,,,,,,,,,,,,,
19644,variation,76227913878,,"Tenis para motociclista BMW Motorrad Seoul GTX, Unisex",1,0,visible,,"Zapatillas Seoul GTX blancas41",,,taxable,parent,1,1,,0,0,,,,,0,,,7050.08,,,,,,,76227913874,,,,,,2,,talla,26,,1,genero,Unisex,,1,color,Blanco,,1,,,,,,,,,,,,,,,,,,,,,,,,,,,,,,,,synced,1773889633,Blanco,approved,,,,,,,,,,,,,,,,,,,,,,,,,,,,,,,,,
19645,variation,76227913880,,"Tenis para motociclista BMW Motorrad Seoul GTX, Unisex",1,0,visible,,"Zapatillas Seoul GTX blancas43",,,taxable,parent,1,1,,0,0,,,,,0,,,7050.08,,,,,,,76227913874,,,,,,3,,talla,27,,1,genero,Unisex,,1,color,Blanco,,1,,,,,,,,,,,,,,,,,,,,,,,,,,,,,,,,synced,1773889633,Blanco,approved,,,,,,,,,,,,,,,,,,,,,,,,,,,,,,,,,
19649,variation,,,"Sudadera MINI MINI Wing, para dama",1,0,visible,,"""Esta sudadera MINI garantiza el look de ocio perfecto. Es de corte clásico y suelto y está hecho de algodón orgánico suave (vellón diagonal), lo que garantiza la máxima comodidad de uso. El logotipo de MINI Wing en relieve y tonal hace que la sudadera sea imprescindible para los fans de MINI.\n Detalles del producto:\n Color: Azul Islandia\n Vellón diagonal de algodón 100% orgánico\n Transferencia textil tonal con logotipo MINI Wing en relieve\n Mangas largas\n Dobladillo recto\n Ajuste clásico, talla normal""",,,taxable,parent,0,0,,0,0,,,,,0,,,906.48,,,,,,,80145A21124,,,,,,1,,color,"Azul islandia",,1,talla,S,,1,genero,Mujer,,1,,,,,,,,,,,,,,,,,,,,,,,,,,,,,,,,,,"Azul islandia",,,,,,,,,,,,,,,,,,,,,,,,,,,,,,,,,,
19745,simple,76615B69738,,"Gorra edición Campeón de WSBK, Unisex",1,0,visible,,"<span data-sheets-root=""1"">Vive la pasión de la velocidad con la gorra WSBK Champion rindiendo homenaje a la victoria de la BMW M 1000 RR y Toprak Razgatlıoğlu, con un diseño icónico al frente y la audaz inscripción World Champion en la parte posterior. Su cierre snapback ofrece ajuste cómodo y personalizado. Lleva contigo la emoción y gloria de las carreras en cada momento.</span>",,,taxable,,1,2,,0,0,,,,,1,,,755.11,"Rider Gear & Garment > Gorras",,,"https://vecsaboutique.com/wp-content/uploads/2025/08/76615B69738.avif, https://vecsaboutique.com/wp-content/uploads/2025/08/76615B69738_2.avif",,,,,,,,,0,MOTORRAD,,,,,,,,,,,,,,,,,,,,,,,,,,,,,,,,,,,,,,,,,,sync-and-show,updated,synced,1773457527,,approved,yes,yes,,,,,,,,,,,,,product,,,,,,,,,,,,,,,,,,
19754,variable,76615B69726,,"Camiseta edición Campeón de WSBK",1,0,visible,,"<span data-sheets-root=""1"">Camiseta de edición limitada BMW WSBK Champion 2024 que celebra la victoria de Toprak Razgatlıoğlu en el Campeonato Mundial.</span>",,,taxable,,1,,,0,0,,,,,1,,,,"Rider Gear & Garment > Camisetas, Rider Gear & Garment",,,"https://vecsaboutique.com/wp-content/uploads/2025/08/76615B69726.avif, https://vecsaboutique.com/wp-content/uploads/2025/08/76615B69726_2.avif",,,,,,,,,0,MOTORRAD,talla,"L, M, S, XL",1,1,genero,Hombre,1,1,color,Negro,1,1,,,,,,,,,,,,,,,,,,,,,,,,,,,,,,sync-and-show,updated,synced,1773457527,,approved,yes,yes,yes,,,,,,,,,,,,,,,,,,,,,,,,,,,,,,
19755,variation,,,"Botas para motociclista  BMW Motorrad Pro Race GTX, Unisex",1,0,visible,,,,,taxable,parent,1,4,,0,0,,,,,0,,,8177.37,,,,,,,76228523080,,,,,,1,,talla,26.5,,1,genero,Unisex,,1,color,Negro/blanco,,1,,,,,,,,,,,,,,,,,,,,,,,,,,,,,,,,synced,1774148558,Negro/blanco,approved,,yes,yes,,,,,,,,,,,,product,,,,,,,,,,,,,,,,,,
19760,variation,76615B69728,,"Camiseta edición Campeón de WSBK - L",1,0,visible,,,,,taxable,parent,1,1,,0,0,,,,,0,,,1161.88,,,,,,,76615B69726,,,,,,1,,talla,L,,1,,,,,,,,,,,,,,,,,,,,,,,,,,,,,,,,,,,,,,,,synced,1773457527,,approved,,,,,,,,,,,,,,,,,,,,,,,,,,,,,,,,,
19761,variation,76615B69727,,"Camiseta edición Campeón de WSBK - M",1,0,visible,,,,,taxable,parent,1,1,,0,0,,,,,0,,,1161.88,,,,,,,76615B69726,,,,,,2,,talla,M,,1,,,,,,,,,,,,,,,,,,,,,,,,,,,,,,,,,,,,,,,,synced,1773457527,,approved,,,,,,,,,,,,,,,,,,,,,,,,,,,,,,,,,
19762,variation,,,"Camiseta edición Campeón de WSBK - S",1,0,visible,,,,,taxable,parent,1,1,,0,0,,,,,0,,,1161.89,,,,,,,76615B69726,,,,,,3,,talla,S,,1,,,,,,,,,,,,,,,,,,,,,,,,,,,,,,,,,,,,,,,,synced,1773457527,,approved,,,,,,,,,,,,,,,,,,,,,,,,,,,,,,,,,
19763,variation,76615B69729,,"Camiseta edición Campeón de WSBK - XL",1,0,visible,,,,,taxable,parent,1,1,,0,0,,,,,0,,,1161.89,,,,,,,76615B69726,,,,,,4,,talla,XL,,1,,,,,,,,,,,,,,,,,,,,,,,,,,,,,,,,,,,,,,,,synced,1773457527,,approved,,,,,,,,,,,,,,,,,,,,,,,,,,,,,,,,,
19766,variation,,,"Camiseta deportiva negra de BMW M Motorsport, para caballero - XL, Hombre",1,0,visible,,,,,taxable,parent,1,1,,0,0,,,,,0,,,804.50,,,,,,,80145B318E8,,,,,,0,,talla,XL,,1,genero,Hombre,,1,,,,,,,,,,,,,,,,,,,,,,,,,,,,,,,,,,,,synced,1773457522,,approved,,,,,,,,,,,,,,,,,,,,,,,,,,,,,,,,,
19773,variable,76615B3F491,,"Camiseta BMW Motorrad R12, para hombre",1,0,visible,,"<span data-sheets-root=""1"">Camiseta Soft Touch de corte clásico con estampado de motocicleta grande y colorido en el pecho. Corte clásico, estampado R12 en el pecho.</span>",,,taxable,,1,,,0,0,,,,,1,,,,"Rider Gear & Garment > Camisetas, Rider Gear & Garment",,,"https://vecsaboutique.com/wp-content/uploads/2025/08/76615B3F491.avif, https://vecsaboutique.com/wp-content/uploads/2025/08/76615B3F491_2.avif",,,,,,,,,0,MOTORRAD,talla,"L, M, S, XL",1,1,genero,Hombre,1,1,color,Caqui,1,1,,,,,,,,,,,,,,,,,,,,,,,,,,,,,,sync-and-show,created,synced,1773457527,,approved,yes,yes,yes,,,,,,,,,,,,,,,,,,,,,,,,,,,,,,
19779,variation,,,"Pantalón BMW M Motorsport/Puma CGS, unisex",1,0,visible,,,,,taxable,parent,1,2,,0,0,,,,,0,,,1922.24,,,,,,,80145B318F3,,,80145B31900,,,3,,talla,XS,,1,genero,Unisex,,1,color,Negro,,1,,,,,,,,,,,,,,,,,,,,,,,,,,,,,,,,has-errors,1760324405,Negro,,,,,,,,,,,,,,,,,,,,,,,,,,,,,,,,,,
19780,variation,76615B3F493,,"Camiseta BMW Motorrad R12, para hombre - L",1,0,visible,,,,,taxable,parent,1,4,,0,0,,,,,0,,,884.47,,,,,,,76615B3F491,,,,,,3,,talla,L,,1,,,,,,,,,,,,,,,,,,,,,,,,,,,,,,,,,,,,,,,,synced,1773457527,,approved,,,,,,,,,,,,,,,,,,,,,,,,,,,,,,,,,
19781,variation,76615B3F492,,"Camiseta BMW Motorrad R12, para hombre - M",1,0,visible,,,,,taxable,parent,1,5,,0,0,,,,,0,,,884.47,,,,,,,76615B3F491,,,,,,2,,talla,M,,1,,,,,,,,,,,,,,,,,,,,,,,,,,,,,,,,,,,,,,,,synced,1773457527,,approved,,,,,,,,,,,,,,,,,,,,,,,,,,,,,,,,,
19782,variation,,,"Camiseta BMW Motorrad R12, para hombre - S",1,0,visible,,,,,taxable,parent,1,2,,0,0,,,,,0,,,884.48,,,,,,,76615B3F491,,,,,,1,,talla,S,,1,,,,,,,,,,,,,,,,,,,,,,,,,,,,,,,,,,,,,,,,synced,1773457527,,approved,,,,,,,,,,,,,,,,,,,,,,,,,,,,,,,,,
19783,variation,76615B3F494,,"Camiseta BMW Motorrad R12, para hombre - XL",1,0,visible,,,,,taxable,parent,1,1,,0,0,,,,,0,,,884.48,,,,,,,76615B3F491,,,,,,4,,talla,XL,,1,,,,,,,,,,,,,,,,,,,,,,,,,,,,,,,,,,,,,,,,synced,1773457527,,approved,,,,,,,,,,,,,,,,,,,,,,,,,,,,,,,,,
19789,variation,80145B318F5,,"Pantalón BMW M Motorsport/Puma CGS, unisex",1,0,visible,,,,,taxable,parent,1,2,,0,0,,,,,0,,,1922.24,,,,,,,80145B318F3,,,80145B31900,,,1,,talla,M,,1,genero,Unisex,,1,color,Negro,,1,,,,,,,,,,,,,,,,,,,,,,,,,,,,,,,,has-errors,1760324405,Negro,,,,,,,,,,,,,,,,,,,,,,,,,,,,,,,,,,
19793,variation,80145B318F6,,"Pantalón BMW M Motorsport/Puma CGS, unisex",1,0,visible,,,,,taxable,parent,1,2,,0,0,,,,,0,,,1922.24,,,,,,,80145B318F3,,,80145B31900,,,2,,talla,L,,1,genero,Unisex,,1,color,Negro,,1,,,,,,,,,,,,,,,,,,,,,,,,,,,,,,,,has-errors,1760324405,Negro,,,,,,,,,,,,,,,,,,,,,,,,,,,,,,,,,,
19801,variation,,,"Camisa BMW M Motorsport/Puma CGS para caballero",1,0,visible,,,,,taxable,parent,1,,,0,0,,,,,0,,,,,,,,,,80145B31905,,,,,,1,,talla,L,,1,genero,Hombre,,1,color,"Gris Claro",,1,,,,,,,,,,,,,,,,,,,,,,,,,,,,,,,,,,"Gris Claro",,,,,,,,,,,,,,,,,,,,,,,,,,,,,,,,,,
19802,variation,80145B31906,,"Camisa BMW M Motorsport/Puma CGS para caballero",1,0,visible,,,,,taxable,parent,1,1,,0,0,,,,,0,,,1602.81,,,,,,,80145B31905,,,,,,2,,talla,M,,1,genero,Hombre,,1,color,"Gris Claro",,1,,,,,,,,,,,,,,,,,,,,,,,,,,,,,,,,synced,1773198512,"Gris Claro",approved,,,,,,,,,,,,,,,,,,,,,,,,,,,,,,,,,
19803,variation,,,"Camisa BMW M Motorsport/Puma CGS para caballero",1,0,visible,,,,,taxable,parent,1,1,,0,0,,,,,0,,,1602.81,,,,,,,80145B31905,,,,,,3,,talla,S,,1,genero,Hombre,,1,color,"Gris Claro",,1,,,,,,,,,,,,,,,,,,,,,,,,,,,,,,,,synced,1773198512,"Gris Claro",approved,,,,,,,,,,,,,,,,,,,,,,,,,,,,,,,,,
19804,variable,76615B3F485,,"Camiseta BMW Motorrad GS, para hombre",1,0,visible,,"<span data-sheets-root=""1"">Camiseta clásica de cuello redondo con estampado en el pecho y la espalda. Estampado GS Motorrad en el pecho y la espalda. Material 100 % algodón orgánico, 180 g/m².</span>",,,taxable,,1,,,0,0,,,,,1,,,,"Rider Gear & Garment > Camisetas, Rider Gear & Garment",,,"https://vecsaboutique.com/wp-content/uploads/2025/08/76615B3F485.avif, https://vecsaboutique.com/wp-content/uploads/2025/08/76615B3F485_2.avif",,,,,,,,,0,MOTORRAD,talla,"L, M, S, XL, XXL",1,1,genero,Hombre,1,1,color,Beige,1,1,,,,,,,,,,,,,,,,,,,,,,,,,,,,,,sync-and-show,updated,synced,1773457527,,approved,yes,yes,yes,,,,,,,,,,,,,,,,,,,,,,,,,,,,,,
19817,variable,76235A80EF5,,"Chamarra para motociclista BMW Motorrad Softshell GS Antracita, para Hombre",1,0,visible,,"<span data-sheets-root=""1"">Cómoda de llevar debajo de un traje de motocicleta, la chaqueta Softshell para hombre de BMW.\n\nSe puede usar sin problemas debajo de un traje de moto.\nDimensiones compactas una vez embalado\nParche ""BMW Motorrad"" de alta calidad en la espalda, en el centro del cuello.\nForro en color contrastante\nBolsillo Napoleón en el pecho izquierdo, cerrado con cremallera.\nCuello alto y ajustado\nCremallera frontal completa\nMaterial: 100% poliéster</span>",,,taxable,,1,,,0,0,,,,,1,,,,"Rider Gear & Garment > Chamarras",,,"https://vecsaboutique.com/wp-content/uploads/2025/02/76235A80EF8-1.avif, https://vecsaboutique.com/wp-content/uploads/2025/02/76235A80EF8_2-1.avif",,,,,,,,,0,MOTORRAD,talla,"L, M",1,1,genero,Hombre,1,1,color,Negro,1,1,,,,,,,,,,,,,,,,,,,,,,,,,,,,,,sync-and-show,created,synced,1773457527,,approved,yes,yes,yes,,,,,,,,,,,,,,,,,,,,,,,,,,,,,,
19819,variation,76235A80EF7,,"Chamarra para motociclista BMW Motorrad Softshell GS Antracita, para Hombre",1,0,visible,,,,,taxable,parent,1,2,,0,0,,,,,0,,,4486.02,,,,,,,76235A80EF5,,,,,,1,,talla,L,,1,genero,Hombre,,1,color,Negro,,1,,,,,,,,,,,,,,,,,,,,,,,,,,,,,,,,synced,1773457527,Negro,approved,,,,,,,,,,,,,,,,,,,,,,,,,,,,,,,,,
19820,variation,76235A80EF6,,"Chamarra para motociclista BMW Motorrad Softshell GS Antracita, para Hombre",1,0,visible,,,,,taxable,parent,1,2,,0,0,,,,,0,,,4486.02,,,,,,,76235A80EF5,,,,,,2,,talla,M,,1,genero,Hombre,,1,color,Negro,,1,,,,,,,,,,,,,,,,,,,,,,,,,,,,,,,,synced,1773457527,Negro,approved,,,,,,,,,,,,,,,,,,,,,,,,,,,,,,,,,
19822,variable,76235A80F01,,"Chamarra para motociclista BMW Motorrad Softshell GS Antracita, para Mujer",1,0,visible,,"<span data-sheets-root=""1"">Cómoda de llevar debajo de un traje de motocicleta, la chaqueta Softshell para mujer de BMW.\n\nSe puede usar sin problemas debajo de un traje de moto.\nDimensiones compactas una vez embalado\nParche ""BMW Motorrad"" de alta calidad en la espalda, en el centro del cuello.\nForro en color contrastante\nBolsillo Napoleón en el pecho izquierdo, cerrado con cremallera.\nCuello alto y ajustado\nCremallera frontal completa\nMaterial: 100% poliéster</span>",,,taxable,,1,,,0,0,,,,,1,,,,"Rider Gear & Garment > Chamarras",,,"https://vecsaboutique.com/wp-content/uploads/2025/08/76235A80F03.avif, https://vecsaboutique.com/wp-content/uploads/2025/08/76235A80F03_2.avif",,,,,,,,,0,MOTORRAD,talla,"L, M",1,1,genero,Mujer,1,1,color,Negro,1,1,,,,,,,,,,,,,,,,,,,,,,,,,,,,,,sync-and-show,created,synced,1773457527,,approved,yes,yes,yes,,,,,,,,,,,,,,,,,,,,,,,,,,,,,,
19825,variation,80145B31FD7,,"Camiseta MINI Semi-oversize B/Bitono, para dama",1,0,visible,,"MINI T Shirt Women s Car Face DetailBlue Indigo L",,,taxable,parent,1,3,,0,0,,,,,0,,,1203.97,,,,,,,80145B31FD5,,,,,,1,,talla,L,,1,genero,Mujer,,1,color,"Azul Marino/Indigo",,1,,,,,,,,,,,,,,,,,,,,,,,,,,,,,,,,synced,1773889633,"Azul Marino/Indigo",approved,,,,,,,,,,,,,,,,,,,,,,,,,,,,,,,,,
19826,variation,80145B31FD6,,"Camiseta MINI Semi-oversize B/Bitono, para dama",1,0,visible,,"MINI T Shirt Women s Car Face DetailBlue Indigo M",,,taxable,parent,1,2,,0,0,,,,,0,,,1054.89,,,,,,,80145B31FD5,,,,,,2,,talla,M,,1,genero,Mujer,,1,color,"Azul Marino/Indigo",,1,,,,,,,,,,,,,,,,,,,,,,,,,,,,,,,,synced,1773716490,"Azul Marino/Indigo",approved,,,,,,,,,,,,,,,,,,,,,,,,,,,,,,,,,
19827,variation,,,"Camiseta MINI Semi-oversize B/Bitono, para dama",1,0,visible,,,,,taxable,parent,1,2,,0,0,,,,,0,,,1128.23,,,,,,,80145B31FD5,,,,,,3,,talla,S,,1,genero,Mujer,,1,color,"Azul Marino/Indigo",,1,,,,,,,,,,,,,,,,,,,,,,,,,,,,,,,,synced,1773716490,"Azul Marino/Indigo",approved,,,,,,,,,,,,,,,,,,,,,,,,,,,,,,,,,
19828,variation,76235A80F04,,"Chamarra para motociclista BMW Motorrad Softshell GS Antracita, para Mujer",1,0,visible,,,,,taxable,parent,1,2,,0,0,,,,,0,,,4486.02,,,,,,,76235A80F01,,,,,,1,,talla,L,,1,genero,Mujer,,1,color,Negro,,1,,,,,,,,,,,,,,,,,,,,,,,,,,,,,,,,synced,1773457527,Negro,approved,,,,,,,,,,,,,,,,,,,,,,,,,,,,,,,,,
19829,variation,76235A80F03,,"Chamarra para motociclista BMW Motorrad Softshell GS Antracita, para Mujer",1,0,visible,,,,,taxable,parent,1,2,,0,0,,,,,0,,,4486.02,,,,,,,76235A80F01,,,,,,2,,talla,M,,1,genero,Mujer,,1,color,Negro,,1,,,,,,,,,,,,,,,,,,,,,,,,,,,,,,,,synced,1773457527,Negro,approved,,,,,,,,,,,,,,,,,,,,,,,,,,,,,,,,,
19835,variable,76235A80F92,,"Pasamontañas BMW Motorrad TourWindbreaker antracita, Unisex",1,0,visible,,"<span data-sheets-root=""1"">El pasamontañasa TourWindbreaker mantiene al motorista abrigado y, por lo tanto, es ideal para el invierno o la temporada de entretiempo. Su tejido softshell de poliéster de alta calidad con membrana cortavientos laminada de 3 capas proporciona una excelente protección contra el viento en la zona del cuello y la parte superior del pecho. El fino tejido Powerstretch en la parte superior de la cabeza y las costuras planas garantizan un ajuste perfecto y una agradable comodidad incluso en viajes largos. La mezcla de materiales transpirables y termorreguladores también es una gran ventaja. Otra característica de confort es el cómodo protector bucal softshell. Los orificios perforados en la zona de la boca y las orejas, así como las costuras láser altamente funcionales en la zona del rostro, aumentan aún más la comodidad. El pasamontañas TourWindbreaker cuenta con una pequeña banda con el logotipo en el dobladillo inferior.</span>",,,taxable,,1,,,0,0,,,,,1,,,,"Rider Gear & Garment > Pasamontañas",,,"https://vecsaboutique.com/wp-content/uploads/2025/08/76235A80F94.avif, https://vecsaboutique.com/wp-content/uploads/2025/08/76235A80F94_2.avif",,,,,,,,,0,MOTORRAD,talla,L,1,1,genero,Unisex,1,1,color,Negro,1,1,,,,,,,,,,,,,,,,,,,,,,,,,,,,,,sync-and-show,created,synced,1773889633,,approved,yes,yes,yes,,,,,,,,,,,,,,,,,,,,,,,,,,,,,,
19836,variation,,,"Pasamontañas BMW Motorrad TourWindbreaker antracita, Unisex",1,0,visible,,,,,taxable,parent,1,,,0,0,,,,,0,,,1426.54,,,,,,,76235A80F92,,,,,,1,,talla,L,,1,genero,Unisex,,1,color,Negro,,1,,,,,,,,,,,,,,,,,,,,,,,,,,,,,,,,synced,1773889633,Negro,approved,,,,,,,,,,,,,,,,,,,,,,,,,,,,,,,,,
19847,variable,76235A80FA2,,"Pasamontañas BMW Motorrad Silk antracita, Unisex",1,0,visible,,"<span data-sheets-root=""1"">Este ligero pasamontañas de seda BMW es perfecto para el verano y los meses más cálidos. Su confección sin costuras, su transpirabilidad y sus propiedades termorreguladoras garantizan un alto nivel de comodidad, incluso en temperaturas altas. El logotipo de BMW Motorrad está bordado en una pequeña correa con un logotipo en el dobladillo.</span>\n\nDelgada, flexible y suave.\nTranspirable y regulador de temperatura.\nComodidad agradable gracias a la construcción sin costuras.",,,taxable,,1,,,0,0,,,,,1,,,,"Rider Gear & Garment > Pasamontañas",,,https://vecsaboutique.com/wp-content/uploads/2025/08/76235A80FA4.avif,,,,,,,,,0,MOTORRAD,talla,L,1,1,genero,Unisex,1,1,color,Negro,1,1,,,,,,,,,,,,,,,,,,,,,,,,,,,,,,sync-and-show,updated,synced,1773889633,,approved,yes,yes,yes,,,,,,,,,,,,,,,,,,,,,,,,,,,,,,
19850,variation,76235A80FA4,,"Pasamontañas BMW Motorrad Silk antracita, Unisex",1,0,visible,,,,,taxable,parent,1,1,,0,0,,,,,0,,,704.24,,,,,,,76235A80FA2,,,,,,1,,talla,L,,1,genero,Unisex,,1,color,Negro,,1,,,,,,,,,,,,,,,,,,,,,,,,,,,,,,,,synced,1773889633,Negro,approved,,,,,,,,,,,,,,,,,,,,,,,,,,,,,,,,,
19856,variation,,,"Camiseta MINI Semi-oversize S/Red, para dama",1,0,visible,,,,,taxable,parent,1,1,,0,0,,,,,0,,,1502.15,,,,,,,80145B31FE1,,,,,,1,,color,"Plata vibrante/Rojo rebelde",,1,talla,L,,1,genero,Mujer,,1,,,,,,,,,,,,,,,,,,,,,,,,,,,,,,,,synced,1773716490,"Plata vibrante/Rojo rebelde",approved,,,,,,,,,,,,,,,,,,,,,,,,,,,,,,,,,
19857,variation,,,"Camiseta MINI Semi-oversize S/Red, para dama",1,0,visible,,,,,taxable,parent,1,3,,0,0,,,,,0,,,1203.97,,,,,,,80145B31FE1,,,,,,2,,color,"Plata vibrante/Rojo rebelde",,1,talla,M,,1,genero,Mujer,,1,,,,,,,,,,,,,,,,,,,,,,,,,,,,,,,,synced,1773716490,"Plata vibrante/Rojo rebelde",approved,,,,,,,,,,,,,,,,,,,,,,,,,,,,,,,,,
19858,variation,,,"Camiseta MINI Semi-oversize S/Red, para dama",1,0,visible,,,,,taxable,parent,1,2,,0,0,,,,,0,,,1054.89,,,,,,,80145B31FE1,,,,,,3,,color,"Plata vibrante/Rojo rebelde",,1,talla,S,,1,genero,Mujer,,1,,,,,,,,,,,,,,,,,,,,,,,,,,,,,,,,synced,1773716490,"Plata vibrante/Rojo rebelde",approved,,,,,,,,,,,,,,,,,,,,,,,,,,,,,,,,,
19864,variable,76235B3E533,,"Chamarra BMW Motorrad Acolchada, para Hombre",1,0,visible,,"<span data-sheets-root=""1"">La chamarra acolchada BMW Motorrad se puede usar debajo de casi cualquier chaqueta de moto BMW. Proporciona una calidez confortable. El acolchado diagonal en la parte delantera y trasera, junto con las inserciones softshell cortavientos en los laterales, garantizan un ajuste óptimo y una gran comodidad. Excepcionalmente práctica: en temperaturas más cálidas, su tamaño compacto permite guardarla en un bolsillo interior.</span>\n\nSe puede usar debajo de casi cualquier chaqueta de motocicleta BMW.\nCuello alto\nAcolchado diagonal en la parte delantera y trasera e inserciones softshell a prueba de viento en los laterales.\nPequeñas dimensiones cuando se empaqueta en su propia bolsa Packaway\nLogotipo de hélice sostenible de BMW en caucho reciclado en el hombro izquierdo\nDos bolsillos laterales estilo sudadera con cierre de cremallera.\nCremallera frontal de longitud completa\nPuño de punto estrecho para un ajuste ceñido\nBarrera de absorción en el cuello y la circunferencia.\nCremallera en la parte baja de la espalda para conectar a una chaqueta y pantalones de motocicleta, 40 cm\nMaterial superior: 100% poliamida (nailon)\nMaterial Softshell: 100% poliéster (PES), con membrana 100% poliuretano",,,taxable,,1,,,0,0,,,,,1,,,,"Rider Gear & Garment > Chamarras",,,"https://vecsaboutique.com/wp-content/uploads/2025/08/76235B3E534.avif, https://vecsaboutique.com/wp-content/uploads/2025/08/76235B3E534_2.avif",,,,,,,,,0,MOTORRAD,talla,"L, M",1,1,genero,Hombre,1,1,color,Negro,1,1,,,,,,,,,,,,,,,,,,,,,,,,,,,,,,sync-and-show,updated,synced,1773889633,,approved,yes,yes,yes,,,,,,,,,,,,,,,,,,,,,,,,,,,,,,
19865,variation,76235B3E535,,"Chamarra BMW Motorrad Acolchada, para Hombre",1,0,visible,,,,,taxable,parent,1,2,,0,0,,,,,0,,,4166.93,,,,,,,76235B3E533,,,,,,1,,talla,L,,1,genero,Hombre,,1,color,Negro,,1,,,,,,,,,,,,,,,,,,,,,,,,,,,,,,,,synced,1773889633,Negro,approved,,,,,,,,,,,,,,,,,,,,,,,,,,,,,,,,,
19866,variation,76235B3E534,,"Chamarra BMW Motorrad Acolchada, para Hombre",1,0,visible,,,,,taxable,parent,1,2,,0,0,,,,,0,,,4166.93,,,,,,,76235B3E533,,,,,,2,,talla,M,,1,genero,Hombre,,1,color,Negro,,1,,,,,,,,,,,,,,,,,,,,,,,,,,,,,,,,synced,1773889633,Negro,approved,,,,,,,,,,,,,,,,,,,,,,,,,,,,,,,,,
19870,variable,76235B3E539,,"Chamarra BMW Motorrad Acolchada, para Mujer",1,0,visible,,"<span data-sheets-root=""1"">La chamarra acolchada BMW Motorrad se puede usar debajo de casi cualquier chaqueta de moto BMW. Proporciona una calidez confortable. El acolchado diagonal en la parte delantera y trasera, junto con las inserciones softshell cortavientos en los laterales, garantizan un ajuste óptimo. Excepcionalmente práctica: en temperaturas más cálidas, la chaqueta se puede guardar gracias a su tamaño compacto.\n\nSe puede usar debajo de casi cualquier chaqueta de motocicleta BMW.\nCuello alto\nAcolchado diagonal en la parte delantera y trasera e inserciones softshell a prueba de viento en los laterales.\nPequeñas dimensiones cuando se empaqueta en su propia bolsa Packaway\nLogotipo de BMW de caucho reciclado en el brazo izquierdo\nDos bolsillos laterales estilo sudadera con cierre de cremallera.\nCremallera frontal de longitud completa\nPuño de punto estrecho para un ajuste ceñido\nBarrera de absorción en el cuello y la circunferencia.\nCremallera en la parte baja de la espalda para conectar a una chaqueta y pantalones de motocicleta, 40 cm\nMaterial superior: 100% poliamida (nailon)\nMaterial Softshell: 100% PES, con membrana 100% poliuretano</span>",,,taxable,,1,,,0,0,,,,,1,,,,"Rider Gear & Garment > Chamarras",,,"https://vecsaboutique.com/wp-content/uploads/2025/08/76235B3E541.avif, https://vecsaboutique.com/wp-content/uploads/2025/08/76235B3E541_2.avif, https://vecsaboutique.com/wp-content/uploads/2025/08/76235B3E541_3.avif",,,,,,,,,0,MOTORRAD,talla,"L, M",1,1,genero,Mujer,1,1,color,Negro,1,1,,,,,,,,,,,,,,,,,,,,,,,,,,,,,,sync-and-show,created,synced,1773889633,,approved,yes,yes,yes,,,,,,,,,,,,,,,,,,,,,,,,,,,,,,
19871,variation,76235B3E542,,"Chamarra BMW Motorrad Acolchada, para Mujer",1,0,visible,,,,,taxable,parent,1,2,,0,0,,,,,0,,,4262.83,,,,,,,76235B3E539,,,,,,1,,talla,L,,1,genero,Mujer,,1,color,Negro,,1,,,,,,,,,,,,,,,,,,,,,,,,,,,,,,,,synced,1773889633,Negro,approved,,,,,,,,,,,,,,,,,,,,,,,,,,,,,,,,,
19872,variation,76235B3E541,,"Chamarra BMW Motorrad Acolchada, para Mujer",1,0,visible,,,,,taxable,parent,1,2,,0,0,,,,,0,,,4262.83,,,,,,,76235B3E539,,,,,,2,,talla,M,,1,genero,Mujer,,1,color,Negro,,1,,,,,,,,,,,,,,,,,,,,,,,,,,,,,,,,synced,1773889633,Negro,approved,,,,,,,,,,,,,,,,,,,,,,,,,,,,,,,,,
19876,variable,76235B3E545,,"Chamarra BMW Motorrad fleece GS, para Hombre",1,0,visible,,"<span data-sheets-root=""1"">La chamarra polar BMW GS para hombre es perfecta para temperaturas más bajas. Confeccionada con una combinación de materiales ligeros, no solo ofrece protección contra el viento en el pecho, sino que también ofrece calidez y comodidad gracias a su cuello alto. Las letras en los bolsillos subrayan su afiliación a BMW Motorrad.\n\nCremallera frontal diagonal\nMayor comodidad y calidez gracias al cuello alto.\nInscripción ""BMW Motorrad"" en los bolsillos abiertos\nLa parte delantera protege del viento gracias al cortavientos en la zona del pecho.\nDos bolsillos diagonales con cremallera.\nSe adapta a casi todos los trajes BMW Motorrad\nMaterial exterior: 69% poliéster, 17% lana, 8% elastano, 6% poliamida\nMaterial cortavientos: 100 % poliéster (PES)</span>",,,taxable,,1,,,0,0,,,,,1,,,,"Rider Gear & Garment > Chamarras",,,"https://vecsaboutique.com/wp-content/uploads/2025/08/76235B3E546.avif, https://vecsaboutique.com/wp-content/uploads/2025/08/76235B3E546_2.avif",,,,,,,,,0,MOTORRAD,talla,"L, M, XL",1,1,genero,Hombre,1,1,color,"Azul marino",1,1,,,,,,,,,,,,,,,,,,,,,,,,,,,,,,sync-and-show,created,synced,1773889633,,approved,yes,yes,yes,,,,,,,,,,,,,,,,,,,,,,,,,,,,,,
19877,variation,,,"Camiseta MINI Semi-oversize W/Outline Print, para dama",1,0,visible,,,,,taxable,parent,1,1,,0,0,,,,,0,,,1502.15,,,,,,,80145B31FE7,,,,,,1,,talla,L,,1,genero,Mujer,,1,color,Blanco,,1,,,,,,,,,,,,,,,,,,,,,,,,,,,,,,,,synced,1773457527,Blanco,approved,,,,,,,,,,,,,,,,,,,,,,,,,,,,,,,,,
19878,variation,,,"Camiseta MINI Semi-oversize W/Outline Print, para dama",1,0,visible,,,,,taxable,parent,1,1,,0,0,,,,,0,,,1274.89,,,,,,,80145B31FE7,,,,,,2,,talla,S,,1,genero,Mujer,,1,color,Blanco,,1,,,,,,,,,,,,,,,,,,,,,,,,,,,,,,,,synced,1773457527,Blanco,approved,,,,,,,,,,,,,,,,,,,,,,,,,,,,,,,,,
19883,variation,76235B3E547,,"Chamarra BMW Motorrad fleece GS, para Hombre",1,0,visible,,,,,taxable,parent,1,1,,0,0,,,,,0,,,4882.27,,,,,,,76235B3E545,,,,,,1,,talla,L,,1,genero,Hombre,,1,color,"Azul marino",,1,,,,,,,,,,,,,,,,,,,,,,,,,,,,,,,,synced,1773889633,"Azul marino",approved,,,,,,,,,,,,,,,,,,,,,,,,,,,,,,,,,
19884,variation,76235B3E546,,"Chamarra BMW Motorrad fleece GS, para Hombre",1,0,visible,,,,,taxable,parent,1,2,,0,0,,,,,0,,,4882.27,,,,,,,76235B3E545,,,,,,2,,talla,M,,1,genero,Hombre,,1,color,"Azul marino",,1,,,,,,,,,,,,,,,,,,,,,,,,,,,,,,,,synced,1773889633,"Azul marino",approved,,,,,,,,,,,,,,,,,,,,,,,,,,,,,,,,,
19885,variation,76235B3E548,,"Chamarra BMW Motorrad fleece GS, para Hombre",1,0,visible,,,,,taxable,parent,1,2,,0,0,,,,,0,,,4882.27,,,,,,,76235B3E545,,,,,,3,,talla,XL,,1,genero,Hombre,,1,color,"Azul marino",,1,,,,,,,,,,,,,,,,,,,,,,,,,,,,,,,,synced,1773889633,"Azul marino",approved,,,,,,,,,,,,,,,,,,,,,,,,,,,,,,,,,
19888,variable,76235B3E551,,"Chamarra BMW Motorrad fleece GS, para Hombre",1,0,visible,,"<span data-sheets-root=""1"">La chamarra polar BMW GS para hombre es perfecta para temperaturas más bajas. Confeccionada con una combinación de materiales ligeros, no solo ofrece protección contra el viento en el pecho, sino que también ofrece calidez y comodidad gracias a su cuello alto. Las letras en los bolsillos subrayan su afiliación a BMW Motorrad.\n\nCremallera frontal diagonal\nMayor comodidad y calidez gracias al cuello alto.\nInscripción ""BMW Motorrad"" en los bolsillos abiertos\nLa parte delantera protege del viento gracias al cortavientos en la zona del pecho.\nDos bolsillos diagonales con cremallera.\nSe adapta a casi todos los trajes BMW Motorrad\nMaterial exterior: 69% poliéster, 17% lana, 8% elastano, 6% poliamida\nMaterial cortavientos: 100 % poliéster (PES)</span>",,,taxable,,1,,,0,0,,,,,1,,,,"Rider Gear & Garment > Chamarras",,,"https://vecsaboutique.com/wp-content/uploads/2025/08/76235B3E552.avif, https://vecsaboutique.com/wp-content/uploads/2025/08/76235B3E552_2.avif",,,,,,,,,0,MOTORRAD,talla,"L, M",1,1,genero,Hombre,1,1,color,Naranja,1,1,,,,,,,,,,,,,,,,,,,,,,,,,,,,,,sync-and-show,created,synced,1773975656,,approved,yes,yes,yes,,,,,,,,,,,,,,,,,,,,,,,,,,,,,,
19892,variation,,,"Chamarra BMW Motorrad fleece GS, para Hombre",1,0,visible,,,,,taxable,parent,1,,,0,0,,,,,0,,,4882.29,,,,,,,76235B3E551,,,,,,1,,talla,L,,1,genero,Hombre,,1,color,Naranja,,1,,,,,,,,,,,,,,,,,,,,,,,,,,,,,,,,synced,1773975656,Naranja,approved,,,,,,,,,,,,,,,,,,,,,,,,,,,,,,,,,
19893,variation,,,"Chamarra BMW Motorrad fleece GS, para Hombre",1,0,visible,,,,,taxable,parent,1,,,0,0,,,,,0,,,4882.29,,,,,,,76235B3E551,,,,,,2,,talla,M,,1,genero,Hombre,,1,color,Naranja,,1,,,,,,,,,,,,,,,,,,,,,,,,,,,,,,,,synced,1773975656,Naranja,approved,,,,,,,,,,,,,,,,,,,,,,,,,,,,,,,,,
19899,variation,,,"Camiseta BMW Motorrad GS, para hombre - S",1,0,visible,,,,,taxable,parent,1,8,,0,0,,,,,0,,,884.47,,,,,,,76615B3F485,,,,,,1,,talla,S,,1,,,,,,,,,,,,,,,,,,,,,,,,,,,,,,,,,,,,,,,,synced,1773457527,,approved,,,,,,,,,,,,,,,,,,,,,,,,,,,,,,,,,
19900,variation,76615B3F486,,"Camiseta BMW Motorrad GS, para hombre - M",1,0,visible,,,,,taxable,parent,1,15,,0,0,,,,,0,,,884.47,,,,,,,76615B3F485,,,,,,2,,talla,M,,1,,,,,,,,,,,,,,,,,,,,,,,,,,,,,,,,,,,,,,,,synced,1773457527,,approved,,,,,,,,,,,,,,,,,,,,,,,,,,,,,,,,,
19901,variation,76615B3F487,,"Camiseta BMW Motorrad GS, para hombre - L",1,0,visible,,,,,taxable,parent,1,15,,0,0,,,,,0,,,884.47,,,,,,,76615B3F485,,,,,,3,,talla,L,,1,,,,,,,,,,,,,,,,,,,,,,,,,,,,,,,,,,,,,,,,synced,1773457527,,approved,,,,,,,,,,,,,,,,,,,,,,,,,,,,,,,,,
19902,variation,76615B3F488,,"Camiseta BMW Motorrad GS, para hombre - XL",1,0,visible,,,,,taxable,parent,1,7,,0,0,,,,,0,,,884.47,,,,,,,76615B3F485,,,,,,4,,talla,XL,,1,,,,,,,,,,,,,,,,,,,,,,,,,,,,,,,,,,,,,,,,synced,1773457527,,approved,,,,,,,,,,,,,,,,,,,,,,,,,,,,,,,,,
19903,variation,76615B3F489,,"Camiseta BMW Motorrad GS, para hombre - XXL",1,0,visible,,,,,taxable,parent,1,1,,0,0,,,,,0,,,884.48,,,,,,,76615B3F485,,,,,,5,,talla,XXL,,1,,,,,,,,,,,,,,,,,,,,,,,,,,,,,,,,,,,,,,,,synced,1773457527,,approved,,,,,,,,,,,,,,,,,,,,,,,,,,,,,,,,,
19904,simple,76615B3E524,,"Gorra Spirit Of GS",1,0,visible,,"<span data-sheets-root=""1"">Lleva tu pasión por la aventura a todas partes. Con un diseño moderno y cómodo, esta gorra destaca por el logo ""SPIRIT OF GS"", símbolo de tu espíritu libre y tu conexión con la legendaria serie GS.</span>",,,taxable,,1,8,,0,0,,,,,1,,,659.16,"Rider Gear & Garment > Gorras, Rider Gear & Garment",,,"https://vecsaboutique.com/wp-content/uploads/2025/08/76615B3E524.avif, https://vecsaboutique.com/wp-content/uploads/2025/08/76615B3E524-1.avif",,,,,,,,,0,MOTORRAD,,,,,,,,,,,,,,,,,,,,,,,,,,,,,,,,,,,,,,,,,,sync-and-show,updated,synced,1773975656,,approved,,,,,,,,,,,,,,,,,,,,,,,,,,,,,,,,,
19909,variable,76235B3E557,,"Chamarra BMW Motorrad fleece GS, para Mujer",1,0,visible,,"<span data-sheets-root=""1"">La chamarra polar BMW GS para mujer es perfecta para temperaturas más bajas. Confeccionada con una combinación de materiales ligeros, no solo ofrece protección contra el viento en el pecho, sino que también ofrece calidez y comodidad gracias a su cuello alto. Las letras en los bolsillos subrayan su afiliación a BMW Motorrad.\n\nCremallera frontal diagonal\nMayor comodidad y calidez gracias al cuello alto.\nInscripción ""BMW Motorrad"" en los bolsillos abiertos\nLa parte delantera protege del viento gracias al cortavientos en la zona del pecho.\nDos bolsillos diagonales con cremallera.\nSe adapta a casi todos los trajes BMW Motorrad\nMaterial exterior: 69% poliéster, 17% lana, 8% elastano, 6% poliamida\nMaterial cortavientos: 100 % poliéster (PES)</span>",,,taxable,,1,,,0,0,,,,,1,,,,"Rider Gear & Garment > Chamarras",,,"https://vecsaboutique.com/wp-content/uploads/2025/08/76235B3E559.avif, https://vecsaboutique.com/wp-content/uploads/2025/08/76235B3E559_2.avif",,,,,,,,,0,MOTORRAD,talla,"L, M",1,1,genero,Mujer,1,1,color,"Azul marino",1,1,,,,,,,,,,,,,,,,,,,,,,,,,,,,,,sync-and-show,created,synced,1773975656,,approved,yes,yes,yes,,,,,,,,,,,,,,,,,,,,,,,,,,,,,,
19910,simple,76615B3E521,,"Gorra BMW Motorrad GS",1,0,visible,,"<span data-sheets-root=""1"">Diseñada para los fanáticos del legado GS, esta gorra de 6 paneles combina estilo y funcionalidad. Con el logo GS estampado al frente, inscripción BMW Motorrad y el emblema BMW bordado en la parte trasera, es el complemento ideal para mostrar tu espíritu aventurero. Ajuste cómodo gracias a su cierre a presión.</span>",,,taxable,,1,8,,0,0,,,,,1,,,644.48,"Rider Gear & Garment > Gorras, Rider Gear & Garment",,,"https://vecsaboutique.com/wp-content/uploads/2025/08/76615B3E521.avif, https://vecsaboutique.com/wp-content/uploads/2025/08/76615B3E521_2.avif",,,,,,,,,0,MOTORRAD,,,,,,,,,,,,,,,,,,,,,,,,,,,,,,,,,,,,,,,,,,sync-and-show,created,synced,1773975656,,approved,,,,,,,,,,,,,,,,,,,,,,,,,,,,,,,,,
19911,variation,76235B3E560,,"Chamarra BMW Motorrad fleece GS, para Mujer",1,0,visible,,,,,taxable,parent,1,2,,0,0,,,,,0,,,4882.29,,,,,,,76235B3E557,,,,,,1,,talla,L,,1,genero,Mujer,,1,color,"Azul marino",,1,,,,,,,,,,,,,,,,,,,,,,,,,,,,,,,,synced,1773975656,"Azul marino",approved,,,,,,,,,,,,,,,,,,,,,,,,,,,,,,,,,
19912,variation,76235B3E559,,"Chamarra BMW Motorrad fleece GS, para Mujer",1,0,visible,,,,,taxable,parent,1,1,,0,0,,,,,0,,,4882.29,,,,,,,76235B3E557,,,,,,2,,talla,M,,1,genero,Mujer,,1,color,"Azul marino",,1,,,,,,,,,,,,,,,,,,,,,,,,,,,,,,,,synced,1773975656,"Azul marino",approved,,,,,,,,,,,,,,,,,,,,,,,,,,,,,,,,,
19917,simple,76615B3E518,,"Gorra BMW Motorrad Boxer",1,0,visible,,"<span data-sheets-root=""1"">Esta gorra de paneles destaca por su gran insignia ""Berlin Built"" e inscripción BMW Motorrad al frente. En la parte trasera, una sutil inscripción bordada refuerza su autenticidad. Ajuste perfecto gracias a su cierre plástico a presión.</span>",,,taxable,,1,8,,0,0,,,,,1,,,659.16,"Rider Gear & Garment > Gorras, Rider Gear & Garment",,,"https://vecsaboutique.com/wp-content/uploads/2025/08/76615B3E518.avif, https://vecsaboutique.com/wp-content/uploads/2025/08/76615B3E518_2.avif",,,,,,,,,0,MOTORRAD,,,,,,,,,,,,,,,,,,,,,,,,,,,,,,,,,,,,,,,,,,sync-and-show,created,has-errors,1760324405,,approved,,,,,,,,,,,,,,,,,,,,,,,,,,,,,,,,,
19918,variable,76235B3E563,,"Chamarra BMW Motorrad fleece GS, para Mujer",1,0,visible,,"<span data-sheets-root=""1"">La chamarra polar BMW GS para mujer es perfecta para temperaturas más bajas. Confeccionada con una combinación de materiales ligeros, no solo ofrece protección contra el viento en el pecho, sino que también ofrece calidez y comodidad gracias a su cuello alto. Las letras en los bolsillos subrayan su afiliación a BMW Motorrad.\n\nCremallera frontal diagonal\nMayor comodidad y calidez gracias al cuello alto.\nInscripción ""BMW Motorrad"" en los bolsillos abiertos\nLa parte delantera protege del viento gracias al cortavientos en la zona del pecho.\nDos bolsillos diagonales con cremallera.\nSe adapta a casi todos los trajes BMW Motorrad\nMaterial exterior: 69% poliéster, 17% lana, 8% elastano, 6% poliamida\nMaterial cortavientos: 100 % poliéster (PES)</span>",,,taxable,,1,,,0,0,,,,,1,,,,"Rider Gear & Garment > Chamarras",,,"https://vecsaboutique.com/wp-content/uploads/2025/08/76235B3E565.avif, https://vecsaboutique.com/wp-content/uploads/2025/08/76235B3E565_2.avif",,,,,,,,,0,MOTORRAD,talla,"L, M",0,1,genero,Mujer,1,1,color,Naranja,1,1,,,,,,,,,,,,,,,,,,,,,,,,,,,,,,sync-and-show,created,has-errors,1760324405,,,yes,yes,yes,,,,,,,,,,,,,,,,,,,,,,,,,,,,,,
19920,variation,76235B3E566,,"Chamarra BMW Motorrad fleece GS, para Mujer",1,0,visible,,,,,taxable,parent,1,2,,0,0,,,,,0,,,4882.29,,,,,,,76235B3E563,,,,,,1,,talla,L,,1,genero,Mujer,,1,color,Naranja,,1,,,,,,,,,,,,,,,,,,,,,,,,,,,,,,,,has-errors,1760324405,Naranja,,,,,,,,,,,,,,,,,,,,,,,,,,,,,,,,,,
19921,variation,76235B3E565,,"Chamarra BMW Motorrad fleece GS, para Mujer",1,0,visible,,,,,taxable,parent,1,2,,0,0,,,,,0,,,4882.29,,,,,,,76235B3E563,,,,,,2,,talla,M,,1,genero,Mujer,,1,color,Naranja,,1,,,,,,,,,,,,,,,,,,,,,,,,,,,,,,,,has-errors,1760324405,Naranja,,,,,,,,,,,,,,,,,,,,,,,,,,,,,,,,,,
19924,variable,76235B3E5A1,,"Camiseta BMW Motorrad GS manga larga, Unisex",1,0,visible,,"<span data-sheets-root=""1"">Una camisa de manga larga transpirable para usar sobre un chaleco protector.\nEl corte de gran tamaño ofrece espacio para un chaleco o una chaqueta con acolchado protector.\nMaterial transpirable con inserciones de malla que garantiza una circulación de aire óptima.\nGran logotipo GS en la parte delantera\nLogotipo de BMW y letras ""BMW Motorrad"" en la parte trasera\nInscripción ""Spirit of GS"" en la manga izquierda\nSiete estrellas en la manga derecha, en referencia al Trofeo GS\nEscote cuadrado</span>",,,taxable,,1,,,0,0,,,,,1,,,,"Rider Gear & Garment > Camisetas",,,"https://vecsaboutique.com/wp-content/uploads/2025/08/76235B3E5A3.avif, https://vecsaboutique.com/wp-content/uploads/2025/08/76235B3E5A3_2.avif",,,,,,,,,0,MOTORRAD,talla,"L, M",1,1,genero,Unisex,1,1,color,Azul,1,1,,,,,,,,,,,,,,,,,,,,,,,,,,,,,,sync-and-show,updated,has-errors,1760410806,,,yes,yes,yes,,,,,,,,,,,,,,,,,,,,,,,,,,,,,,
19929,variation,80145B32001,,"Camiseta MINI W logo en relieve B/W, para dama",1,0,visible,,,,,taxable,parent,1,1,,0,0,,,,,0,,,1502.17,,,,,,,80145B31FF9,,,,,,1,,talla,L,,1,color,Blanco,,1,genero,Mujer,,1,,,,,,,,,,,,,,,,,,,,,,,,,,,,,,,,synced,1773716490,Blanco,approved,,,,,,,,,,,,,,,,,,,,,,,,,,,,,,,,,
19930,variation,80145B32000,,"Camiseta MINI W logo en relieve B/W, para dama",1,0,visible,,"MINI T Shirt Women s Wing Logo EmbossedWhite Black M",,,taxable,parent,1,2,,0,0,,,,,0,,,1054.89,,,,,,,80145B31FF9,,,,,,2,,talla,M,,1,color,Blanco,,1,genero,Mujer,,1,,,,,,,,,,,,,,,,,,,,,,,,,,,,,,,,synced,1773716490,Blanco,approved,,,,,,,,,,,,,,,,,,,,,,,,,,,,,,,,,
19931,variation,,,"Camiseta MINI W logo en relieve B/W, para dama",1,0,visible,,,,,taxable,parent,1,2,,0,0,,,,,0,,,1274.90,,,,,,,80145B31FF9,,,,,,3,,talla,S,,1,color,Blanco,,1,genero,Mujer,,1,,,,,,,,,,,,,,,,,,,,,,,,,,,,,,,,synced,1773716490,Blanco,approved,,,,,,,,,,,,,,,,,,,,,,,,,,,,,,,,,
19933,variation,76235B3E5A4,,"Camiseta BMW Motorrad GS manga larga, Unisex",1,0,visible,,,,,taxable,parent,1,2,,0,0,,,,,0,,,2101.40,,,,,,,76235B3E5A1,,,,,,1,,talla,L,,1,genero,Unisex,,1,color,Azul,,1,,,,,,,,,,,,,,,,,,,,,,,,,,,,,,,,has-errors,1760410806,Azul,,,,,,,,,,,,,,,,,,,,,,,,,,,,,,,,,,
19934,variation,76235B3E5A3,,"Camiseta BMW Motorrad GS manga larga, Unisex",1,0,visible,,,,,taxable,parent,1,2,,0,0,,,,,0,,,2101.40,,,,,,,76235B3E5A1,,,,,,2,,talla,M,,1,genero,Unisex,,1,color,Azul,,1,,,,,,,,,,,,,,,,,,,,,,,,,,,,,,,,has-errors,1760410806,Azul,,,,,,,,,,,,,,,,,,,,,,,,,,,,,,,,,,
19941,variable,76235B3E5A8,,"Camiseta BMW Motorrad Rallye, Unisex",1,0,visible,,"<span data-sheets-root=""1"">Camiseta de manga larga con cuello redondo y gran estampado G/S en la espalda.\nPequeño logotipo GS en la parte delantera\nGran impresión ""G/S"" en la parte posterior\nInscripción ""BMW Motorrad"" en la parte delantera derecha\nLogotipo de BMW en la manga izquierda\nSe puede usar debajo de un traje de motocicleta.</span>",,,taxable,,1,,,0,0,,,,,1,,,,"Rider Gear & Garment > Camisetas",,,"https://vecsaboutique.com/wp-content/uploads/2025/08/76235B3E5B0.avif, https://vecsaboutique.com/wp-content/uploads/2025/08/76235B3E5B0_2.avif",,,,,,,,,0,MOTORRAD,talla,"L, M",1,1,genero,Unisex,1,1,color,"Azul marino",1,1,,,,,,,,,,,,,,,,,,,,,,,,,,,,,,sync-and-show,updated,synced,1773975656,,approved,yes,yes,yes,,,,,,,,,,,,,,,,,,,,,,,,,,,,,,
19942,variation,76235B3E5B1,,"Camiseta BMW Motorrad Rallye, Unisex",1,0,visible,,,,,taxable,parent,1,4,,0,0,,,,,0,,,1835.97,,,,,,,76235B3E5A8,,,,,,1,,talla,L,,1,genero,Unisex,,1,color,"Azul marino",,1,,,,,,,,,,,,,,,,,,,,,,,,,,,,,,,,synced,1773975656,"Azul marino",approved,,,,,,,,,,,,,,,,,,,,,,,,,,,,,,,,,
19943,variation,76235B3E5B0,,"Camiseta BMW Motorrad Rallye, Unisex",1,0,visible,,,,,taxable,parent,1,4,,0,0,,,,,0,,,1835.97,,,,,,,76235B3E5A8,,,,,,2,,talla,M,,1,genero,Unisex,,1,color,"Azul marino",,1,,,,,,,,,,,,,,,,,,,,,,,,,,,,,,,,synced,1773975656,"Azul marino",approved,,,,,,,,,,,,,,,,,,,,,,,,,,,,,,,,,
19944,variable,76615B3E512,,"Camiseta BMW Motorrad, para Mujer",1,0,visible,,"<span data-sheets-root=""1"">Estilo y pasión sobre dos ruedas. Esta camiseta de mujer con cuello redondo combina un diseño clásico con un gran estampado “BMW Motorrad” en el pecho, ideal para mostrar tu espíritu biker con comodidad y estilo en cada salida.</span>",,,taxable,,1,,,0,0,,,,,1,,,,"Rider Gear & Garment > Camisetas, Rider Gear & Garment",,,"https://vecsaboutique.com/wp-content/uploads/2025/08/76615B3E512.avif, https://vecsaboutique.com/wp-content/uploads/2025/08/76615B3E512_2.avif",,,,,,,,,0,MOTORRAD,talla,"L, M, S, XS",1,1,genero,Mujer,1,1,color,Negro,1,1,,,,,,,,,,,,,,,,,,,,,,,,,,,,,,sync-and-show,updated,has-errors,1762570852,,,yes,yes,yes,,,,,,,,,,,,,,,,,,,,,,,,,,,,,,
19945,variation,80145B32007,,"Camiseta MINI B logo en relieve W/B, para dama",1,0,visible,,,,,taxable,parent,1,2,,0,0,,,,,0,,,1502.17,,,,,,,80145B32005,,,,,,1,,color,Negro,,1,genero,Mujer,,1,talla,L,,1,,,,,,,,,,,,,,,,,,,,,,,,,,,,,,,,synced,1773716490,Negro,approved,,,,,,,,,,,,,,,,,,,,,,,,,,,,,,,,,
19946,variation,80145B32006,,"Camiseta MINI B logo en relieve W/B, para dama",1,0,visible,,"MINI T Shirt Women s Wing Logo EmbossedBlack White M",,,taxable,parent,1,3,,0,0,,,,,0,,,1203.98,,,,,,,80145B32005,,,,,,2,,color,Negro,,1,genero,Mujer,,1,talla,M,,1,,,,,,,,,,,,,,,,,,,,,,,,,,,,,,,,synced,1773716490,Negro,approved,,,,,,,,,,,,,,,,,,,,,,,,,,,,,,,,,
19947,variation,,,"Camiseta MINI B logo en relieve W/B, para dama",1,0,visible,,,,,taxable,parent,1,1,,0,0,,,,,0,,,1054.89,,,,,,,80145B32005,,,,,,3,,color,Negro,,1,genero,Mujer,,1,talla,S,,1,,,,,,,,,,,,,,,,,,,,,,,,,,,,,,,,synced,1773716490,Negro,approved,,,,,,,,,,,,,,,,,,,,,,,,,,,,,,,,,
19951,variable,76235B3E5B5,,"Camiseta BMW Motorrad Rallye, Unisex",1,0,visible,,"<span data-sheets-root=""1"">Camiseta de manga larga con cuello redondo y gran estampado Spirit of GS en la espalda.\nescote redondo\nPequeño logotipo GS en la parte delantera\nGran impresión ""Spirit of GS"" en la parte posterior\nInscripción ""BMW Motorrad"" en la manga derecha\nLogotipo de la hélice de BMW en la manga izquierda\nSe puede usar debajo de un traje de motocicleta.</span>",,,taxable,,1,,,0,0,,,,,1,,,,"Rider Gear & Garment > Camisetas",,,"https://vecsaboutique.com/wp-content/uploads/2025/08/76235B3E5B7.avif, https://vecsaboutique.com/wp-content/uploads/2025/08/76235B3E5B7_2.avif",,,,,,,,,0,MOTORRAD,talla,"L, M, XL",1,1,genero,Unisex,1,1,color,Negro,1,1,,,,,,,,,,,,,,,,,,,,,,,,,,,,,,sync-and-show,updated,synced,1773975656,,approved,yes,yes,yes,,,,,,,,,,,,,,,,,,,,,,,,,,,,,,
19956,variation,76235B3E5B8,,"Camiseta BMW Motorrad Rallye, Unisex",1,0,visible,,,,,taxable,parent,1,4,,0,0,,,,,0,,,1835.97,,,,,,,76235B3E5B5,,,,,,2,,talla,L,,1,genero,Unisex,,1,color,Negro,,1,,,,,,,,,,,,,,,,,,,,,,,,,,,,,,,,synced,1773975656,Negro,approved,,,,,,,,,,,,,,,,,,,,,,,,,,,,,,,,,
19957,variation,76235B3E5B7,,"Camiseta BMW Motorrad Rallye, Unisex",1,0,visible,,,,,taxable,parent,1,4,,0,0,,,,,0,,,1835.97,,,,,,,76235B3E5B5,,,,,,3,,talla,M,,1,genero,Unisex,,1,color,Negro,,1,,,,,,,,,,,,,,,,,,,,,,,,,,,,,,,,synced,1773975656,Negro,approved,,,,,,,,,,,,,,,,,,,,,,,,,,,,,,,,,
19958,variation,76235B3E5B9,,"Camiseta BMW Motorrad Rallye, Unisex",1,0,visible,,,,,taxable,parent,1,2,,0,0,,,,,0,,,1560.14,,,,,,,76235B3E5B5,,,,,,1,,talla,XL,,1,genero,Unisex,,1,color,Negro,,1,,,,,,,,,,,,,,,,,,,,,,,,,,,,,,,,synced,1773975656,Negro,approved,,,,,,,,,,,,,,,,,,,,,,,,,,,,,,,,,
19961,variable,76255B3E5C2,,"Overall BMW Motorrad ProRain, Unisex",1,0,visible,,"<span data-sheets-root=""1"">Gracias a su revestimiento de poliuretano, el mono ProRain ofrece una excelente protección contra el viento y la intemperie. Los puños y las piernas elásticos y el pasamontañas integrado impiden la entrada de agua de forma fiable. Los estampados reflectantes aumentan significativamente la visibilidad, incluso en condiciones climáticas adversas.\n\nCaracterísticas principales:\n• Mono para condiciones climáticas adversas\n• Material ligero\n• Estampados reflectantes\n• Revestimiento de poliuretano impermeable y cortavientos\n• Puños y piernas elásticos\n• Capucha antitormenta integrada\n• Material: 100 % poliéster reciclado</span>",,,taxable,,1,,,0,0,,,,,1,,,,"Rider Gear & Garment > Overall",,,https://vecsaboutique.com/wp-content/uploads/2025/08/76255B3E5C2.avif,,,,,,,,,0,MOTORRAD,talla,"S, XS",1,1,genero,Unisex,1,1,color,Negro,1,1,,,,,,,,,,,,,,,,,,,,,,,,,,,,,,sync-and-show,created,has-errors,1762570852,,approved,yes,yes,yes,,,,,,,,,,,,,,,,,,,,,,,,,,,,,,
19965,variation,76255B3E5C3,,"Overall BMW Motorrad ProRain, Unisex",1,0,visible,,,,,taxable,parent,1,1,,0,0,,,,,0,,,4713.17,,,,,,,76255B3E5C2,,,,,,1,,talla,S,,1,genero,Unisex,,1,color,Negro,,1,,,,,,,,,,,,,,,,,,,,,,,,,,,,,,,,has-errors,1762570852,Negro,,,,,,,,,,,,,,,,,,,,,,,,,,,,,,,,,,
19966,variation,,,"Overall BMW Motorrad ProRain, Unisex",1,0,visible,,,,,taxable,parent,1,1,,0,0,,,,,0,,,4713.17,,,,,,,76255B3E5C2,,,,,,2,,talla,XS,,1,genero,Unisex,,1,color,Negro,,1,,,,,,,,,,,,,,,,,,,,,,,,,,,,,,,,has-errors,1762570852,Negro,approved,,,,,,,,,,,,,,,,,,,,,,,,,,,,,,,,,
19973,variable,76255B3E5D0,,"Overall BMW Motorrad ProRain, Unisex",1,0,visible,,"<span data-sheets-root=""1"">Gracias a su revestimiento de poliuretano, el mono ProRain ofrece una excelente protección contra el viento y la intemperie. Los puños y las piernas elásticos y el pasamontañas integrado impiden la entrada de agua de forma fiable. Los estampados reflectantes aumentan significativamente la visibilidad, incluso en condiciones climáticas adversas.\n\nCaracterísticas principales:\n• Mono para condiciones climáticas adversas\n• Material ligero\n• Estampados reflectantes\n• Revestimiento de poliuretano impermeable y cortavientos\n• Puños y piernas elásticos\n• Capucha antitormenta integrada\n• Material: 100 % poliéster reciclado</span>",,,taxable,,1,,,0,0,,,,,1,,,,"Rider Gear & Garment > Overall",,,https://vecsaboutique.com/wp-content/uploads/2025/08/76255B3E5D0.avif,,,,,,,,,0,MOTORRAD,talla,"L, M, S, XS",1,1,genero,Unisex,1,1,color,"Amarrillo Neon",1,1,,,,,,,,,,,,,,,,,,,,,,,,,,,,,,sync-and-show,created,has-errors,1762570852,,,yes,yes,yes,,,,,,,,,,,,,,,,,,,,,,,,,,,,,,
19974,variation,76615B3E515,,"Camiseta BMW Motorrad, para Mujer - L",1,0,visible,,,,,taxable,parent,1,3,,0,0,,,,,0,,,884.47,,,,,,,76615B3E512,,,,,,1,,talla,L,,1,,,,,,,,,,,,,,,,,,,,,,,,,,,,,,,,,,,,,,,,has-errors,1762570852,,,,,,,,,,,,,,,,,,,,,,,,,,,,,,,,,,,
19975,variation,76615B3E514,,"Camiseta BMW Motorrad, para Mujer - M",1,0,visible,,,,,taxable,parent,1,11,,0,0,,,,,0,,,884.47,,,,,,,76615B3E512,,,,,,2,,talla,M,,1,,,,,,,,,,,,,,,,,,,,,,,,,,,,,,,,,,,,,,,,has-errors,1762570852,,,,,,,,,,,,,,,,,,,,,,,,,,,,,,,,,,,
19976,variation,76615B3E513,,"Camiseta BMW Motorrad, para Mujer - S",1,0,visible,,,,,taxable,parent,1,8,,0,0,,,,,0,,,884.47,,,,,,,76615B3E512,,,,,,3,,talla,S,,1,,,,,,,,,,,,,,,,,,,,,,,,,,,,,,,,,,,,,,,,has-errors,1762570852,,,,,,,,,,,,,,,,,,,,,,,,,,,,,,,,,,,
19977,variation,,,"Camiseta BMW Motorrad, para Mujer - XS",1,0,visible,,,,,taxable,parent,1,3,,0,0,,,,,0,,,884.47,,,,,,,76615B3E512,,,,,,4,,talla,XS,,1,,,,,,,,,,,,,,,,,,,,,,,,,,,,,,,,,,,,,,,,has-errors,1760410806,,,,,,,,,,,,,,,,,,,,,,,,,,,,,,,,,,,
19981,variation,76255B3E5D3,,"Overall BMW Motorrad ProRain, Unisex",1,0,visible,,,,,taxable,parent,1,1,,0,0,,,,,0,,,5390.95,,,,,,,76255B3E5D0,,,,,,1,,talla,L,,1,genero,Unisex,,1,color,"Amarrillo Neon",,1,,,,,,,,,,,,,,,,,,,,,,,,,,,,,,,,has-errors,1760410806,"Amarrillo Neon",,,,,,,,,,,,,,,,,,,,,,,,,,,,,,,,,,
19982,variation,76255B3E5D2,,"Overall BMW Motorrad ProRain, Unisex",1,0,visible,,,,,taxable,parent,1,2,,0,0,,,,,0,,,5390.95,,,,,,,76255B3E5D0,,,,,,2,,talla,M,,1,genero,Unisex,,1,color,"Amarrillo Neon",,1,,,,,,,,,,,,,,,,,,,,,,,,,,,,,,,,has-errors,1762570852,"Amarrillo Neon",,,,,,,,,,,,,,,,,,,,,,,,,,,,,,,,,,
19983,variation,76255B3E5D1,,"Overall BMW Motorrad ProRain, Unisex",1,0,visible,,,,,taxable,parent,1,2,,0,0,,,,,0,,,4713.17,,,,,,,76255B3E5D0,,,,,,3,,talla,S,,1,genero,Unisex,,1,color,"Amarrillo Neon",,1,,,,,,,,,,,,,,,,,,,,,,,,,,,,,,,,has-errors,1760410806,"Amarrillo Neon",,,,,,,,,,,,,,,,,,,,,,,,,,,,,,,,,,
19984,variation,,,"Overall BMW Motorrad ProRain, Unisex",1,0,visible,,,,,taxable,parent,1,2,,0,0,,,,,0,,,4713.17,,,,,,,76255B3E5D0,,,,,,4,,talla,XS,,1,genero,Unisex,,1,color,"Amarrillo Neon",,1,,,,,,,,,,,,,,,,,,,,,,,,,,,,,,,,has-errors,1760410806,"Amarrillo Neon",,,,,,,,,,,,,,,,,,,,,,,,,,,,,,,,,,
19987,variation,,,"Camiseta MINI White/Blue Logo, para caballero",1,0,visible,,,,,taxable,parent,1,1,,0,0,,,,,0,,,1502.17,,,,,,,80145B32027,,,,,,1,,color,Blanco,,1,talla,L,,1,genero,Hombre,,1,,,,,,,,,,,,,,,,,,,,,,,,,,,,,,,,synced,1773457527,Blanco,approved,,,,,,,,,,,,,,,,,,,,,,,,,,,,,,,,,
19988,variation,,,"Camiseta MINI White/Blue Logo, para caballero",1,0,visible,,,,,taxable,parent,1,1,,0,0,,,,,0,,,1274.90,,,,,,,80145B32027,,,,,,2,,color,Blanco,,1,talla,M,,1,genero,Hombre,,1,,,,,,,,,,,,,,,,,,,,,,,,,,,,,,,,synced,1773457527,Blanco,approved,,,,,,,,,,,,,,,,,,,,,,,,,,,,,,,,,
19989,variation,,,"Camiseta MINI White/Blue Logo, para caballero",1,0,visible,,,,,taxable,parent,1,2,,0,0,,,,,0,,,1502.17,,,,,,,80145B32027,,,,,,3,,color,Blanco,,1,talla,S,,1,genero,Hombre,,1,,,,,,,,,,,,,,,,,,,,,,,,,,,,,,,,synced,1773457527,Blanco,approved,,,,,,,,,,,,,,,,,,,,,,,,,,,,,,,,,
19999,variation,,,"Camiseta MINI Red/Silver Logo, para caballero",1,0,visible,,,,,taxable,parent,1,3,,0,0,,,,,0,,,1203.98,,,,,,,80145B32033,,,,,,1,,talla,L,,1,color,Rojo,,1,genero,Hombre,,1,,,,,,,,,,,,,,,,,,,,,,,,,,,,,,,,synced,1773457527,Rojo,approved,,,,,,,,,,,,,,,,,,,,,,,,,,,,,,,,,
20000,variation,,,"Camiseta MINI Red/Silver Logo, para caballero",1,0,visible,,,,,taxable,parent,1,3,,0,0,,,,,0,,,1128.23,,,,,,,80145B32033,,,,,,2,,talla,M,,1,color,Rojo,,1,genero,Hombre,,1,,,,,,,,,,,,,,,,,,,,,,,,,,,,,,,,synced,1773457527,Rojo,approved,,,,,,,,,,,,,,,,,,,,,,,,,,,,,,,,,
20001,variation,,,"Camiseta MINI Red/Silver Logo, para caballero",1,0,visible,,,,,taxable,parent,1,2,,0,0,,,,,0,,,1502.17,,,,,,,80145B32033,,,,,,3,,talla,S,,1,color,Rojo,,1,genero,Hombre,,1,,,,,,,,,,,,,,,,,,,,,,,,,,,,,,,,synced,1773457527,Rojo,approved,,,,,,,,,,,,,,,,,,,,,,,,,,,,,,,,,
20002,variable,76615A811E7,,"Camiseta BMW Motorrad Spirit of GS, para Hombre",1,0,visible,,"<span data-sheets-root=""1"">Camiseta de cuello redondo BMW Motorrad para hombre con el gran logo ""Spirit of GS"" en la parte delantera. ¡Llévala en tus aventuras o úsala a diario y vive el espíritu de los legendarios modelos BMW GS!</span>\n\nGran estampado gráfico ""Spirit of GS"" en el pecho.\nLetras verticales ""BMW Motorrad"" en la parte trasera\nLogotipo de BMW en la manga\nCorte: Regular Fit",,,taxable,,1,,,0,0,,,,,1,,,,"Rider Gear & Garment > Camisetas",,,"https://vecsaboutique.com/wp-content/uploads/2025/08/76615A811E9.avif, https://vecsaboutique.com/wp-content/uploads/2025/08/76615A811E9_2.avif",,,,,,,,,0,MOTORRAD,talla,L,1,1,genero,Hombre,1,1,color,Blanco,1,1,,,,,,,,,,,,,,,,,,,,,,,,,,,,,,sync-and-show,updated,synced,1773975656,,approved,yes,yes,yes,,,,,,,,,,,,,,,,,,,,,,,,,,,,,,
20010,variation,80145B32041,,"Camiseta MINI Black/Outline Print, para caballero",1,0,visible,,,,,taxable,parent,1,1,,0,0,,,,,0,,,1502.15,,,,,,,80145B32040,,,,,,1,,talla,L,,1,color,Negro,,1,genero,Hombre,,1,,,,,,,,,,,,,,,,,,,,,,,,,,,,,,,,synced,1773716490,Negro,approved,,,,,,,,,,,,,,,,,,,,,,,,,,,,,,,,,
20011,variation,,,"Camiseta MINI Black/Outline Print, para caballero",1,0,visible,,,,,taxable,parent,1,1,,0,0,,,,,0,,,1274.89,,,,,,,80145B32040,,,,,,2,,talla,M,,1,color,Negro,,1,genero,Hombre,,1,,,,,,,,,,,,,,,,,,,,,,,,,,,,,,,,synced,1773716490,Negro,approved,,,,,,,,,,,,,,,,,,,,,,,,,,,,,,,,,
20013,variation,76615A811E9,,"Camiseta BMW Motorrad Spirit of GS, para Hombre",1,0,visible,,,,,taxable,parent,1,1,,0,0,,,,,0,,,1104.80,,,,,,,76615A811E7,,,,,,1,,talla,L,,1,genero,Hombre,,1,color,Blanco,,1,,,,,,,,,,,,,,,,,,,,,,,,,,,,,,,,synced,1773975656,Blanco,approved,,,,,,,,,,,,,,,,,,,,,,,,,,,,,,,,,
20023,variable,76615A81236,,"Camiseta BMW Motorrad Make Life a Ride, para Hombre",1,0,visible,,"<span data-sheets-root=""1"">Una camiseta clásica de BMW Motorrad con cuello redondo y grandes letras verticales en el lomo. ¿Qué te hace amar esta camiseta de BMW? Un color neutro y un mensaje claro: ¡Haz que la vida sea un viaje!\n\nInscripción ""BMW Motorrad"" en el pecho izquierdo\nLetras grandes y verticales ""Make Life a Ride"" en la parte posterior</span>",,,taxable,,1,,,0,0,,,,,1,,,,"Rider Gear & Garment > Camisetas",,,"https://vecsaboutique.com/wp-content/uploads/2025/08/76615A81238.avif, https://vecsaboutique.com/wp-content/uploads/2025/08/76615A81238_2.avif",,,,,,,,,0,MOTORRAD,talla,M,1,1,genero,Hombre,1,1,color,Gris,1,1,,,,,,,,,,,,,,,,,,,,,,,,,,,,,,sync-and-show,created,synced,1773975656,,approved,yes,yes,yes,,,,,,,,,,,,,,,,,,,,,,,,,,,,,,
20024,variation,,,"Camiseta BMW Motorrad Make Life a Ride, para Hombre",1,0,visible,,,,,taxable,parent,1,,,0,0,,,,,0,,,1104.80,,,,,,,76615A81236,,,,,,1,,talla,M,,1,genero,Hombre,,1,color,Gris,,1,,,,,,,,,,,,,,,,,,,,,,,,,,,,,,,,synced,1773975656,Gris,approved,,,,,,,,,,,,,,,,,,,,,,,,,,,,,,,,,
20025,variable,76615B3E506,,"Camiseta BMW Motorrad, para Mujer",1,0,visible,,"<span data-sheets-root=""1"">Estilo y pasión sobre dos ruedas. Esta camiseta de mujer con cuello redondo combina un diseño clásico con un gran estampado “BMW Motorrad” en el pecho, ideal para mostrar tu espíritu biker con comodidad y estilo en cada salida.</span>",,,taxable,,1,,,0,0,,,,,1,,,,"Rider Gear & Garment",,,"https://vecsaboutique.com/wp-content/uploads/2025/08/76615B3E506.avif, https://vecsaboutique.com/wp-content/uploads/2025/08/76615B3E506_2.avif",,,,,,,,,0,MOTORRAD,talla,"L, M, S, XS",1,1,genero,Mujer,1,1,color,Blanco,1,1,,,,,,,,,,,,,,,,,,,,,,,,,,,,,,sync-and-show,updated,synced,1773975656,,approved,yes,yes,yes,,,,,,,,,,,,,,,,,,,,,,,,,,,,,,
20028,variation,,,"Camiseta MINI Blue/Outline Print, para caballero",1,0,visible,,,,,taxable,parent,1,1,,0,0,,,,,0,,,1502.15,,,,,,,80145B32046,,,,,,1,,color,Azul,,1,talla,L,,1,genero,Hombre,,1,,,,,,,,,,,,,,,,,,,,,,,,,,,,,,,,synced,1773457527,Azul,approved,,,,,,,,,,,,,,,,,,,,,,,,,,,,,,,,,
20029,variation,,,"Camiseta MINI Blue/Outline Print, para caballero",1,0,visible,,,,,taxable,parent,1,1,,0,0,,,,,0,,,1274.89,,,,,,,80145B32046,,,,,,2,,color,Azul,,1,talla,M,,1,genero,Hombre,,1,,,,,,,,,,,,,,,,,,,,,,,,,,,,,,,,synced,1773457527,Azul,approved,,,,,,,,,,,,,,,,,,,,,,,,,,,,,,,,,
20035,variable,76615A81248,,"Camiseta BMW Motorrad Make Life a Ride, para Hombre",1,0,visible,,"<span data-sheets-root=""1"">Una camiseta clásica de BMW Motorrad con cuello redondo y un gran logotipo ""Make Life a Ride"" en el centro del pecho. El color blanco neutro y el mensaje claro son características clave de esta camiseta de BMW.</span>\n\nLogotipo ""Make Life a Ride"" en el frente\nInscripción ""BMW Motorrad"" en la manga izquierda",,,taxable,,1,,,0,0,,,,,1,,,,"Rider Gear & Garment > Camisetas",,,https://vecsaboutique.com/wp-content/uploads/2025/08/76615A81248.avif,,,,,,,,,0,MOTORRAD,talla,"M, S",1,1,genero,Hombre,1,1,color,Blanco,1,1,,,,,,,,,,,,,,,,,,,,,,,,,,,,,,sync-and-show,updated,synced,1773975656,,approved,yes,yes,yes,,,,,,,,,,,,,,,,,,,,,,,,,,,,,,
20036,variation,76615B3E509,,"Camiseta BMW Motorrad, para Mujer - L",1,0,visible,,,,,taxable,parent,1,3,,0,0,,,,,0,,,884.47,,,,,,,76615B3E506,,,,,,1,,talla,L,,1,,,,,,,,,,,,,,,,,,,,,,,,,,,,,,,,,,,,,,,,synced,1773975656,,approved,,,,,,,,,,,,,,,,,,,,,,,,,,,,,,,,,
20037,variation,76615B3E508,,"Camiseta BMW Motorrad, para Mujer - M",1,0,visible,,,,,taxable,parent,1,11,,0,0,,,,,0,,,884.47,,,,,,,76615B3E506,,,,,,2,,talla,M,,1,,,,,,,,,,,,,,,,,,,,,,,,,,,,,,,,,,,,,,,,synced,1773975656,,approved,,,,,,,,,,,,,,,,,,,,,,,,,,,,,,,,,
20038,variation,76615B3E507,,"Camiseta BMW Motorrad, para Mujer - S",1,0,visible,,,,,taxable,parent,1,8,,0,0,,,,,0,,,884.47,,,,,,,76615B3E506,,,,,,3,,talla,S,,1,,,,,,,,,,,,,,,,,,,,,,,,,,,,,,,,,,,,,,,,synced,1773975656,,approved,,,,,,,,,,,,,,,,,,,,,,,,,,,,,,,,,
20039,variation,,,"Camiseta BMW Motorrad, para Mujer - XS",1,0,visible,,,,,taxable,parent,1,3,,0,0,,,,,0,,,884.47,,,,,,,76615B3E506,,,,,,4,,talla,XS,,1,,,,,,,,,,,,,,,,,,,,,,,,,,,,,,,,,,,,,,,,synced,1773975656,,approved,,,,,,,,,,,,,,,,,,,,,,,,,,,,,,,,,
20041,variation,76615A81249,,"Camiseta BMW Motorrad Make Life a Ride, para Hombre",1,0,visible,,,,,taxable,parent,1,1,,0,0,,,,,0,,,1104.80,,,,,,,76615A81248,,,,,,1,,talla,M,,1,genero,Hombre,,1,color,Blanco,,1,,,,,,,,,,,,,,,,,,,,,,,,,,,,,,,,synced,1773975656,Blanco,approved,,,,,,,,,,,,,,,,,,,,,,,,,,,,,,,,,
20042,variation,,,"Camiseta BMW Motorrad Make Life a Ride, para Hombre",1,0,visible,,,,,taxable,parent,1,1,,0,0,,,,,0,,,1104.80,,,,,,,76615A81248,,,,,,2,,talla,S,,1,genero,Hombre,,1,color,Blanco,,1,,,,,,,,,,,,,,,,,,,,,,,,,,,,,,,,synced,1773975656,Blanco,approved,,,,,,,,,,,,,,,,,,,,,,,,,,,,,,,,,
20043,variation,80145B32053,,"Camiseta MINI Black logo en relieve B/W, para caballero",1,0,visible,,"MINI T Shirt Men s Wing Logo EmbossedWhite Black L",,,taxable,parent,1,2,,0,0,,,,,0,,,1278.53,,,,,,,80145B32051,,,,,,1,,color,Blanco,,1,talla,L,,1,genero,Hombre,,1,,,,,,,,,,,,,,,,,,,,,,,,,,,,,,,deleted,synced,1773716490,Blanco,approved,,,,,,,,,,,,,,,,,,,,,,,,,,,,,,,,,
20044,variation,80145B32052,,"Camiseta MINI Black logo en relieve B/W, para caballero",1,0,visible,,"MINI T Shirt Men s Wing Logo EmbossedWhite Black M",,,taxable,parent,1,2,,0,0,,,,,0,,,1164.90,,,,,,,80145B32051,,,,,,2,,color,Blanco,,1,talla,M,,1,genero,Hombre,,1,,,,,,,,,,,,,,,,,,,,,,,,,,,,,,,deleted,synced,1773716490,Blanco,approved,,,,,,,,,,,,,,,,,,,,,,,,,,,,,,,,,
20045,variation,,,"Camiseta MINI Black logo en relieve B/W, para caballero",1,0,visible,,,,,taxable,parent,1,2,,0,0,,,,,0,,,1502.17,,,,,,,80145B32051,,,,,,3,,color,Blanco,,1,talla,S,,1,genero,Hombre,,1,,,,,,,,,,,,,,,,,,,,,,,,,,,,,,,deleted,synced,1773716490,Blanco,approved,,,,,,,,,,,,,,,,,,,,,,,,,,,,,,,,,
20053,variable,76615A81260,,"Camiseta BMW Motorrad Make Life a Ride, para Hombre",1,0,visible,,"<span data-sheets-root=""1"">Esta camiseta de cuello redondo de BMW Motorrad para hombre luce un estampado vertical de ""Make Life a Ride"" en la parte delantera derecha. Es perfecta para relajarse después de un largo viaje o para el día a día.\n\nLetras ""Make Life a Ride"" en el frente\nInscripción ""BMW Motorrad"" en el pecho izquierdo</span>",,,taxable,,1,,,0,0,,,,,1,,,,"Rider Gear & Garment > Camisetas",,,"https://vecsaboutique.com/wp-content/uploads/2025/08/76615A81261.avif, https://vecsaboutique.com/wp-content/uploads/2025/08/76615A81261_2.avif",,,,,,,,,0,MOTORRAD,talla,M,1,1,genero,Hombre,1,1,color,Verde,1,1,,,,,,,,,,,,,,,,,,,,,,,,,,,,,,sync-and-show,created,synced,1773975656,,approved,yes,yes,yes,,,,,,,,,,,,,,,,,,,,,,,,,,,,,,
20055,variation,,,"Camiseta BMW Motorrad Make Life a Ride, para Hombre",1,0,visible,,,,,taxable,parent,1,,,0,0,,,,,0,,,1104.80,,,,,,,76615A81260,,,,,,1,,talla,M,,1,genero,Hombre,,1,color,Verde,,1,,,,,,,,,,,,,,,,,,,,,,,,,,,,,,,,synced,1773975656,Verde,approved,,,,,,,,,,,,,,,,,,,,,,,,,,,,,,,,,
20061,variation,80145B32059,,"Camiseta MINI White logo en relieve W/B, para caballero",1,0,visible,,"MINI T Shirt Men s Wing Logo EmbossedBlack White L",,,taxable,parent,1,2,,0,0,,,,,0,,,1054.89,,,,,,,80145B32057,,,,,,1,,color,Negro,,1,genero,Hombre,,1,talla,L,,1,,,,,,,,,,,,,,,,,,,,,,,,,,,,,,,,synced,1773716490,Negro,approved,,,,,,,,,,,,,,,,,,,,,,,,,,,,,,,,,
20062,variation,80145B32058,,"Camiseta MINI White logo en relieve W/B, para caballero",1,0,visible,,,,,taxable,parent,1,1,,0,0,,,,,0,,,1274.90,,,,,,,80145B32057,,,,,,2,,color,Negro,,1,genero,Hombre,,1,talla,M,,1,,,,,,,,,,,,,,,,,,,,,,,,,,,,,,,,synced,1773716490,Negro,approved,,,,,,,,,,,,,,,,,,,,,,,,,,,,,,,,,
20063,variation,,,"Camiseta MINI White logo en relieve W/B, para caballero",1,0,visible,,,,,taxable,parent,1,2,,0,0,,,,,0,,,1502.17,,,,,,,80145B32057,,,,,,3,,color,Negro,,1,genero,Hombre,,1,talla,S,,1,,,,,,,,,,,,,,,,,,,,,,,,,,,,,,,,synced,1773716490,Negro,approved,,,,,,,,,,,,,,,,,,,,,,,,,,,,,,,,,
20064,variable,,,"Camiseta BMW Motorrad Make Life a Ride, para Hombre",1,0,visible,,"<span data-sheets-root=""1"">Una camiseta clásica de BMW Motorrad con cuello redondo y grandes letras verticales a lo largo del lomo. Las letras en contraste en la parte delantera y trasera la hacen destacar.\n\nLetras ""BMW Motorrad"" en el centro del pecho\nLetras grandes y verticales ""Make Life a Ride"" en la parte posterior\n</span>",,,taxable,,1,,,0,0,,,,,1,,,,"Rider Gear & Garment > Camisetas",,,"https://vecsaboutique.com/wp-content/uploads/2025/08/76615A81266.avif, https://vecsaboutique.com/wp-content/uploads/2025/08/76615A81266_2.avif",,,,,,,,,0,MOTORRAD,talla,M,1,1,genero,Hombre,1,1,color,Azul,1,1,,,,,,,,,,,,,,,,,,,,,,,,,,,,,,sync-and-show,created,synced,1773975656,,approved,yes,yes,yes,,,,,,,,,,,,,,,,,,,,,,,,,,,,,,
20066,variation,76615A81267,,"Camiseta BMW Motorrad Make Life a Ride, para Hombre",1,0,visible,,,,,taxable,parent,1,1,,0,0,,,,,0,,,1104.80,,,,,,,id:20064,,,,,,1,,talla,M,,1,genero,Hombre,,1,color,Azul,,1,,,,,,,,,,,,,,,,,,,,,,,,,,,,,,,,synced,1773975656,Azul,approved,,,,,,,,,,,,,,,,,,,,,,,,,,,,,,,,,
20072,variable,76615A81278,,"Camiseta BMW Motorrad Make Life a Ride, para Mujer",1,0,visible,,"<span data-sheets-root=""1"">Camiseta de cuello redondo para mujer de BMW Motorrad con estampado en la parte delantera y trasera. La camiseta, con colores discretos, transmite un mensaje claro: ¡Haz que la vida sea un viaje!</span>\n\nLetras ""Make Life a Ride"" en el centro del pecho\nLetras ""BMW Motorrad"" a lo largo del lomo\nescote redondo",,,taxable,,1,,,0,0,,,,,1,,,,"Rider Gear & Garment > Camisetas",,,https://vecsaboutique.com/wp-content/uploads/2025/08/76615A81281.avif,,,,,,,,,0,MOTORRAD,talla,L,1,1,genero,Mujer,1,1,color,Gris,1,1,,,,,,,,,,,,,,,,,,,,,,,,,,,,,,sync-and-show,updated,synced,1773975656,,approved,yes,yes,yes,,,,,,,,,,,,,,,,,,,,,,,,,,,,,,
20073,variation,76615A81281,,"Camiseta BMW Motorrad Make Life a Ride, para Mujer",1,0,visible,,,,,taxable,parent,1,1,,0,0,,,,,0,,,1104.80,,,,,,,76615A81278,,,,,,1,,talla,L,,1,genero,Mujer,,1,color,Gris,,1,,,,,,,,,,,,,,,,,,,,,,,,,,,,,,,,synced,1773975656,Gris,approved,,,,,,,,,,,,,,,,,,,,,,,,,,,,,,,,,
20074,variable,76615B3E500,,"Camiseta BMW Motorrad, para Hombre",1,0,visible,,"<span data-sheets-root=""1"">Esta camiseta clásica de cuello redondo es el complemento perfecto para los verdaderos fanáticos de la marca. Destaca por su gran estampado “BMW Motorrad” al frente, además de sutiles detalles como el logotipo BMW en el cuello y la manga izquierda. Su corte cómodo y tejido suave la convierten en una prenda ideal para el uso diario con estilo.</span>",,,taxable,,1,,,0,0,,,,,1,,,,"Rider Gear & Garment > Camisetas, Rider Gear & Garment",,,"https://vecsaboutique.com/wp-content/uploads/2025/08/76615B3E500.avif, https://vecsaboutique.com/wp-content/uploads/2025/08/76615B3E500_2.avif",,,,,,,,,0,MOTORRAD,talla,"L, M, S, XL",1,1,genero,Hombre,1,1,color,Negro,1,1,,,,,,,,,,,,,,,,,,,,,,,,,,,,,,sync-and-show,pending_update,synced,1773975656,,approved,yes,yes,yes,,,,,,,,,,,,,,,,,,,,,,,,,,,,,,
20076,variation,,,"Sudadera MINI Black/Outline Print, para caballero",1,0,visible,,,,,taxable,parent,1,2,,0,0,,,,,0,,,2692.00,,,,,,,80145B32069,,,,,,1,,color,Negro,,1,talla,L,,1,genero,Hombre,,1,,,,,,,,,,,,,,,,,,,,,,,,,,,,,,,,synced,1773457527,Negro,approved,,,,,,,,,,,,,,,,,,,,,,,,,,,,,,,,,
20077,variation,,,"Sudadera MINI Black/Outline Print, para caballero",1,0,visible,,,,,taxable,parent,1,1,,0,0,,,,,0,,,2691.98,,,,,,,80145B32069,,,,,,2,,color,Negro,,1,talla,M,,1,genero,Hombre,,1,,,,,,,,,,,,,,,,,,,,,,,,,,,,,,,,synced,1773457527,Negro,approved,,,,,,,,,,,,,,,,,,,,,,,,,,,,,,,,,
20078,variation,,,"Sudadera MINI Black/Outline Print, para caballero",1,0,visible,,,,,taxable,parent,1,2,,0,0,,,,,0,,,2219.95,,,,,,,80145B32069,,,,,,3,,color,Negro,,1,talla,S,,1,genero,Hombre,,1,,,,,,,,,,,,,,,,,,,,,,,,,,,,,,,,synced,1773457527,Negro,approved,,,,,,,,,,,,,,,,,,,,,,,,,,,,,,,,,
20083,variable,76615A81284,,"Camiseta BMW Motorrad Make Life a Ride, para Mujer",1,0,visible,,"<span data-sheets-root=""1"">Camiseta de cuello redondo para mujer de BMW Motorrad con estampado en la parte delantera y trasera. La camiseta, con colores discretos, transmite un mensaje claro: ¡Haz que la vida sea un viaje!</span>\n\nLetras ""Make Life a Ride"" en el centro del pecho\nLetras ""BMW Motorrad"" a lo largo del lomo\nescote redondo",,,taxable,,1,,,0,0,,,,,1,,,,"Rider Gear & Garment > Camisetas",,,https://vecsaboutique.com/wp-content/uploads/2025/08/76615A81285.avif,,,,,,,,,0,MOTORRAD,talla,"L, M, S",1,1,genero,Mujer,1,1,,,,,,,,,,,,,,,,,,,,,,,,,,,,,,,,,,sync-and-show,updated,synced,1773975656,,approved,yes,yes,yes,,,,,,,,,,,,,,,,,,,,,,,,,,,,,,
20084,variation,76615B3E502,,"Camiseta BMW Motorrad, para Hombre - L",1,0,visible,,,,,taxable,parent,1,9,,0,0,,,,,0,,,884.47,,,,,,,76615B3E500,,,,,,1,,talla,L,,1,,,,,,,,,,,,,,,,,,,,,,,,,,,,,,,,,,,,,,,,synced,1773975656,,approved,,,,,,,,,,,,,,,,,,,,,,,,,,,,,,,,,
20085,variation,76615B3E501,,"Camiseta BMW Motorrad, para Hombre - M",1,0,visible,,,,,taxable,parent,1,13,,0,0,,,,,0,,,884.47,,,,,,,76615B3E500,,,,,,2,,talla,M,,1,,,,,,,,,,,,,,,,,,,,,,,,,,,,,,,,,,,,,,,,synced,1773975656,,approved,,,,,,,,,,,,,,,,,,,,,,,,,,,,,,,,,
20086,variation,,,"Camiseta BMW Motorrad, para Hombre - S",1,0,visible,,,,,taxable,parent,1,7,,0,0,,,,,0,,,884.47,,,,,,,76615B3E500,,,,,,3,,talla,S,,1,,,,,,,,,,,,,,,,,,,,,,,,,,,,,,,,,,,,,,,,synced,1773975656,,approved,,,,,,,,,,,,,,,,,,,,,,,,,,,,,,,,,
20087,variation,76615B3E503,,"Camiseta BMW Motorrad, para Hombre - XL",1,0,visible,,,,,taxable,parent,1,3,,0,0,,,,,0,,,884.47,,,,,,,76615B3E500,,,,,,4,,talla,XL,,1,,,,,,,,,,,,,,,,,,,,,,,,,,,,,,,,,,,,,,,,synced,1773975656,,approved,,,,,,,,,,,,,,,,,,,,,,,,,,,,,,,,,
20090,variable,76615B3E4F4,,"Camiseta BMW Motorrad, para Hombre",1,0,visible,,"<span data-sheets-root=""1"">Diseñada para las apasionadas del motociclismo, esta camiseta de cuello redondo en tono azul petróleo destaca por su estilo moderno y auténtico. El estampado “BMW Motorrad” a tono en el pecho refuerza su identidad, mientras que su corte femenino y el tejido cómodo aseguran un ajuste ideal para el día a día.</span>",,,taxable,,1,,,0,0,,,,,1,,,,"Rider Gear & Garment > Camisetas, Rider Gear & Garment",,,"https://vecsaboutique.com/wp-content/uploads/2025/08/76615B3E4F4-1.avif, https://vecsaboutique.com/wp-content/uploads/2025/08/76615B3E4F4_2-1.avif",,,,,,,,,0,MOTORRAD,talla,"L, M, S, XL, XXL",1,1,genero,Hombre,1,1,color,Petróleo,1,1,,,,,,,,,,,,,,,,,,,,,,,,,,,,,,sync-and-show,created,synced,1773975656,,approved,yes,yes,yes,,,,,,,,,,,,,,,,,,,,,,,,,,,,,,
20093,variation,76615B3E4F6,,"Camiseta BMW Motorrad, para Hombre - L",1,0,visible,,,,,taxable,parent,1,8,,0,0,,,,,0,,,884.47,,,,,,,76615B3E4F4,,,,,,1,,talla,L,,1,,,,,,,,,,,,,,,,,,,,,,,,,,,,,,,,,,,,,,,,synced,1773975656,,approved,,,,,,,,,,,,,,,,,,,,,,,,,,,,,,,,,
20094,variation,76615B3E4F5,,"Camiseta BMW Motorrad, para Hombre - M",1,0,visible,,,,,taxable,parent,1,14,,0,0,,,,,0,,,884.47,,,,,,,76615B3E4F4,,,,,,2,,talla,M,,1,,,,,,,,,,,,,,,,,,,,,,,,,,,,,,,,,,,,,,,,synced,1773975656,,approved,,,,,,,,,,,,,,,,,,,,,,,,,,,,,,,,,
20095,variation,,,"Camiseta BMW Motorrad, para Hombre - S",1,0,visible,,,,,taxable,parent,1,7,,0,0,,,,,0,,,884.47,,,,,,,76615B3E4F4,,,,,,3,,talla,S,,1,,,,,,,,,,,,,,,,,,,,,,,,,,,,,,,,,,,,,,,,synced,1773975656,,approved,,,,,,,,,,,,,,,,,,,,,,,,,,,,,,,,,
20096,variation,76615B3E4F7,,"Camiseta BMW Motorrad, para Hombre - XL",1,0,visible,,,,,taxable,parent,1,5,,0,0,,,,,0,,,884.47,,,,,,,76615B3E4F4,,,,,,4,,talla,XL,,1,,,,,,,,,,,,,,,,,,,,,,,,,,,,,,,,,,,,,,,,synced,1773975656,,approved,,,,,,,,,,,,,,,,,,,,,,,,,,,,,,,,,
20097,variation,76615B3E4F8,,"Camiseta BMW Motorrad, para Hombre - XXL",1,0,visible,,,,,taxable,parent,1,2,,0,0,,,,,0,,,884.47,,,,,,,76615B3E4F4,,,,,,5,,talla,XXL,,1,,,,,,,,,,,,,,,,,,,,,,,,,,,,,,,,,,,,,,,,synced,1773975656,,approved,,,,,,,,,,,,,,,,,,,,,,,,,,,,,,,,,
20098,variation,80145B36AD2,,"Camiseta BMW Logo reverse, uniisex",1,0,visible,,,,,taxable,parent,1,1,,0,0,,,,,0,,,850.14,,,,,,,80145B36AD1,,,,,,1,,color,Gris,,1,talla,L,,1,genero,Unisex,,1,,,,,,,,,,,,,,,,,,,,,,,,,,,,,,,,synced,1773457527,Gris,approved,,,,,,,,,,,,,,,,,,,,,,,,,,,,,,,,,
20099,variation,,,"Camiseta BMW Logo reverse, uniisex",1,0,visible,,,,,taxable,parent,1,2,,0,0,,,,,0,,,850.14,,,,,,,80145B36AD1,,,,,,2,,color,Gris,,1,talla,M,,1,genero,Unisex,,1,,,,,,,,,,,,,,,,,,,,,,,,,,,,,,,,synced,1773457527,Gris,approved,,,,,,,,,,,,,,,,,,,,,,,,,,,,,,,,,
20106,variation,,,"Camiseta BMW Logo Relieve Blue, unisex",1,0,visible,,,,,taxable,parent,1,2,,0,0,,,,,0,,,837.25,,,,,,,80145B36AD6,,,,,,1,,color,"Azul marino",,1,talla,S,,1,genero,Unisex,,1,,,,,,,,,,,,,,,,,,,,,,,,,,,,,,,,synced,1773457527,"Azul marino",approved,,,,,,,,,,,,,,,,,,,,,,,,,,,,,,,,,
20107,variation,80145B36AD9,,"Camiseta BMW Logo Relieve Blue, unisex",1,0,visible,,,,,taxable,parent,1,2,,0,0,,,,,0,,,837.25,,,,,,,80145B36AD6,,,,,,2,,color,"Azul marino",,1,talla,XL,,1,genero,Unisex,,1,,,,,,,,,,,,,,,,,,,,,,,,,,,,,,,,synced,1773457527,"Azul marino",approved,,,,,,,,,,,,,,,,,,,,,,,,,,,,,,,,,
20115,variation,80145B5D0C1,,"Camiseta BMW MMS WMN Graphic/PUMA, para dama - M",1,0,visible,,,,,taxable,parent,1,5,,0,0,,,,,0,,,539.35,,,,,,,80145B5D0B9,,,,,,1,,talla,M,,1,,,,,,,,,,,,,,,,,,,,,,,,,,,,,,,,,,,,,,,,synced,1773371102,,approved,,,,,,,,,,,,,,,,,,,,,,,,,,,,,,,,,
20116,variation,80145B5D0C0,,"Camiseta BMW MMS WMN Graphic/PUMA, para dama - S",1,0,visible,,,,,taxable,parent,1,2,,0,0,,,,,0,,,539.35,,,,,,,80145B5D0B9,,,,,,2,,talla,S,,1,,,,,,,,,,,,,,,,,,,,,,,,,,,,,,,,,,,,,,,,synced,1773371102,,approved,,,,,,,,,,,,,,,,,,,,,,,,,,,,,,,,,
20117,variation,,,"Camiseta BMW MMS WMN Graphic/PUMA, para dama - XS",1,0,visible,,,,,taxable,parent,1,1,,0,0,,,,,0,,,539.35,,,,,,,80145B5D0B9,,,,,,3,,talla,XS,,1,,,,,,,,,,,,,,,,,,,,,,,,,,,,,,,,,,,,,,,,synced,1773371102,,approved,,,,,,,,,,,,,,,,,,,,,,,,,,,,,,,,,
20119,variation,,,"Camiseta BMW Motorrad Make Life a Ride, para Mujer - L, Mujer",1,0,visible,,,,,taxable,parent,1,1,,0,0,,,,,0,,,1104.80,,,,,,,76615A81284,,,,,,1,,talla,L,,1,genero,Mujer,,1,,,,,,,,,,,,,,,,,,,,,,,,,,,,,,,,,,,,synced,1773975656,,approved,,,,,,,,,,,,,,,,,,,,,,,,,,,,,,,,,
20120,variation,,,"Camiseta BMW Motorrad Make Life a Ride, para Mujer - M, Mujer",1,0,visible,,,,,taxable,parent,1,1,,0,0,,,,,0,,,1104.80,,,,,,,76615A81284,,,,,,2,,talla,M,,1,genero,Mujer,,1,,,,,,,,,,,,,,,,,,,,,,,,,,,,,,,,,,,,synced,1773975656,,approved,,,,,,,,,,,,,,,,,,,,,,,,,,,,,,,,,
20121,variation,,,"Camiseta BMW Motorrad Make Life a Ride, para Mujer - S, Mujer",1,0,visible,,,,,taxable,parent,1,1,,0,0,,,,,0,,,1104.80,,,,,,,76615A81284,,,,,,3,,talla,S,,1,genero,Mujer,,1,,,,,,,,,,,,,,,,,,,,,,,,,,,,,,,,,,,,synced,1773975656,,approved,,,,,,,,,,,,,,,,,,,,,,,,,,,,,,,,,
20122,variable,76615A812A8,,"Camiseta BMW Motorrad M Motorsport, para Hombre",1,0,visible,,"<span data-sheets-root=""1"">Camiseta deportiva BMW Motorrad M Motorsport para hombre con cuello redondo y gráficos inspirados en las carreras.\n\nLetras ""BMW Motorrad Motorsport"" impresas con el logotipo de BMW y M en la parte delantera.\nMotivo de tablero de ajedrez en la parte delantera\nLetras ""Never Stop Challenging"" en el frente</span>",,,taxable,,1,,,0,0,,,,,1,,,,"Rider Gear & Garment > Camisetas",,,https://vecsaboutique.com/wp-content/uploads/2025/08/76615A812A8.avif,,,,,,,,,0,MOTORRAD,talla,"L, M",1,1,genero,Hombre,1,1,color,Gris,1,1,,,,,,,,,,,,,,,,,,,,,,,,,,,,,,sync-and-show,created,synced,1773975656,,approved,yes,yes,yes,,,,,,,,,,,,,,,,,,,,,,,,,,,,,,
20123,variation,76615A812B0,,"Camiseta BMW Motorrad M Motorsport, para Hombre",1,0,visible,,,,,taxable,parent,1,1,,0,0,,,,,0,,,1274.14,,,,,,,76615A812A8,,,,,,1,,talla,L,,1,genero,Hombre,,1,color,Gris,,1,,,,,,,,,,,,,,,,,,,,,,,,,,,,,,,,synced,1773975656,Gris,approved,,,,,,,,,,,,,,,,,,,,,,,,,,,,,,,,,
20124,variation,76615A812A9,,"Camiseta BMW Motorrad M Motorsport, para Hombre",1,0,visible,,,,,taxable,parent,1,1,,0,0,,,,,0,,,1274.14,,,,,,,76615A812A8,,,,,,2,,talla,M,,1,genero,Hombre,,1,color,Gris,,1,,,,,,,,,,,,,,,,,,,,,,,,,,,,,,,,synced,1773975656,Gris,approved,,,,,,,,,,,,,,,,,,,,,,,,,,,,,,,,,
20126,variable,76615A812B4,,"Camiseta BMW Motorrad M Motorsport, para Hombre",1,0,visible,,"<span data-sheets-root=""1"">Camiseta deportiva BMW Motorrad M Motorsport para hombre con cuello redondo y gráficos inspirados en las carreras.\n\nLetras ""BMW Motorrad Motorsport"" impresas con el logotipo de BMW y M en la parte delantera.\nMotivo de tablero de ajedrez en la parte delantera\nLetras ""Never Stop Challenging"" en el frente</span>",,,taxable,,1,,,0,0,,,,,1,,,,"Rider Gear & Garment > Camisetas",,,"https://vecsaboutique.com/wp-content/uploads/2025/08/76615A812B4.avif, https://vecsaboutique.com/wp-content/uploads/2025/08/76615A812B4_2.avif",,,,,,,,,0,MOTORRAD,talla,M,1,1,genero,Hombre,1,1,color,Azul,1,1,,,,,,,,,,,,,,,,,,,,,,,,,,,,,,sync-and-show,created,synced,1773975656,,approved,yes,yes,yes,,,,,,,,,,,,,,,,,,,,,,,,,,,,,,
20130,variation,76615A812B5,,"Camiseta BMW Motorrad M Motorsport, para Hombre",1,0,visible,,,,,taxable,parent,1,1,,0,0,,,,,0,,,1274.14,,,,,,,76615A812B4,,,,,,1,,talla,M,,1,genero,Hombre,,1,color,Azul,,1,,,,,,,,,,,,,,,,,,,,,,,,,,,,,,,,synced,1773975656,Azul,approved,,,,,,,,,,,,,,,,,,,,,,,,,,,,,,,,,
20131,variable,76615A812C0,,"Camiseta BMW Motorrad M Motorsport, para Hombre",1,0,visible,,"<span data-sheets-root=""1"">Camiseta deportiva BMW Motorrad M Motorsport para hombre con cuello redondo y gráficos inspirados en las carreras.</span>\n\nLetras ""BMW Motorrad Motorsport"" impresas con el logotipo de BMW y M en la parte delantera.\nMotivo de tablero de ajedrez en la parte delantera\nLetras ""Never Stop Challenging"" en el frente",,,taxable,,1,,,0,0,,,,,1,,,,"Rider Gear & Garment > Camisetas",,,https://vecsaboutique.com/wp-content/uploads/2025/08/76615A812C2.avif,,,,,,,,,0,MOTORRAD,talla,L,1,1,genero,Hombre,1,1,color,Blanco,1,1,,,,,,,,,,,,,,,,,,,,,,,,,,,,,,sync-and-show,updated,synced,1773975656,,approved,yes,yes,yes,,,,,,,,,,,,,,,,,,,,,,,,,,,,,,
20133,variation,76615A812C2,,"Camiseta BMW Motorrad M Motorsport, para Hombre",1,0,visible,,,,,taxable,parent,1,2,,0,0,,,,,0,,,1274.14,,,,,,,76615A812C0,,,,,,1,,talla,L,,1,genero,Hombre,,1,color,Blanco,,1,,,,,,,,,,,,,,,,,,,,,,,,,,,,,,,,synced,1773975656,Blanco,approved,,,,,,,,,,,,,,,,,,,,,,,,,,,,,,,,,
20134,variation,80145B5D099,,"Camiseta BMW M Motorsport Essential White, para caballero - M",1,0,visible,,,,,taxable,parent,1,1,,0,0,,,,,0,,,539.35,,,,,,,80145B5D098,,,,,,1,,talla,M,,1,genero,,,1,,,,,,,,,,,,,,,,,,,,,,,,,,,,,,,,,,,,synced,1773371102,,approved,,,,,,,,,,,,,,,,,,,,,,,,,,,,,,,,,
20135,variation,,,"Camiseta BMW M Motorsport Essential White, para caballero - S",1,0,visible,,,,,taxable,parent,1,2,,0,0,,,,,0,,,539.35,,,,,,,80145B5D098,,,,,,2,,talla,S,,1,genero,,,1,,,,,,,,,,,,,,,,,,,,,,,,,,,,,,,,,,,,synced,1773371102,,approved,,,,,,,,,,,,,,,,,,,,,,,,,,,,,,,,,
20136,variable,76615A812D2,,"Camiseta BMW Motorrad M Motorsport, para Hombre",1,0,visible,,"<span data-sheets-root=""1"">Esta camiseta de BMW Motorsport es imprescindible para cualquier aficionado a las carreras. El logotipo de BMW, el logotipo de BMW M y estampados como ""BMW Motorrad Motorsport"" evocan un auténtico espíritu de equipo. Esta camiseta de corte clásico presenta aplicaciones coloridas en azul cielo, rojo y azul.\n\nImpresión gráfica de tres colores en la parte delantera y trasera.\nEstampado ""BMW Motorrad Motorsport"" en la parte trasera\nEstampado del logotipo de BMW y M en el pecho izquierdo</span>",,,taxable,,1,,,0,0,,,,,1,,,,"Rider Gear & Garment > Camisetas",,,"https://vecsaboutique.com/wp-content/uploads/2025/08/76615A812D3.avif, https://vecsaboutique.com/wp-content/uploads/2025/08/76615A812D3_2.avif",,,,,,,,,0,MOTORRAD,talla,"L, M",1,1,genero,Hombre,1,1,color,Gris,1,1,,,,,,,,,,,,,,,,,,,,,,,,,,,,,,sync-and-show,created,synced,1773975656,,approved,yes,yes,yes,,,,,,,,,,,,,,,,,,,,,,,,,,,,,,
20143,variation,76615A812D4,,"Camiseta BMW Motorrad M Motorsport, para Hombre",1,0,visible,,,,,taxable,parent,1,1,,0,0,,,,,0,,,1386.80,,,,,,,76615A812D2,,,,,,1,,talla,L,,1,genero,Hombre,,1,color,Gris,,1,,,,,,,,,,,,,,,,,,,,,,,,,,,,,,,,synced,1773975656,Gris,approved,,,,,,,,,,,,,,,,,,,,,,,,,,,,,,,,,
20144,variation,76615A812D3,,"Camiseta BMW Motorrad M Motorsport, para Hombre",1,0,visible,,,,,taxable,parent,1,1,,0,0,,,,,0,,,1386.80,,,,,,,76615A812D2,,,,,,2,,talla,M,,1,genero,Hombre,,1,color,Gris,,1,,,,,,,,,,,,,,,,,,,,,,,,,,,,,,,,synced,1773975656,Gris,approved,,,,,,,,,,,,,,,,,,,,,,,,,,,,,,,,,
20149,variable,76615A812D8,,"Camiseta BMW Motorrad M Motorsport, para Hombre",1,0,visible,,"<span data-sheets-root=""1"">Esta camiseta de BMW Motorsport es imprescindible para cualquier aficionado a las carreras. El logotipo de BMW, el logotipo de BMW M y estampados como ""BMW Motorrad Motorsport"" evocan un auténtico espíritu de equipo. Esta camiseta de corte clásico presenta aplicaciones coloridas en azul cielo, rojo y azul.\n\nImpresión gráfica de tres colores en la parte delantera y trasera.\nEstampado ""BMW Motorrad Motorsport"" en la parte trasera\nEstampado del logotipo de BMW y M en el pecho izquierdo</span>",,,taxable,,1,,,0,0,,,,,1,,,,"Rider Gear & Garment > Camisetas",,,"https://vecsaboutique.com/wp-content/uploads/2025/08/76615A812E0.avif, https://vecsaboutique.com/wp-content/uploads/2025/08/76615A812E0_2.avif",,,,,,,,,0,MOTORRAD,talla,L,1,1,genero,Hombre,1,1,color,Blanco,1,1,,,,,,,,,,,,,,,,,,,,,,,,,,,,,,sync-and-show,created,synced,1773975656,,approved,yes,yes,yes,,,,,,,,,,,,,,,,,,,,,,,,,,,,,,
20150,variation,76615A812E0,,"Camiseta BMW Motorrad M Motorsport, para Hombre",1,0,visible,,,,,taxable,parent,1,1,,0,0,,,,,0,,,1386.80,,,,,,,76615A812D8,,,,,,1,,talla,L,,1,genero,Hombre,,1,color,Blanco,,1,,,,,,,,,,,,,,,,,,,,,,,,,,,,,,,,synced,1773975656,Blanco,approved,,,,,,,,,,,,,,,,,,,,,,,,,,,,,,,,,
20151,variation,80145B5D095,,"Camiseta BMW M Motorsport Essential Grey, para caballero - L, Hombre",1,0,visible,,,,,taxable,parent,1,2,,0,0,,,,,0,,,539.35,,,,,,,80145B5D093,,,,,,1,,talla,L,,1,genero,Hombre,,1,,,,,,,,,,,,,,,,,,,,,,,,,,,,,,,,,,,,synced,1773371102,,approved,,,,,,,,,,,,,,,,,,,,,,,,,,,,,,,,,
20152,variation,80145B5D094,,"Camiseta BMW M Motorsport Essential Grey, para caballero - M, Hombre",1,0,visible,,,,,taxable,parent,1,1,,0,0,,,,,0,,,539.35,,,,,,,80145B5D093,,,,,,2,,talla,M,,1,genero,Hombre,,1,,,,,,,,,,,,,,,,,,,,,,,,,,,,,,,,,,,,synced,1773371102,,approved,,,,,,,,,,,,,,,,,,,,,,,,,,,,,,,,,
20153,variation,,,"Camiseta BMW M Motorsport Essential Grey, para caballero - S, Hombre",1,0,visible,,,,,taxable,parent,1,1,,0,0,,,,,0,,,539.35,,,,,,,80145B5D093,,,,,,3,,talla,S,,1,genero,Hombre,,1,,,,,,,,,,,,,,,,,,,,,,,,,,,,,,,,,,,,synced,1773371102,,approved,,,,,,,,,,,,,,,,,,,,,,,,,,,,,,,,,
20156,variable,76615A812F6,,"Camiseta BMW Motorrad Motorsport S 1000 RR, para hombre",1,0,visible,,"<span data-sheets-root=""1"">Camiseta deportiva con estampado gráfico S 1000 RR en el pecho.</span>\n\nGráfico S 1000 RR como impresión en el pecho\nEstampado ""BMW Motorrad Motorsport RR"" en la parte trasera",,,taxable,,1,,,0,0,,,,,1,,,,"Rider Gear & Garment > Camisetas",,,https://vecsaboutique.com/wp-content/uploads/2025/08/76615A812F9.avif,,,,,,,,,0,MOTORRAD,talla,"M, S",1,1,genero,Hombre,1,1,color,Azul,1,1,,,,,,,,,,,,,,,,,,,,,,,,,,,,,,sync-and-show,updated,synced,1773975657,,approved,yes,yes,yes,,,,,,,,,,,,,,,,,,,,,,,,,,,,,,
20157,variation,76615A812F7,,"Camiseta BMW Motorrad Motorsport S 1000 RR, para hombre",1,0,visible,,,,,taxable,parent,1,2,,0,0,,,,,0,,,1274.14,,,,,,,76615A812F6,,,,,,1,,talla,M,,1,genero,Hombre,,1,color,Azul,,1,,,,,,,,,,,,,,,,,,,,,,,,,,,,,,,,synced,1773975657,Azul,approved,,,,,,,,,,,,,,,,,,,,,,,,,,,,,,,,,
20158,variation,,,"Camiseta BMW Motorrad Motorsport S 1000 RR, para hombre",1,0,visible,,,,,taxable,parent,1,1,,0,0,,,,,0,,,1274.14,,,,,,,76615A812F6,,,,,,2,,talla,S,,1,genero,Hombre,,1,color,Azul,,1,,,,,,,,,,,,,,,,,,,,,,,,,,,,,,,,synced,1773975657,Azul,approved,,,,,,,,,,,,,,,,,,,,,,,,,,,,,,,,,
20160,variable,76615A81349,,"Camiseta BMW Motorrad Race Team Herren schwarz, para Hombre",1,0,visible,,"<span data-sheets-root=""1"">Camiseta Race Team con cuello redondo, gran estampado ""Motorsport"" en el pecho izquierdo y letras ""BMW Motorrad Motorsport"" en la espalda.</span>\n\nGran estampado ""Motorsport"" en el pecho izquierdo, que incluye el logotipo de BMW, el logotipo de M, la inscripción ""Racing like no other"" y la insignia RR.\nGran inscripción ""BMW Motorrad Motorsport"" en la parte trasera\nCorte: Regular Fit",,,taxable,,1,,,0,0,,,,,1,,,,"Rider Gear & Garment > Camisetas",,,"https://vecsaboutique.com/wp-content/uploads/2025/08/76615A81349.avif, https://vecsaboutique.com/wp-content/uploads/2025/08/76615A81349_2.avif, https://vecsaboutique.com/wp-content/uploads/2025/08/76615A81349_3.avif, https://vecsaboutique.com/wp-content/uploads/2025/08/76615A81349_4.avif",,,,,,,,,0,MOTORRAD,talla,S,1,1,genero,Hombre,1,1,color,Negro,1,1,,,,,,,,,,,,,,,,,,,,,,,,,,,,,,sync-and-show,created,synced,1773975657,,approved,yes,yes,yes,,,,,,,,,,,,,,,,,,,,,,,,,,,,,,
20161,variation,,,"Camiseta BMW Motorrad Race Team Herren schwarz, para Hombre",1,0,visible,,,,,taxable,parent,1,1,,0,0,,,,,0,,,1203.68,,,,,,,76615A81349,,,,,,1,,talla,S,,1,genero,Hombre,,1,color,Negro,,1,,,,,,,,,,,,,,,,,,,,,,,,,,,,,,,,synced,1773975657,Negro,approved,,,,,,,,,,,,,,,,,,,,,,,,,,,,,,,,,
20166,variable,76615A81319,,"Camiseta BMW Motorrad Daredevil, para Hombre",1,0,visible,,"<span data-sheets-root=""1"">La camiseta BMW Motorrad ""Awaken the Daredevil"" es una camiseta clásica y elegante para los amantes de las motocicletas, con un diseño gráfico impactante y una confección de alta calidad. Aquí tienes lo más destacado:\nEstampado en el pecho llamativo estampado en el pecho con una motocicleta, la inspiradora inscripción ""Awaken the Daredevil"" y datos de rendimiento: perfecto para los fanáticos de las motocicletas atrevidos.\nAcentos en la espalda : letras BMW Motorrad Motorsport y un emblema R en la parte trasera, que complementan el aspecto deportivo y subrayan el espíritu de equipo.\nAjuste regular para un ajuste clásico y cómodo y una libertad de movimiento óptima.\nFabricado 100% con algodón orgánico, lo que garantiza una gran comodidad de uso, transpirabilidad y respeto al medio ambiente.</span>",,,taxable,,1,,,0,0,,,,,1,,,,"Rider Gear & Garment > Camisetas",,,"https://vecsaboutique.com/wp-content/uploads/2025/08/76615A81319.avif, https://vecsaboutique.com/wp-content/uploads/2025/08/76615A81330_2.avif",,,,,,,,,0,MOTORRAD,talla,"S, XL",1,1,genero,Hombre,1,1,color,Blanco,1,1,,,,,,,,,,,,,,,,,,,,,,,,,,,,,,sync-and-show,updated,synced,1773975657,,approved,yes,yes,yes,,,,,,,,,,,,,,,,,,,,,,,,,,,,,,
20167,variation,,,"Camiseta BMW Motorrad Daredevil, para Hombre",1,0,visible,,,,,taxable,parent,1,,,0,0,,,,,0,,,1274.14,,,,,,,76615A81319,,,,,,2,,talla,S,,1,genero,Hombre,,1,color,Blanco,,1,,,,,,,,,,,,,,,,,,,,,,,,,,,,,,,,synced,1773975657,Blanco,approved,,,,,,,,,,,,,,,,,,,,,,,,,,,,,,,,,
20169,variable,76615A81379,,"Camiseta BMW Motorrad Motorsport, para Mujer",1,0,visible,,"<span data-sheets-root=""1"">La camiseta BMW Motorrad Motorsport es imprescindible para cualquier aficionado a las carreras. El logotipo de BMW, el logotipo de BMW M y estampados como ""BMW Motorrad Motorsport"" evocan un auténtico espíritu de equipo. Esta camiseta gris de corte clásico presenta aplicaciones coloridas con los colores de BMW Motorsport.\n\nLogotipo de BMW y M en el pecho izquierdo\nAplicación de deportes de motor en la parte delantera izquierda\nInscripción vertical ""BMW Motorrad Motorsport"" en la parte trasera\nescote redondo</span>",,,taxable,,1,,,0,0,,,,,1,,,,"Rider Gear & Garment > Camisetas",,,https://vecsaboutique.com/wp-content/uploads/2025/08/76615A81380.avif,,,,,,,,,0,MOTORRAD,talla,S,1,1,genero,Mujer,1,1,color,Gris,1,1,,,,,,,,,,,,,,,,,,,,,,,,,,,,,,sync-and-show,created,synced,1773975657,,approved,yes,yes,yes,,,,,,,,,,,,,,,,,,,,,,,,,,,,,,
20170,variation,76615A81380,,"Camiseta BMW Motorrad Motorsport, para Mujer",1,0,visible,,,,,taxable,parent,1,1,,0,0,,,,,0,,,1386.80,,,,,,,76615A81379,,,,,,1,,talla,S,,1,genero,Mujer,,1,color,Gris,,1,,,,,,,,,,,,,,,,,,,,,,,,,,,,,,,,synced,1773975657,Gris,approved,,,,,,,,,,,,,,,,,,,,,,,,,,,,,,,,,
20184,variable,76615A813A1,,"Camiseta BMW Motorrad Berlin Built, para hombre",1,0,visible,,"<span data-sheets-root=""1"">Camiseta BMW con alma auténtica y atemporal! La camiseta refleja claramente el origen de tu motocicleta: el eslogan ""Berlin Built"" aparece en la parte delantera y trasera, demostrando tu compromiso único con la marca BMW Motorrad.\n\nPequeña inscripción ""Berlín construido"" en el pecho.\nMotivo impreso de gran tamaño en la parte trasera, que incluye ""BMW Motorrad"", el logotipo de BMW </span>",,,taxable,,1,,,0,0,,,,,1,,,,"Rider Gear & Garment > Camisetas",,,"https://vecsaboutique.com/wp-content/uploads/2025/08/76615A813A2.avif, https://vecsaboutique.com/wp-content/uploads/2025/08/76615A813A2_2.avif",,,,,,,,,0,MOTORRAD,talla,M,1,1,genero,Hombre,1,1,color,Beige,1,1,,,,,,,,,,,,,,,,,,,,,,,,,,,,,,sync-and-show,created,synced,1773975657,,approved,yes,yes,yes,,,,,,,,,,,,,,,,,,,,,,,,,,,,,,
20185,variation,76615A813A2,,"Camiseta BMW Motorrad Berlin Built, para hombre",1,0,visible,,,,,taxable,parent,1,1,,0,0,,,,,0,,,1274.14,,,,,,,76615A813A1,,,,,,1,,talla,M,,1,genero,Hombre,,1,color,Beige,,1,,,,,,,,,,,,,,,,,,,,,,,,,,,,,,,,synced,1773975657,Beige,approved,,,,,,,,,,,,,,,,,,,,,,,,,,,,,,,,,
20188,variable,76615A813A7,,"Camiseta BMW Motorrad Soulfuel, para Hombre",1,0,visible,,"<span data-sheets-root=""1"">La camiseta BMW Motorrad Soulfuel para hombre está diseñada para quienes llevan la gasolina en las venas. Póntela y siéntete cómodo.\n\nEstampado ""BMW Motorrad Soulfuel"" en el pecho\nEtiqueta en la parte frontal inferior derecha</span>",,,taxable,,1,,,0,0,,,,,1,,,,"Rider Gear & Garment > Camisetas",,,"https://vecsaboutique.com/wp-content/uploads/2025/08/76615A813A8.avif, https://vecsaboutique.com/wp-content/uploads/2025/08/76615A813A8_2.avif",,,,,,,,,0,MOTORRAD,talla,M,1,1,genero,Hombre,1,1,color,Marron,1,1,,,,,,,,,,,,,,,,,,,,,,,,,,,,,,sync-and-show,created,synced,1773975657,,approved,yes,yes,yes,,,,,,,,,,,,,,,,,,,,,,,,,,,,,,
20189,variation,76615A813A8,,"Camiseta BMW Motorrad Soulfuel, para Hombre",1,0,visible,,,,,taxable,parent,1,1,,0,0,,,,,0,,,1104.80,,,,,,,76615A813A7,,,,,,1,,talla,M,,1,genero,Hombre,,1,color,Marron,,1,,,,,,,,,,,,,,,,,,,,,,,,,,,,,,,,synced,1773975657,Marron,approved,,,,,,,,,,,,,,,,,,,,,,,,,,,,,,,,,
20193,variable,76615A813B9,,"Camiseta BMW Motorrad Boxer, para Hombre",1,0,visible,,"<span data-sheets-root=""1"">Camiseta de cuello redondo BMW Motorrad para hombre en azul bitono. Diseñada para los fans más apasionados de los legendarios motores bóxer de BMW.\n\nEstampado con motivo Heritage en el pecho\nLa inscripción ""Berlin Built"" resalta el lugar donde se fabrican las motocicletas BMW.\nCorte: Regular Fit</span>",,,taxable,,0,,,0,0,,,,,1,,,,"Rider Gear & Garment > Camisetas",,,"https://vecsaboutique.com/wp-content/uploads/2025/08/76615A813C2.avif, https://vecsaboutique.com/wp-content/uploads/2025/08/76615A813C2_2.avif",,,,,,,,,0,MOTORRAD,talla,XL,1,1,genero,Hombre,1,1,color,Azul,1,1,,,,,,,,,,,,,,,,,,,,,,,,,,,,,,sync-and-show,updated,synced,1773975657,,approved,yes,yes,yes,,,,,,,,,,,,,,,,,,,,,,,,,,,,,,
20195,variation,76615A813C2,,"Camiseta BMW Motorrad Boxer, para Hombre",1,0,visible,,"T Shirt Boxer Herren blauXL",,,taxable,parent,1,1,,0,0,,,,,0,,,1104.77,,,,https://vecsaboutique.com/wp-content/uploads/2025/08/76615A813C2.avif,,,76615A813B9,,,,,,1,,talla,XL,,1,genero,Hombre,,1,color,Azul,,1,,,,,,,,,,,,,,,,,,,,,,,,,,,,,,,,synced,1773975657,Azul,approved,,,,,,,,,,,,,,,,,,,,,,,,,,,,,,,,,
20199,variable,76615A813C5,,"Camiseta BMW Motorrad R nineT, para hombre",1,0,visible,,"<span data-sheets-root=""1"">Camiseta de manga corta para hombre BMW Motorrad R nineT con un gran motivo de motocicleta en el pecho.</span>\n\nEstampado grande con motivo de motocicleta, letras ""BMW Motorrad"" y logotipo de BMW en el pecho.\nPequeña inscripción ""Soulfuel"" en la parte posterior\nCorte: Regular Fit",,,taxable,,1,,,0,0,,,,,1,,,,"Rider Gear & Garment > Camisetas, Rider Gear & Garment",,,"https://vecsaboutique.com/wp-content/uploads/2025/08/76615A813C6.avif, https://vecsaboutique.com/wp-content/uploads/2025/08/76615A813C6_2.avif",,,,,,,,,0,MOTORRAD,talla,M,1,1,genero,Hombre,1,1,color,"Azul marino",1,1,,,,,,,,,,,,,,,,,,,,,,,,,,,,,,sync-and-show,updated,synced,1773975657,,approved,yes,yes,yes,,,,,,,,,,,,,,,,,,,,,,,,,,,,,,
20201,variable,76615B3E4E8,,"Camiseta BMW Motorrad, para Hombre",1,0,visible,,"<span data-sheets-root=""1"">Esta camiseta de cuello redondo es una prenda esencial para cualquier fan de BMW Motorrad. Cuenta con el emblema de la marca en gran tamaño en el pecho y en versión más pequeña en el cuello y los laterales. Su corte clásico y el tejido de alta calidad garantizan comodidad y un estilo casual ideal para el día a día.</span>",,,taxable,,1,,,0,0,,,,,1,,,,"Rider Gear & Garment > Camisetas, Rider Gear & Garment",,,"https://vecsaboutique.com/wp-content/uploads/2025/08/76615B3E4E8.avif, https://vecsaboutique.com/wp-content/uploads/2025/08/76615B3E4E8_2.avif",,,,,,,,,0,MOTORRAD,talla,"L, M, S, XL, XXL",1,1,genero,Hombre,1,1,color,Blanco,1,1,,,,,,,,,,,,,,,,,,,,,,,,,,,,,,sync-and-show,created,synced,1774062029,,approved,yes,yes,yes,,,,,,,,,,,,,,,,,,,,,,,,,,,,,,
20202,variation,76615A813C6,,"Camiseta BMW Motorrad R nineT, para hombre",1,0,visible,,,,,taxable,parent,1,1,,0,0,,,,,0,,,1274.14,,,,,,,76615A813C5,,,,,,1,,talla,M,,1,genero,Hombre,,1,color,"Azul marino",,1,,,,,,,,,,,,,,,,,,,,,,,,,,,,,,,,synced,1773975657,"Azul marino",approved,,,,,,,,,,,,,,,,,,,,,,,,,,,,,,,,,
20205,variation,76615B3E4F0,,"Camiseta BMW Motorrad, para Hombre - L",1,0,visible,,,,,taxable,parent,1,10,,0,0,,,,,0,,,884.47,,,,,,,76615B3E4E8,,,,,,1,,talla,L,,1,,,,,,,,,,,,,,,,,,,,,,,,,,,,,,,,,,,,,,,,synced,1774062029,,approved,,,,,,,,,,,,,,,,,,,,,,,,,,,,,,,,,
20206,variation,76615B3E4E9,,"Camiseta BMW Motorrad, para Hombre - M",1,0,visible,,,,,taxable,parent,1,13,,0,0,,,,,0,,,884.47,,,,,,,76615B3E4E8,,,,,,2,,talla,M,,1,,,,,,,,,,,,,,,,,,,,,,,,,,,,,,,,,,,,,,,,synced,1774062029,,approved,,,,,,,,,,,,,,,,,,,,,,,,,,,,,,,,,
20207,variation,,,"Camiseta BMW Motorrad, para Hombre - S",1,0,visible,,,,,taxable,parent,1,7,,0,0,,,,,0,,,884.47,,,,,,,76615B3E4E8,,,,,,3,,talla,S,,1,,,,,,,,,,,,,,,,,,,,,,,,,,,,,,,,,,,,,,,,synced,1774062029,,approved,,,,,,,,,,,,,,,,,,,,,,,,,,,,,,,,,
20208,variation,76615B3E4F1,,"Camiseta BMW Motorrad, para Hombre - XL",1,0,visible,,,,,taxable,parent,1,5,,0,0,,,,,0,,,884.47,,,,,,,76615B3E4E8,,,,,,4,,talla,XL,,1,,,,,,,,,,,,,,,,,,,,,,,,,,,,,,,,,,,,,,,,synced,1774062029,,approved,,,,,,,,,,,,,,,,,,,,,,,,,,,,,,,,,
20209,variation,76615B3E4F2,,"Camiseta BMW Motorrad, para Hombre - XXL",1,0,visible,,,,,taxable,parent,1,2,,0,0,,,,,0,,,884.47,,,,,,,76615B3E4E8,,,,,,5,,talla,XXL,,1,,,,,,,,,,,,,,,,,,,,,,,,,,,,,,,,,,,,,,,,synced,1774062029,,approved,,,,,,,,,,,,,,,,,,,,,,,,,,,,,,,,,
20213,variable,76615A813E3,,"Camiseta BMW Motorrad, para Hombre",1,0,visible,,"<span data-sheets-root=""1"">Esta camiseta de cuello redondo de BMW es un sello distintivo de los fans de BMW Motorrad. El estampado en el pecho, junto con una pequeña marca alrededor del cuello y los laterales, define claramente su propósito. Su corte y tejido clásicos garantizan una gran comodidad.</span>\n\nCamiseta clásica de cuello redondo\nGran impresión ""BMW Motorrad"" en la parte delantera",,,taxable,,1,,,0,0,,,,,1,,,,"Rider Gear & Garment > Camisetas",,,https://vecsaboutique.com/wp-content/uploads/2025/08/76615A813E3.avif,,,,,,,,,0,MOTORRAD,talla,"L, M, S",1,1,genero,Hombre,1,1,color,Blanco,1,1,,,,,,,,,,,,,,,,,,,,,,,,,,,,,,sync-and-show,created,synced,1774062029,,approved,yes,yes,yes,,,,,,,,,,,,,,,,,,,,,,,,,,,,,,
20214,variable,76615B3E4E2,,"Camiseta Tipo Polo BMW Motorrad, para Mujer",1,0,visible,,"<span data-sheets-root=""1"">Diseñado para un estilo versátil y elegante, este polo está confeccionado en algodón 100 % orgánico, ofreciendo suavidad y comodidad durante todo el día. Su corte femenino y el pequeño logotipo BMW Motorrad en el pecho izquierdo lo convierten en la prenda perfecta para lucir tu pasión por la marca con un toque de distinción.</span>",,,taxable,,1,,,0,0,,,,,1,,,,"Rider Gear & Garment > Camisetas, Rider Gear & Garment",,,"https://vecsaboutique.com/wp-content/uploads/2025/08/76615B3E4E2.avif, https://vecsaboutique.com/wp-content/uploads/2025/08/76615B3E4E2_2.avif",,,,,,,,,0,MOTORRAD,talla,"L, M, S, XS",1,1,genero,Mujer,1,1,color,Azul,1,1,,,,,,,,,,,,,,,,,,,,,,,,,,,,,,sync-and-show,updated,synced,1774062029,,approved,yes,yes,yes,,,,,,,,,,,,,,,,,,,,,,,,,,,,,,
20223,variation,,,"Camiseta BMW Motorrad, para Hombre",1,0,visible,,,,,taxable,parent,1,1,,0,0,,,,,0,,,1104.80,,,,,,,76615A813E3,,,,,,3,,talla,S,,1,genero,Hombre,,1,color,Blanco,,1,,,,,,,,,,,,,,,,,,,,,,,,,,,,,,,,synced,1774062029,Blanco,approved,,,,,,,,,,,,,,,,,,,,,,,,,,,,,,,,,
20226,variation,76615B3E4E5,,"Camiseta Tipo Polo BMW Motorrad, para Mujer - L",1,0,visible,,,,,taxable,parent,1,3,,0,0,,,,,0,,,1334.83,,,,,,,76615B3E4E2,,,,,,1,,talla,L,,1,,,,,,,,,,,,,,,,,,,,,,,,,,,,,,,,,,,,,,,,synced,1774062029,,approved,,,,,,,,,,,,,,,,,,,,,,,,,,,,,,,,,
20227,variation,76615B3E4E4,,"Camiseta Tipo Polo BMW Motorrad, para Mujer - M",1,0,visible,,,,,taxable,parent,1,6,,0,0,,,,,0,,,1334.83,,,,,,,76615B3E4E2,,,,,,2,,talla,M,,1,,,,,,,,,,,,,,,,,,,,,,,,,,,,,,,,,,,,,,,,synced,1774062029,,approved,,,,,,,,,,,,,,,,,,,,,,,,,,,,,,,,,
20228,variation,76615B3E4E3,,"Camiseta Tipo Polo BMW Motorrad, para Mujer - S",1,0,visible,,,,,taxable,parent,1,5,,0,0,,,,,0,,,1334.83,,,,,,,76615B3E4E2,,,,,,3,,talla,S,,1,,,,,,,,,,,,,,,,,,,,,,,,,,,,,,,,,,,,,,,,synced,1774062029,,approved,,,,,,,,,,,,,,,,,,,,,,,,,,,,,,,,,
20229,variation,,,"Camiseta Tipo Polo BMW Motorrad, para Mujer - XS",1,0,visible,,,,,taxable,parent,1,3,,0,0,,,,,0,,,1334.83,,,,,,,76615B3E4E2,,,,,,4,,talla,XS,,1,,,,,,,,,,,,,,,,,,,,,,,,,,,,,,,,,,,,,,,,synced,1774062029,,approved,,,,,,,,,,,,,,,,,,,,,,,,,,,,,,,,,
20230,variation,76615A813E5,,"Camiseta BMW Motorrad, para Hombre",1,0,visible,,,,,taxable,parent,1,1,,0,0,,,,,0,,,1104.80,,,,,,,76615A813E3,,,,,,1,,talla,L,,1,genero,Hombre,,1,color,Blanco,,1,,,,,,,,,,,,,,,,,,,,,,,,,,,,,,,,synced,1774062029,Blanco,approved,,,,,,,,,,,,,,,,,,,,,,,,,,,,,,,,,
20231,variation,76615A813E4,,"Camiseta BMW Motorrad, para Hombre",1,0,visible,,,,,taxable,parent,1,1,,0,0,,,,,0,,,1104.80,,,,,,,76615A813E3,,,,,,2,,talla,M,,1,genero,Hombre,,1,color,Blanco,,1,,,,,,,,,,,,,,,,,,,,,,,,,,,,,,,,synced,1773716490,Blanco,approved,,,,,,,,,,,,,,,,,,,,,,,,,,,,,,,,,
20234,variable,76615B3E4D6,,"Camiseta Tipo Polo BMW Motorrad, para Hombre",1,0,visible,,"<span data-sheets-root=""1"">Elegancia y espíritu motociclista se unen en este polo clásico de BMW Motorrad. Confeccionado en 100 % algodón orgánico, ofrece una sensación suave y transpirable que garantiza comodidad durante todo el día. Su diseño atemporal y minimalista, con las letras BMW Motorrad discretamente bordadas en el pecho izquierdo, lo convierte en una prenda versátil para el día a día o tus momentos de ocio.</span>",,,taxable,,1,,,0,0,,,,,1,,,,"Rider Gear & Garment > Camisetas, Rider Gear & Garment",,,"https://vecsaboutique.com/wp-content/uploads/2025/08/76615B3E4D6.avif, https://vecsaboutique.com/wp-content/uploads/2025/08/76615B3E4D6_2.avif",,,,,,,,,0,MOTORRAD,talla,"L, M, S, XL, XXL",1,1,genero,Hombre,1,1,color,Azul,1,1,,,,,,,,,,,,,,,,,,,,,,,,,,,,,,sync-and-show,updated,synced,1773716491,,approved,yes,yes,yes,,,,,,,,,,,,,,,,,,,,,,,,,,,,,,
20235,variation,80145B36AE3,,"Camiseta BMW Logo Relieve White, para dama",1,0,visible,,,,,taxable,parent,1,1,,0,0,,,,,0,,,837.25,,,,,,,80145B36AE2,,,,,,1,,color,Blanco,,1,talla,M,,1,genero,Mujer,,1,,,,,,,,,,,,,,,,,,,,,,,,,,,,,,,,synced,1773457527,Blanco,approved,,,,,,,,,,,,,,,,,,,,,,,,,,,,,,,,,
20236,variation,,,"Camiseta BMW Logo Relieve White, para dama",1,0,visible,,,,,taxable,parent,1,1,,0,0,,,,,0,,,837.25,,,,,,,80145B36AE2,,,,,,2,,color,Blanco,,1,talla,S,,1,genero,Mujer,,1,,,,,,,,,,,,,,,,,,,,,,,,,,,,,,,,synced,1773457527,Blanco,approved,,,,,,,,,,,,,,,,,,,,,,,,,,,,,,,,,
20242,variation,76615A813F8,,"Camiseta BMW Motorrad, para Mujer",1,0,visible,,,,,taxable,parent,1,1,,0,0,,,,,0,,,1104.80,,,,,,,76615A813F5,,,,,,1,,talla,L,,1,genero,Mujer,,1,color,Blanco,,1,,,,,,,,,,,,,,,,,,,,,,,,,,,,,,,,synced,1773457522,Blanco,approved,,,,,,,,,,,,,,,,,,,,,,,,,,,,,,,,,
20243,variation,,,"Camiseta BMW Motorrad, para Mujer",1,0,visible,,,,,taxable,parent,0,0,,0,0,,,,,0,,,1104.80,,,,,,,76615A813F5,,,,,,2,,talla,S,,1,genero,Mujer,,1,color,Blanco,,1,,,,,,,,,,,,,,,,,,,,,,,,,,,,,,,,pending,,Blanco,,,,,,,,,,,,,,,,,,,,,,,,,,,,,,,,,,
20245,variation,80145B36AE9,,"Camiseta BMW Tipografia Relieve White, unisex",1,0,visible,,,,,taxable,parent,1,3,,0,0,,,,,0,,,837.25,,,,,,,80145B36AE7,,,,,,1,,color,Blanco,,1,talla,L,,1,genero,Unisex,,1,,,,,,,,,,,,,,,,,,,,,,,,,,,,,,,,synced,1773457527,Blanco,approved,,,,,,,,,,,,,,,,,,,,,,,,,,,,,,,,,
20246,variation,80145B36AE8,,"Camiseta BMW Tipografia Relieve White, unisex",1,0,visible,,,,,taxable,parent,1,1,,0,0,,,,,0,,,837.25,,,,,,,80145B36AE7,,,,,,2,,color,Blanco,,1,talla,M,,1,genero,Unisex,,1,,,,,,,,,,,,,,,,,,,,,,,,,,,,,,,,synced,1773457527,Blanco,approved,,,,,,,,,,,,,,,,,,,,,,,,,,,,,,,,,
20247,variation,,,"Camiseta BMW Tipografia Relieve White, unisex",1,0,visible,,,,,taxable,parent,1,2,,0,0,,,,,0,,,809.55,,,,,,,80145B36AE7,,,,,,3,,color,Blanco,,1,talla,S,,1,genero,Unisex,,1,,,,,,,,,,,,,,,,,,,,,,,,,,,,,,,,synced,1773457527,Blanco,approved,,,,,,,,,,,,,,,,,,,,,,,,,,,,,,,,,
20248,variable,76615A81419,,"Camiseta Tipo Polo BMW Motorrad, para Hombre",1,0,visible,,"<span data-sheets-root=""1"">Polo de corte clásico con 2 botones, Estampado GS en la parte superior izquierda delantera, logotipo BMW bordado en la manga izquierda, estampado vertical BMW Motorrad en la espalda, Fabricado en 100 % algodón orgánico</span>",,,taxable,,1,,,0,0,,,,,1,,,,"Rider Gear & Garment > Camisetas",,,"https://vecsaboutique.com/wp-content/uploads/2025/08/76615A81420.avif, https://vecsaboutique.com/wp-content/uploads/2025/08/76615A81420_2.avif",,,,,,,,,0,MOTORRAD,talla,M,1,1,genero,Hombre,1,1,color,Indigo,1,1,,,,,,,,,,,,,,,,,,,,,,,,,,,,,,sync-and-show,updated,synced,1773716491,,approved,yes,yes,yes,,,,,,,,,,,,,,,,,,,,,,,,,,,,,,
20249,variation,76615B3E4D8,,"Camiseta Tipo Polo BMW Motorrad, para Hombre - L",1,0,visible,,,,,taxable,parent,1,6,,0,0,,,,,0,,,1334.83,,,,,,,76615B3E4D6,,,,,,1,,talla,L,,1,,,,,,,,,,,,,,,,,,,,,,,,,,,,,,,,,,,,,,,,synced,1773716491,,approved,,,,,,,,,,,,,,,,,,,,,,,,,,,,,,,,,
20250,variation,76615B3E4D7,,"Camiseta Tipo Polo BMW Motorrad, para Hombre - M",1,0,visible,,,,,taxable,parent,1,4,,0,0,,,,,0,,,1334.83,,,,,,,76615B3E4D6,,,,,,2,,talla,M,,1,,,,,,,,,,,,,,,,,,,,,,,,,,,,,,,,,,,,,,,,synced,1773716491,,approved,,,,,,,,,,,,,,,,,,,,,,,,,,,,,,,,,
20251,variation,,,"Camiseta Tipo Polo BMW Motorrad, para Hombre - S",1,0,visible,,,,,taxable,parent,1,6,,0,0,,,,,0,,,1334.83,,,,,,,76615B3E4D6,,,,,,3,,talla,S,,1,,,,,,,,,,,,,,,,,,,,,,,,,,,,,,,,,,,,,,,,synced,1773716491,,approved,,,,,,,,,,,,,,,,,,,,,,,,,,,,,,,,,
20252,variation,76615B3E4D9,,"Camiseta Tipo Polo BMW Motorrad, para Hombre - XL",1,0,visible,,,,,taxable,parent,1,5,,0,0,,,,,0,,,1334.83,,,,,,,76615B3E4D6,,,,,,4,,talla,XL,,1,,,,,,,,,,,,,,,,,,,,,,,,,,,,,,,,,,,,,,,,synced,1773716491,,approved,,,,,,,,,,,,,,,,,,,,,,,,,,,,,,,,,
20253,variation,76615B3E4E0,,"Camiseta Tipo Polo BMW Motorrad, para Hombre - XXL",1,0,visible,,,,,taxable,parent,1,3,,0,0,,,,,0,,,1334.83,,,,,,,76615B3E4D6,,,,,,5,,talla,XXL,,1,,,,,,,,,,,,,,,,,,,,,,,,,,,,,,,,,,,,,,,,synced,1773716491,,approved,,,,,,,,,,,,,,,,,,,,,,,,,,,,,,,,,
20254,variation,76615A81420,,"Camiseta Tipo Polo BMW Motorrad, para Hombre",1,0,visible,,,,,taxable,parent,1,1,,0,0,,,,,0,,,1426.54,,,,,,,76615A81419,,,,,,1,,talla,M,,1,genero,Hombre,,1,color,Indigo,,1,,,,,,,,,,,,,,,,,,,,,,,,,,,,,,,,synced,1773716491,Indigo,approved,,,,,,,,,,,,,,,,,,,,,,,,,,,,,,,,,
20261,variable,76615A81443,,"Camiseta Tipo Polo BMW Motorrad, para Hombre",1,0,visible,,"<span data-sheets-root=""1"">Polo clásico con estampado gráfico tricolor en los colores de BMW M.\n\nImpresión gráfica ""Motorsport"" en tres colores en la parte delantera y trasera\nEstampado ""BMW Motorrad Motorsport"" en la parte trasera\nEstampado del logotipo M en el pecho izquierdo\nEstampado del logotipo de BMW en el pecho izquierdo</span>",,,taxable,,1,,,0,0,,,,,1,,,,"Rider Gear & Garment > Camisetas",,,https://vecsaboutique.com/wp-content/uploads/2025/08/76615A81445.avif,,,,,,,,,0,MOTORRAD,talla,L,1,1,genero,Hombre,1,1,color,Blanco,1,1,,,,,,,,,,,,,,,,,,,,,,,,,,,,,,sync-and-show,created,synced,1773716491,,approved,yes,yes,yes,,,,,,,,,,,,,,,,,,,,,,,,,,,,,,
20262,variation,76615A81445,,"Camiseta Tipo Polo BMW Motorrad, para Hombre",1,0,visible,,,,,taxable,parent,1,1,,0,0,,,,,0,,,1426.54,,,,,,,76615A81443,,,,,,1,,talla,L,,1,genero,Hombre,,1,color,Blanco,,1,,,,,,,,,,,,,,,,,,,,,,,,,,,,,,,,synced,1773716491,Blanco,approved,,,,,,,,,,,,,,,,,,,,,,,,,,,,,,,,,
20265,variable,76615A81449,,"Polo Blanco BMW Motorspot, para Mujer",1,0,visible,,"<span data-sheets-root=""1"">El polo BMW Motorsport para mujer es perfecto para todos los aficionados a las motos deportivas y a la colección Motorsport que quieran añadir una prenda a su outfit diario. Su estampado colorido resalta el lado deportivo, sin dejar de ser sobrio y discreto.</span>\n\nConfeccionado en 64% algodón piqué y 36% poliéster, el polo es muy suave y cómodo.",,,taxable,,1,,,0,0,,,,,1,,,,"Life Style > Camisetas, Life Style",,,https://vecsaboutique.com/wp-content/uploads/2025/08/76615A81450.avif,,,,,,,,,0,BMW,talla,"M, S",1,1,genero,Mujer,1,1,color,Blanco,1,1,,,,,,,,,,,,,,,,,,,,,,,,,,,,,,sync-and-show,updated,synced,1773716491,,approved,yes,yes,yes,,,,,,,,,,,,,,,,,,,,,,,,,,,,,,
20266,variation,76615A81450,,"Polo Blanco BMW Motorspot, para Mujer",1,0,visible,,,,,taxable,parent,1,2,,0,0,,,,,0,,,1426.54,,,,,,,76615A81449,,,,,,2,,talla,S,,1,genero,Mujer,,1,color,Blanco,,1,,,,,,,,,,,,,,,,,,,,,,,,,,,,,,,,synced,1773716491,Blanco,approved,,,,,,,,,,,,,,,,,,,,,,,,,,,,,,,,,
20267,variation,76615A81451,,"Polo Blanco BMW Motorspot, para Mujer",1,0,visible,,,,,taxable,parent,1,1,,0,0,,,,,0,,,1426.54,,,,,,,76615A81449,,,,,,1,,talla,M,,1,genero,Mujer,,1,color,Blanco,,1,,,,,,,,,,,,,,,,,,,,,,,,,,,,,,,,synced,1773716491,Blanco,approved,,,,,,,,,,,,,,,,,,,,,,,,,,,,,,,,,
20268,variable,76615B3E4D0,,"Camiseta Tipo Polo BMW Motorrad, para Hombre",1,0,visible,,"<span data-sheets-root=""1"">Elegancia y espíritu motociclista se unen en este polo clásico de BMW Motorrad. Confeccionado en 100 % algodón orgánico, ofrece una sensación suave y transpirable que garantiza comodidad durante todo el día. Su diseño atemporal y minimalista, con las letras BMW Motorrad discretamente bordadas en el pecho izquierdo, lo convierte en una prenda versátil para el día a día o tus momentos de ocio.</span>",,,taxable,,1,,,0,0,,,,,1,,,,"Rider Gear & Garment > Camisetas, Rider Gear & Garment",,,"https://vecsaboutique.com/wp-content/uploads/2025/08/76615B3E4D0.avif, https://vecsaboutique.com/wp-content/uploads/2025/08/76615B3E4D0_2.avif",,,,,,,,,0,MOTORRAD,talla,"L, M, S, XL, XXL",1,1,genero,Hombre,1,1,color,"Azul oscuro",1,1,,,,,,,,,,,,,,,,,,,,,,,,,,,,,,sync-and-show,updated,synced,1773716491,,approved,yes,yes,yes,,,,,,,,,,,,,,,,,,,,,,,,,,,,,,
20270,variable,76615A81486,,"Camiseta BMW Motorrad, para Hombre",1,0,visible,,"<span data-sheets-root=""1"">Camiseta deportiva de manga larga de BMW Motorrad con motivo tricolor de Motorsport. Tu pasión por el automovilismo no tiene límites con esta camiseta de manga larga.</span>\n\nEstampado gráfico de tres colores en el hombro.\nEstampado ""BMW Motorrad Motorsport"" en la parte trasera\nLogotipo M y logotipo BMW estampados en el pecho.\nEstampado ""Never Stop Challenging"" en la manga derecha",,,taxable,,1,,,0,0,,,,,1,,,,"Rider Gear & Garment > Camisetas, Rider Gear & Garment",,,"https://vecsaboutique.com/wp-content/uploads/2025/08/76615A81487.avif, https://vecsaboutique.com/wp-content/uploads/2025/08/76615A81487_2.avif",,,,,,,,,0,MOTORRAD,talla,M,1,1,genero,Hombre,1,1,color,Blanco,1,1,,,,,,,,,,,,,,,,,,,,,,,,,,,,,,sync-and-show,updated,synced,1773716491,,approved,yes,yes,yes,,,,,,,,,,,,,,,,,,,,,,,,,,,,,,
20271,variation,80145B36AF5,,"Camiseta BMW Reliable Negra, unisex",1,0,visible,,,,,taxable,parent,1,1,,0,0,,,,,0,,,746.60,,,,,,,80145B36AF3,,,,,,1,,talla,L,,1,genero,Unisex,,1,color,Negro,,1,,,,,,,,,,,,,,,,,,,,,,,,,,,,,,,,synced,1773457527,Negro,approved,,,,,,,,,,,,,,,,,,,,,,,,,,,,,,,,,
20272,variation,80145B36AF4,,"Camiseta BMW Reliable Negra, unisex",1,0,visible,,,,,taxable,parent,1,2,,0,0,,,,,0,,,746.60,,,,,,,80145B36AF3,,,,,,2,,talla,M,,1,genero,Unisex,,1,color,Negro,,1,,,,,,,,,,,,,,,,,,,,,,,,,,,,,,,,synced,1773457527,Negro,approved,,,,,,,,,,,,,,,,,,,,,,,,,,,,,,,,,
20273,variation,,,"Camiseta BMW Reliable Negra, unisex",1,0,visible,,,,,taxable,parent,1,2,,0,0,,,,,0,,,746.60,,,,,,,80145B36AF3,,,,,,3,,talla,S,,1,genero,Unisex,,1,color,Negro,,1,,,,,,,,,,,,,,,,,,,,,,,,,,,,,,,,synced,1773457527,Negro,approved,,,,,,,,,,,,,,,,,,,,,,,,,,,,,,,,,
20274,variation,76615A81487,,"Camiseta BMW Motorrad, para Hombre",1,0,visible,,,,,taxable,parent,1,1,,0,0,,,,,0,,,2007.23,,,,,,,76615A81486,,,,,,1,,talla,M,,1,genero,Hombre,,1,color,Blanco,,1,,,,,,,,,,,,,,,,,,,,,,,,,,,,,,,,synced,1773716491,Blanco,approved,,,,,,,,,,,,,,,,,,,,,,,,,,,,,,,,,
20279,variation,80145B36B01,,"Camiseta Oversize BMW ARC Unisex",1,0,visible,,,,,taxable,parent,1,1,,0,0,,,,,0,,,1298.03,,,,,,,80145B36AF9,,,,,,1,,talla,L,,1,color,Rojo,,1,genero,Unisex,,1,,,,,,,,,,,,,,,,,,,,,,,,,,,,,,,,synced,1773457527,Rojo,approved,,,,,,,,,,,,,,,,,,,,,,,,,,,,,,,,,
20280,variation,80145B36B00,,"Camiseta Oversize BMW ARC Unisex",1,0,visible,,,,,taxable,parent,1,2,,0,0,,,,,0,,,1298.03,,,,,,,80145B36AF9,,,,,,2,,talla,M,,1,color,Rojo,,1,genero,Unisex,,1,,,,,,,,,,,,,,,,,,,,,,,,,,,,,,,,synced,1773457527,Rojo,approved,,,,,,,,,,,,,,,,,,,,,,,,,,,,,,,,,
20281,variation,,,"Camiseta Oversize BMW ARC Unisex",1,0,visible,,,,,taxable,parent,1,1,,0,0,,,,,0,,,1298.03,,,,,,,80145B36AF9,,,,,,3,,talla,S,,1,color,Rojo,,1,genero,Unisex,,1,,,,,,,,,,,,,,,,,,,,,,,,,,,,,,,,synced,1773457527,Rojo,approved,,,,,,,,,,,,,,,,,,,,,,,,,,,,,,,,,
20287,variation,76615A81494,,"Sudadera BMW Motorrad Soulfuel, para Hombre",1,0,visible,,,,,taxable,parent,0,0,,0,0,,,,,0,,,2007.25,,,,,,,76615A81492,,,,,,1,,talla,L,,1,genero,Hombre,,1,color,Verde,,1,,,,,,,,,,,,,,,,,,,,,,,,,,,,,,,,pending,,Verde,,,,,,,,,,,,,,,,,,,,,,,,,,,,,,,,,,
20288,variation,76615A81493,,"Sudadera BMW Motorrad Soulfuel, para Hombre",1,0,visible,,,,,taxable,parent,1,1,,0,0,,,,,0,,,2007.25,,,,,,,76615A81492,,,,,,2,,talla,M,,1,genero,Hombre,,1,color,Verde,,1,,,,,,,,,,,,,,,,,,,,,,,,,,,,,,,,synced,1773457522,Verde,approved,,,,,,,,,,,,,,,,,,,,,,,,,,,,,,,,,
20289,variation,,,"Sudadera BMW Motorrad Soulfuel, para Hombre",1,0,visible,,,,,taxable,parent,1,1,,0,0,,,,,0,,,2007.25,,,,,,,76615A81492,,,,,,3,,talla,S,,1,genero,Hombre,,1,color,Verde,,1,,,,,,,,,,,,,,,,,,,,,,,,,,,,,,,,synced,1773457522,Verde,approved,,,,,,,,,,,,,,,,,,,,,,,,,,,,,,,,,
20290,variation,76615B3E4D2,,"Camiseta Tipo Polo BMW Motorrad, para Hombre - L",1,0,visible,,,,,taxable,parent,1,6,,0,0,,,,,0,,,1334.83,,,,,,,76615B3E4D0,,,,,,1,,talla,L,,1,,,,,,,,,,,,,,,,,,,,,,,,,,,,,,,,,,,,,,,,synced,1773716491,,approved,,,,,,,,,,,,,,,,,,,,,,,,,,,,,,,,,
20291,variation,76615B3E4D1,,"Camiseta Tipo Polo BMW Motorrad, para Hombre - M",1,0,visible,,,,,taxable,parent,1,8,,0,0,,,,,0,,,1334.83,,,,,,,76615B3E4D0,,,,,,2,,talla,M,,1,,,,,,,,,,,,,,,,,,,,,,,,,,,,,,,,,,,,,,,,synced,1773716491,,approved,,,,,,,,,,,,,,,,,,,,,,,,,,,,,,,,,
20292,variation,,,"Camiseta Tipo Polo BMW Motorrad, para Hombre - S",1,0,visible,,,,,taxable,parent,1,4,,0,0,,,,,0,,,1334.83,,,,,,,76615B3E4D0,,,,,,3,,talla,S,,1,,,,,,,,,,,,,,,,,,,,,,,,,,,,,,,,,,,,,,,,synced,1773716491,,approved,,,,,,,,,,,,,,,,,,,,,,,,,,,,,,,,,
20293,variation,76615B3E4D3,,"Camiseta Tipo Polo BMW Motorrad, para Hombre - XL",1,0,visible,,,,,taxable,parent,1,5,,0,0,,,,,0,,,1334.83,,,,,,,76615B3E4D0,,,,,,4,,talla,XL,,1,,,,,,,,,,,,,,,,,,,,,,,,,,,,,,,,,,,,,,,,synced,1773716491,,approved,,,,,,,,,,,,,,,,,,,,,,,,,,,,,,,,,
20294,variation,76615B3E4D4,,"Camiseta Tipo Polo BMW Motorrad, para Hombre - XXL",1,0,visible,,,,,taxable,parent,1,3,,0,0,,,,,0,,,1334.83,,,,,,,76615B3E4D0,,,,,,5,,talla,XXL,,1,,,,,,,,,,,,,,,,,,,,,,,,,,,,,,,,,,,,,,,,synced,1773716491,,approved,,,,,,,,,,,,,,,,,,,,,,,,,,,,,,,,,
20295,variation,80145B36B22,,"Sudadera Deportiva Logo Reverse Unisex",1,0,visible,,,,,taxable,parent,1,1,,0,0,,,,,0,,,1502.12,,,,,,,80145B36B20,,,,,,1,,talla,L,,1,genero,Unisex,,1,color,Gris,,1,,,,,,,,,,,,,,,,,,,,,,,,,,,,,,,,synced,1773457527,Gris,approved,,,,,,,,,,,,,,,,,,,,,,,,,,,,,,,,,
20296,variation,80145B36B21,,"Sudadera Deportiva Logo Reverse Unisex",1,0,visible,,,,,taxable,parent,1,1,,0,0,,,,,0,,,1502.12,,,,,,,80145B36B20,,,,,,2,,talla,M,,1,genero,Unisex,,1,color,Gris,,1,,,,,,,,,,,,,,,,,,,,,,,,,,,,,,,,synced,1773457528,Gris,approved,,,,,,,,,,,,,,,,,,,,,,,,,,,,,,,,,
20297,variation,,,"Sudadera Deportiva Logo Reverse Unisex",1,0,visible,,,,,taxable,parent,1,3,,0,0,,,,,0,,,1502.12,,,,,,,80145B36B20,,,,,,3,,talla,S,,1,genero,Unisex,,1,color,Gris,,1,,,,,,,,,,,,,,,,,,,,,,,,,,,,,,,,synced,1773457528,Gris,approved,,,,,,,,,,,,,,,,,,,,,,,,,,,,,,,,,
20302,variable,76615B3E4C3,,"Chamarra Berlin Built Unisex",1,0,visible,,"<span data-sheets-root=""1"">Chamarra tipo camisa y confeccionada en lona y 100 % algodón, destaca por su diseño deportivo y llamativo. Presenta estampado de BMW Motorrad en la parte delantera y diseño con la inscripción ""Berlin Built"" en la espalda. Su corte versátil la convierten en una prenda ideal para quienes buscan comodidad sin renunciar al carácter y la autenticidad BMW Motorrad.</span>",,,taxable,,1,,,0,0,,,,,1,,,,"Rider Gear & Garment > Chamarras, Rider Gear & Garment",,,"https://vecsaboutique.com/wp-content/uploads/2025/08/76615B3E4C3.avif, https://vecsaboutique.com/wp-content/uploads/2025/08/76615B3E4C3_2.avif",,,,,,,,,0,MOTORRAD,talla,"M, S, XS",1,1,genero,Unisex,1,1,color,Verde,1,1,,,,,,,,,,,,,,,,,,,,,,,,,,,,,,sync-and-show,updated,synced,1773716491,,approved,yes,yes,yes,,,,,,,,,,,,,,,,,,,,,,,,,,,,,,
20303,variation,,,"Sudadera BMW Motorrad Motorsport, para Mujer",1,0,visible,,,,,taxable,parent,1,1,,0,0,,,,,0,,,2389.50,,,,,,,76615A81571,,,,,,1,,talla,S,,1,genero,Mujer,,1,color,Negro,,1,,,,,,,,,,,,,,,,,,,,,,,,,,,,,,,,synced,1773457522,Negro,approved,,,,,,,,,,,,,,,,,,,,,,,,,,,,,24351432057890618,,,,
20305,variation,76615B3E4C5,,"Chamarra Berlin Built Unisex - M",1,0,visible,,,,,taxable,parent,1,1,,0,0,,,,,0,,,3587.14,,,,,,,76615B3E4C3,,,,,,1,,talla,M,,1,,,,,,,,,,,,,,,,,,,,,,,,,,,,,,,,,,,,,,,,synced,1773716491,,approved,,,,,,,,,,,,,,,,,,,,,,,,,,,,,,,,,
20306,variation,76615B3E4C4,,"Chamarra Berlin Built Unisex - S",1,0,visible,,,,,taxable,parent,1,1,,0,0,,,,,0,,,3587.14,,,,,,,76615B3E4C3,,,,,,2,,talla,S,,1,,,,,,,,,,,,,,,,,,,,,,,,,,,,,,,,,,,,,,,,synced,1773716491,,approved,,,,,,,,,,,,,,,,,,,,,,,,,,,,,,,,,
20307,variation,,,"Chamarra Berlin Built Unisex - XS",1,0,visible,,,,,taxable,parent,1,1,,0,0,,,,,0,,,3587.14,,,,,,,76615B3E4C3,,,,,,3,,talla,XS,,1,,,,,,,,,,,,,,,,,,,,,,,,,,,,,,,,,,,,,,,,synced,1773716491,,approved,,,,,,,,,,,,,,,,,,,,,,,,,,,,,,,,,
20311,variable,76615B3E4A4,,"Pantalon deportivo BMW Motorrad Make Life a Ride, para Mujer",1,0,visible,,"<span data-sheets-root=""1"">Diseñados para un look cómodo y auténtico, estos pantalones deportivos forman parte de la icónica colección Make Life a Ride de BMW Motorrad. Están confeccionados en 100 % algodón orgánico ofreciendo suavidad, resistencia y transpirabilidad. Incluyen cordón ajustable en la cintura para un calce perfecto. Una prenda imprescindible para quienes viven la pasión por BMW Motorrad dentro y fuera de la carretera.</span>",,,taxable,,1,,,0,0,,,,,1,,,,"Rider Gear & Garment > Pantalones, Rider Gear & Garment",,,"https://vecsaboutique.com/wp-content/uploads/2025/08/76615B3E4A3.avif, https://vecsaboutique.com/wp-content/uploads/2025/08/76615B3E4A3_3.avif, https://vecsaboutique.com/wp-content/uploads/2025/08/76615B3E4A3_2.avif",,,,,,,,,0,MOTORRAD,talla,"M, S",1,1,genero,Mujer,1,1,color,"Azul marino",1,1,,,,,,,,,,,,,,,,,,,,,,,,,,,,,,sync-and-show,updated,synced,1773716491,,approved,yes,yes,yes,,,,,,,,,,,,,,,,,,,,,,,,,,,,,,
20312,variable,76615A815B4,,"Camisa BMW Motorrad Cord Make Life a Ride, para Mujer",1,0,visible,,"<span data-sheets-root=""1"">Camisa clásica de pana con cuello abotonado y letras Make life a ride en el pecho izquierdo.\nLetra ""Make life a ride"" en el pecho izquierdo\nLogotipo de BMW en la manga izquierda, Pana 98% algodón, 2% elastano</span>",,,taxable,,0,,,0,0,,,,,1,,,,"Rider Gear & Garment > Camisas",,,"https://vecsaboutique.com/wp-content/uploads/2025/08/76615A815B5.avif, https://vecsaboutique.com/wp-content/uploads/2025/08/76615A815B5_2.avif",,,,,,,,,0,MOTORRAD,talla,L,1,1,genero,Mujer,1,1,color,Negro,1,1,,,,,,,,,,,,,,,,,,,,,,,,,,,,,,sync-and-show,created,,,,,yes,no,yes,,,,,,,,,,,,,,,,,,,,,,,,,,,,,,
20313,variation,76615A815B7,,"Camisa BMW Motorrad Cord Make Life a Ride, para Mujer",1,0,visible,,,,,taxable,parent,0,0,,0,0,,,,,0,,,3111.77,,,,https://vecsaboutique.com/wp-content/uploads/2025/08/76615A815B5.avif,,,76615A815B4,,,,,,1,,talla,L,,1,genero,Mujer,,1,color,Negro,,1,,,,,,,,,,,,,,,,,,,,,,,,,,,,,,,,,,Negro,,,,,,,,,,,,,,,,,,,,,,,,,,,,,,,,,,
20316,variable,76615A815C0,,"Camisa BMW Motorrad Race Team, para Hombre",1,0,visible,,"Camisa Race Team caballero negroS",,,taxable,,0,,,0,0,,,,,1,,,,"Rider Gear & Garment > Camisas",Promoción,,"https://vecsaboutique.com/wp-content/uploads/2025/08/76615A815C1.avif, https://vecsaboutique.com/wp-content/uploads/2025/08/76615A815C1_2.avif",,,,,,,,,0,MOTORRAD,talla,"L, XL",1,1,genero,Hombre,1,1,color,Negro,1,1,,,,,,,,,,,,,,,,,,,,,,,,,,,,,,sync-and-show,updated,synced,1773716491,Negro,approved,yes,yes,yes,,,,,,,,,,,,,,,,,,,,,,,,,,,,,,
20317,variation,76615A815C2,,"Camisa BMW Motorrad Race Team, para Hombre",1,0,visible,,,,,taxable,parent,1,1,,0,0,,,,,0,,,2871.11,,,,,,,76615A815C0,,,,,,2,,talla,L,,1,genero,Hombre,,1,color,Negro,,1,,,,,,,,,,,,,,,,,,,,,,,,,,,,,,,,synced,1773716491,Negro,approved,,,,,,,,,,,,,,,,,,,,,,,,,,,,,,,,,
20318,variation,80145B36B28,,"Sudadera con Macrologotipo de BMW en relieve Unisex",1,0,visible,,,,,taxable,parent,1,2,,0,0,,,,,0,,,1883.67,,,,,,,80145B36B26,,,,,,1,,color,Azul,,1,talla,L,,1,genero,Unisex,,1,,,,,,,,,,,,,,,,,,,,,,,,,,,,,,,,synced,1773457528,Azul,approved,,,,,,,,,,,,,,,,,,,,,,,,,,,,,,,,,
20319,variation,,,"Sudadera con Macrologotipo de BMW en relieve Unisex",1,0,visible,,,,,taxable,parent,1,1,,0,0,,,,,0,,,1653.37,,,,,,,80145B36B26,,,,,,2,,color,Azul,,1,talla,S,,1,genero,Unisex,,1,,,,,,,,,,,,,,,,,,,,,,,,,,,,,,,,synced,1773457528,Azul,approved,,,,,,,,,,,,,,,,,,,,,,,,,,,,,,,,,
20322,variation,76615A815C3,,"Camisa BMW Motorrad Race Team, para Hombre",1,0,visible,,,,,taxable,parent,1,1,,0,0,,,,,0,,,2871.11,,,,,,,76615A815C0,,,,,,1,,talla,XL,,1,genero,Hombre,,1,color,Negro,,1,,,,,,,,,,,,,,,,,,,,,,,,,,,,,,,,synced,1773716491,Negro,approved,,,,,,,,,,,,,,,,,,,,,,,,,,,,,,,,,
20325,variation,76615B3E4A5,,"Pantalon deportivo BMW Motorrad Make Life a Ride, para Mujer - M",1,0,visible,,,,,taxable,parent,0,0,,0,0,,,,,0,,,2244.90,,,,,,,76615B3E4A4,,,,,,1,,talla,M,,1,,,,,,,,,,,,,,,,,,,,,,,,,,,,,,,,,,,,,,,,,,,,,,,,,,,,,,,,,,,,,,,,,,,,,,,,,,,,
20326,variation,,,"Pantalon deportivo BMW Motorrad Make Life a Ride, para Mujer - S",1,0,visible,,,,,taxable,parent,1,1,,0,0,,,,,0,,,2244.90,,,,,,,76615B3E4A4,,,,,,2,,talla,S,,1,,,,,,,,,,,,,,,,,,,,,,,,,,,,,,,,,,,,,,,,synced,1773716491,,approved,,,,,,,,,,,,,,,,,,,,,,,,,,,,,,,,,
20327,variable,76615A815C6,,"Camisa BMW Motorrad Race Team, para Hombre",1,0,visible,,"<span data-sheets-root=""1"">Camisa clásica del Race Team con cuello abotonado y gran estampado ""Motorsport"" en el pecho y letras ""BMW Motorrad Motorsport"" en la espalda.\nGran estampado ""Motorsport"" en el pecho izquierdo, que incluye ""BMW Motorrad Motorsport"", ""Racing like no other"" y una insignia RR\nPequeño logotipo de BMW M en el pecho derecho\nLetras grandes y verticales ""BMW Motorrad Motorsport"" en la parte trasera</span>",,,taxable,,1,,,0,0,,,,,1,,,,"Rider Gear & Garment > Camisas",,,https://vecsaboutique.com/wp-content/uploads/2025/08/76615A815C8.avif,,,,,,,,,0,MOTORRAD,talla,L,1,1,genero,Hombre,1,1,color,Blanco,1,1,,,,,,,,,,,,,,,,,,,,,,,,,,,,,,sync-and-show,updated,synced,1773111615,,approved,yes,yes,yes,,,,,default,,,,,,,,,,,,,,,,,,,,,,,,,
20328,variation,76615A815C8,,"Camisa BMW Motorrad Race Team, para Hombre",1,0,visible,,,,,taxable,parent,1,1,,0,0,,,,,0,,,2871.13,,,,,,,76615A815C6,,,,,,1,,talla,L,,1,genero,Hombre,,1,color,Blanco,,1,,,,,,,,,,,,,,,,,,,,,,,,,,,,,,,,synced,1773111615,Blanco,approved,,,,,,,,,,,,,,,,,,,,,,,,,,,,,,,,,
20330,variation,80145B36B34,,"Sudadera con capucha BMW Verlaessig Unisex",1,0,visible,,,,,taxable,parent,1,2,,0,0,,,,,0,,,1711.28,,,,,,,80145B36B32,,,,,,1,,talla,L,,1,color,Negro,,1,genero,Unisex,,1,,,,,,,,,,,,,,,,,,,,,,,,,,,,,,,,synced,1773716491,Negro,approved,,,,,,,,,,,,,,,,,,,,,,,,,,,,,,,,,
20331,variation,,,"Sudadera con capucha BMW Verlaessig Unisex",1,0,visible,,,,,taxable,parent,1,1,,0,0,,,,,0,,,1452.26,,,,,,,80145B36B32,,,,,,2,,talla,S,,1,color,Negro,,1,genero,Unisex,,1,,,,,,,,,,,,,,,,,,,,,,,,,,,,,,,,synced,1773716491,Negro,approved,,,,,,,,,,,,,,,,,,,,,,,,,,,,,,,,,
20335,variable,76615B3E498,,"Pantalon deportivo BMW Motorrad Make Life a Ride, para Hombre",1,0,visible,,"<span data-sheets-root=""1"">Con un diseño versátil y deportivo, estos pantalones pertenecen a la emblemática colección Make Life a Ride de BMW Motorrad. Incorporan el logotipo de BMW en la parte delantera y la inscripción Make Life a Ride en las perneras, reflejando el ADN de la marca. Están fabricados en 100 % algodón orgánico para brindar comodidad, resistencia y una excelente transpirabilidad. Su cintura con cordón ajustable garantiza un ajuste óptimo. Una prenda esencial para los apasionados de BMW Motorrad, ideal para el día a día o para tus momentos de ocio.</span>",,,taxable,,1,,,0,0,,,,,1,,,,"Rider Gear & Garment > Pantalones, Rider Gear & Garment",,,"https://vecsaboutique.com/wp-content/uploads/2025/08/76615B3E497.avif, https://vecsaboutique.com/wp-content/uploads/2025/08/76615B3E497_3.avif, https://vecsaboutique.com/wp-content/uploads/2025/08/76615B3E497_2.avif",,,,,,,,,0,MOTORRAD,talla,"L, M",1,1,genero,Hombre,1,1,color,"Azul marino",1,1,,,,,,,,,,,,,,,,,,,,,,,,,,,,,,sync-and-show,updated,synced,1773716491,,approved,yes,yes,yes,,,,,,,,,,,,,,,,,,,,,,,,,,,,,,
20338,variation,76615A815D3,,"Camisa BMW Motorrad  Denim, para Hombre",1,0,visible,,,,,taxable,parent,1,2,,0,0,,,,,0,,,3111.79,,,,,,,76615A815D2,,,,,,2,,talla,M,,1,genero,Hombre,,1,color,Indigo,,1,,,,,,,,,,,,,,,,,,,,,,,,,,,,,,,,synced,1774148558,Indigo,approved,,yes,yes,,,,,,,,,,,,product,,,,,,,,,,,,,,,,,,
20339,variation,76615A815D4,,"Camisa BMW Motorrad  Denim, para Hombre",1,0,visible,,"Camisa Denim caballero ndigoL",,,taxable,parent,0,0,,0,0,,,,,0,,,3111.79,,,,,,,76615A815D2,,,,,,1,,talla,L,,1,genero,Hombre,,1,color,Indigo,,1,,,,,,,,,,,,,,,,,,,,,,,,,,,,,,,,,,Indigo,,,yes,yes,,,,,,,,,,,,product,,,,,,,,,,,,,,,,,,
20340,variation,76615B3E499,,"Pantalon deportivo BMW Motorrad Make Life a Ride, para Hombre - L",1,0,visible,,,,,taxable,parent,1,1,,0,0,,,,,0,,,2244.90,,,,,,,76615B3E498,,,,,,1,,talla,L,,1,,,,,,,,,,,,,,,,,,,,,,,,,,,,,,,,,,,,,,,,synced,1773716491,,approved,,,,,,,,,,,,,,,,,,,,,,,,,,,,,,,,,
20341,variation,,,"Pantalon deportivo BMW Motorrad Make Life a Ride, para Hombre - M",1,0,visible,,,,,taxable,parent,1,2,,0,0,,,,,0,,,2244.90,,,,,,,76615B3E498,,,,,,2,,talla,M,,1,,,,,,,,,,,,,,,,,,,,,,,,,,,,,,,,,,,,,,,,synced,1773716491,,approved,,,,,,,,,,,,,,,,,,,,,,,,,,,,,,,,,
20342,variable,76615A815D8,,"Camisa BMW Motorrad  Denim, para Mujer",1,0,visible,,"<span data-sheets-root=""1"">Camisa vaquera clásica con dos bolsillos en el pecho y cuello abotonado, así como letras grandes "" BMW Motorrad Soulfuel"" en la espalda.\nAspectos destacados del producto\nPequeña etiqueta con el logo ""Drivers apparel BMW Motorrad"" en la parte inferior izquierda de la parte delantera.\nGran inscripción "" BMW Motorrad Soulfuel"" en la parte trasera,100% algodón</span>",,,taxable,,1,,,0,0,,,,,1,,,,"Rider Gear & Garment > Camisas",,,https://vecsaboutique.com/wp-content/uploads/2025/08/76615A815D9.avif,,,,,,,,,0,MOTORRAD,talla,"L, S",1,1,genero,Mujer,1,1,color,Indigo,1,1,,,,,,,,,,,,,,,,,,,,,,,,,,,,,,sync-and-show,updated,synced,1773716491,,approved,yes,yes,yes,,,,,,,,,,,,,,,,,,,,,,,,,,,,,,
20344,variation,76615A815D9,,"Camisa BMW Motorrad  Denim, para Mujer",1,0,visible,,,,,taxable,parent,1,1,,0,0,,,,,0,,,3111.77,,,,,,,76615A815D8,,,,,,2,,talla,S,,1,genero,Mujer,,1,color,Indigo,,1,,,,,,,,,,,,,,,,,,,,,,,,,,,,,,,,synced,1773716491,Indigo,approved,,,,,,,,,,,,,,,,,,,,,,,,,,,,,,,,,
20348,variation,76615A815E1,,"Camisa BMW Motorrad  Denim, para Mujer",1,0,visible,,,,,taxable,parent,1,1,,0,0,,,,,0,,,3111.77,,,,,,,76615A815D8,,,,,,1,,talla,L,,1,genero,Mujer,,1,color,Indigo,,1,,,,,,,,,,,,,,,,,,,,,,,,,,,,,,,,synced,1773716491,Indigo,approved,,,,,,,,,,,,,,,,,,,,,,,,,,,,,,,,,
20349,variation,80145B36BA4,,"Suéter BMW M Core Micro Unisex",1,0,visible,,,,,taxable,parent,1,1,,0,0,,,,,0,,,1351.05,,,,,,,80145B36BA2,,,,,,1,,talla,L,,1,color,Azul,,1,genero,Unisex,,1,,,,,,,,,,,,,,,,,,,,,,,,,,,,,,,,synced,1773457528,Azul,approved,,,,,,,,,,,,,,,,,,,,,,,,,,,,,,,,,
20350,variation,80145B36BA3,,"Suéter BMW M Core Micro Unisex",1,0,visible,,,,,taxable,parent,1,1,,0,0,,,,,0,,,1351.05,,,,,,,80145B36BA2,,,,,,2,,talla,M,,1,color,Azul,,1,genero,Unisex,,1,,,,,,,,,,,,,,,,,,,,,,,,,,,,,,,,synced,1773457528,Azul,approved,,,,,,,,,,,,,,,,,,,,,,,,,,,,,,,,,
20351,variation,,,"Suéter BMW M Core Micro Unisex",1,0,visible,,,,,taxable,parent,1,1,,0,0,,,,,0,,,1539.10,,,,,,,80145B36BA2,,,,,,3,,talla,S,,1,color,Azul,,1,genero,Unisex,,1,,,,,,,,,,,,,,,,,,,,,,,,,,,,,,,,synced,1773457528,Azul,approved,,,,,,,,,,,,,,,,,,,,,,,,,,,,,,,,,
20354,variation,80145B4C7F7,,"Camiseta Oversize BMW ARC Unisex",1,0,visible,,,,,taxable,parent,1,1,,0,0,,,,,0,,,1101.77,,,,,,,80145B4C7F5,,,,,,1,,color,Amarillo,,1,talla,L,,1,genero,Unisex,,1,,,,,,,,,,,,,,,,,,,,,,,,,,,,,,,,synced,1773457528,Amarillo,approved,,,,,,,,,,,,,,,,,,,,,,,,,,,,,,,,,
20355,variation,80145B4C7F6,,"Camiseta Oversize BMW ARC Unisex",1,0,visible,,,,,taxable,parent,1,2,,0,0,,,,,0,,,1101.77,,,,,,,80145B4C7F5,,,,,,2,,color,Amarillo,,1,talla,M,,1,genero,Unisex,,1,,,,,,,,,,,,,,,,,,,,,,,,,,,,,,,,synced,1773457528,Amarillo,approved,,,,,,,,,,,,,,,,,,,,,,,,,,,,,,,,,
20356,variation,,,"Camiseta Oversize BMW ARC Unisex",1,0,visible,,,,,taxable,parent,1,1,,0,0,,,,,0,,,1101.77,,,,,,,80145B4C7F5,,,,,,3,,color,Amarillo,,1,talla,S,,1,genero,Unisex,,1,,,,,,,,,,,,,,,,,,,,,,,,,,,,,,,,synced,1773457528,Amarillo,approved,,,,,,,,,,,,,,,,,,,,,,,,,,,,,,,,,
20363,variation,76615A81613,,"Chamarra BMW Motorrad Softshell Motorsport, Unisex",1,0,visible,,,,,taxable,parent,1,1,,0,0,,,,,0,,,4768.00,,,,,,,76615A81610,,,,,,2,,talla,L,,1,genero,Unisex,,1,color,Negro,,1,,,,,,,,,,,,,,,,,,,,,,,,,,,,,,,,synced,1773630074,Negro,approved,,,,,,,,,,,,,,,,,,,,,,,,,,,,,,,,,
20364,variation,76615A81612,,"Chamarra BMW Motorrad Softshell Motorsport, Unisex",1,0,visible,,"Chaqueta Softshell Motorsport negraM",,,taxable,parent,1,2,,0,0,,,,,0,,,4768.00,,,,,,,76615A81610,,,,,,3,,talla,M,,1,genero,Unisex,,1,color,Negro,,1,,,,,,,,,,,,,,,,,,,,,,,,,,,,,,,,synced,1773630074,Negro,approved,,,,,,,,,,,,,,,,,,,,,,,,,,,,,,,,,
20365,variation,76615A81611,,"Chamarra BMW Motorrad Softshell Motorsport, Unisex",1,0,visible,,"Chaqueta Softshell Motorsport negraS",,,taxable,parent,1,2,,0,0,,,,,0,,,4768.00,,,,,,,76615A81610,,,,,,4,,talla,S,,1,genero,Unisex,,1,color,Negro,,1,,,,,,,,,,,,,,,,,,,,,,,,,,,,,,,,synced,1773630074,Negro,approved,,,,,,,,,,,,,,,,,,,,,,,,,,,,,,,,,
20366,variation,76615A81614,,"Chamarra BMW Motorrad Softshell Motorsport, Unisex",1,0,visible,,"Chaqueta Softshell Motorsport negraXL",,,taxable,parent,1,2,,0,0,,,,,0,,,4768.00,,,,,,,76615A81610,,,,,,5,,talla,XL,,1,genero,Unisex,,1,color,Negro,,1,,,,,,,,,,,,,,,,,,,,,,,,,,,,,,,,synced,1773630074,Negro,approved,,,,,,,,,,,,,,,,,,,,,,,,,,,,,,,,,
20367,variation,80145B4C809,,"Camiseta Reflectante Unisex",1,0,visible,,,,,taxable,parent,1,1,,0,0,,,,,0,,,1101.77,,,,,,,80145B4C807,,,,,,1,,talla,L,,1,genero,Unisex,,1,color,Amarillo,,1,,,,,,,,,,,,,,,,,,,,,,,,,,,,,,,,synced,1773457528,Amarillo,approved,,,,,,,,,,,,,,,,,,,,,,,,,,,,,,,,,
20368,variation,80145B4C808,,"Camiseta Reflectante Unisex",1,0,visible,,,,,taxable,parent,1,2,,0,0,,,,,0,,,1101.77,,,,,,,80145B4C807,,,,,,2,,talla,M,,1,genero,Unisex,,1,color,Amarillo,,1,,,,,,,,,,,,,,,,,,,,,,,,,,,,,,,,synced,1773457528,Amarillo,approved,,,,,,,,,,,,,,,,,,,,,,,,,,,,,,,,,
20369,variation,,,"Camiseta Reflectante Unisex",1,0,visible,,,,,taxable,parent,1,1,,0,0,,,,,0,,,1101.77,,,,,,,80145B4C807,,,,,,3,,talla,S,,1,genero,Unisex,,1,color,Amarillo,,1,,,,,,,,,,,,,,,,,,,,,,,,,,,,,,,,synced,1773457528,Amarillo,approved,,,,,,,,,,,,,,,,,,,,,,,,,,,,,,,,,
20370,variable,76615B3E3E9,,"Camiseta BMW Motorrad Jump, para Hombre",1,0,visible,,"<span data-sheets-root=""1"">Camiseta con diseño clásico, cuello redondo destaca por un impactante estampado de una BMW GS . Fabricada con materiales de alta calidad y un corte regular que garantiza comodidad, incluye el logotipo de BMW impreso en la manga como sello de autenticidad. Ideal para llevar el espíritu aventurero de BMW Motorrad en tu día a día.</span>",,,taxable,,1,,,0,0,,,,,1,,,,"Rider Gear & Garment > Camisetas, Rider Gear & Garment",,,"https://vecsaboutique.com/wp-content/uploads/2025/08/76615B3E3E9.avif, https://vecsaboutique.com/wp-content/uploads/2025/08/76615B3E3E9_2.avif",,,,,,,,,0,MOTORRAD,talla,"L, M, S, XL",1,1,genero,Hombre,1,1,color,Azul,1,1,,,,,,,,,,,,,,,,,,,,,,,,,,,,,,sync-and-show,updated,synced,1773716491,,approved,yes,yes,yes,,,,,,,,,,,,,,,,,,,,,,,,,,,,,,
20371,variable,76615A81685,,"Camisa BMW Motorrad Race Team, para Hombre",1,0,visible,,"<span data-sheets-root=""1"">Camisa de manga corta del BMW Race Team con cuello abotonado y gran estampado ""Motorsport"" en el pecho y letras ""BMW Motorrad Motorsport"" en la espalda.\nGran estampado ""Motorsport"" en el pecho izquierdo, que incluye ""BMW Motorrad Motorsport"", ""Racing like no other"" y una insignia RR\nPequeño logotipo de BMW M en el pecho derecho\nLetras grandes y verticales ""BMW Motorrad Motorsport"" en la parte trasera</span>",,,taxable,,1,,,0,0,,,,,1,,,,"Rider Gear & Garment > Camisas, Rider Gear & Garment",,,"https://vecsaboutique.com/wp-content/uploads/2025/08/76615A81686.avif, https://vecsaboutique.com/wp-content/uploads/2025/08/76615A81686_2.avif",,,,,,,,,0,MOTORRAD,talla,S,1,1,genero,Hombre,1,1,color,Negro,1,1,,,,,,,,,,,,,,,,,,,,,,,,,,,,,,sync-and-show,updated,synced,1773716491,,approved,yes,yes,yes,,,,,,,,,,,,,,,,,,,,,,,,,,,,,,
20372,variation,,,"Camisa BMW Motorrad Race Team, para Hombre",1,0,visible,,,,,taxable,parent,1,1,,0,0,,,,,0,,,2232.09,,,,,,,76615A81685,,,,,,1,,talla,S,,1,genero,Hombre,,1,color,Negro,,1,,,,,,,,,,,,,,,,,,,,,,,,,,,,,,,,synced,1773716491,Negro,approved,,,,,,,,,,,,,,,,,,,,,,,,,,,,,,,,,
20373,variation,76615B3E3F1,,"Camiseta BMW Motorrad Jump, para Hombre - L",1,0,visible,,,,,taxable,parent,1,15,,0,0,,,,,0,,,884.47,,,,,,,76615B3E3E9,,,,,,1,,talla,L,,1,,,,,,,,,,,,,,,,,,,,,,,,,,,,,,,,,,,,,,,,synced,1773716491,,approved,,,,,,,,,,,,,,,,,,,,,,,,,,,,,,,,,
20374,variation,76615B3E3F0,,"Camiseta BMW Motorrad Jump, para Hombre - M",1,0,visible,,,,,taxable,parent,1,14,,0,0,,,,,0,,,884.47,,,,,,,76615B3E3E9,,,,,,2,,talla,M,,1,,,,,,,,,,,,,,,,,,,,,,,,,,,,,,,,,,,,,,,,synced,1773716491,,approved,,,,,,,,,,,,,,,,,,,,,,,,,,,,,,,,,
20375,variation,,,"Camiseta BMW Motorrad Jump, para Hombre - S",1,0,visible,,,,,taxable,parent,1,8,,0,0,,,,,0,,,884.47,,,,,,,76615B3E3E9,,,,,,3,,talla,S,,1,,,,,,,,,,,,,,,,,,,,,,,,,,,,,,,,,,,,,,,,synced,1773716491,,approved,,,,,,,,,,,,,,,,,,,,,,,,,,,,,,,,,
20376,variation,76615B3E3F2,,"Camiseta BMW Motorrad Jump, para Hombre - XL",1,0,visible,,,,,taxable,parent,1,8,,0,0,,,,,0,,,1010.77,,,,,,,76615B3E3E9,,,,,,4,,talla,XL,,1,,,,,,,,,,,,,,,,,,,,,,,,,,,,,,,,,,,,,,,,synced,1773716491,,approved,,,,,,,,,,,,,,,,,,,,,,,,,,,,,,,,,
20382,variable,76615B3E2E9,,"Camiseta BMW Motorrad GS de manga larga, Unisex",1,0,visible,,"<span data-sheets-root=""1"">Camiseta de manga larga con cuello redondo que destaca por su gran estampado “GS” en el pecho y la inscripción “BMW Motorrad” en la espalda. Confeccionada en 100% algodón orgánico de alta calidad, ofrece un acabado elegante y un ajuste cómodo gracias a su tejido elástico.</span>",,,taxable,,1,,,0,0,,,,,1,,,,"Rider Gear & Garment > Camisetas",,,"https://vecsaboutique.com/wp-content/uploads/2025/08/76615B3E2E9.avif, https://vecsaboutique.com/wp-content/uploads/2025/08/76615B3E2E9_2.avif, https://vecsaboutique.com/wp-content/uploads/2025/08/76615B3E2E9_3.avif",,,,,,,,,0,MOTORRAD,talla,"L, M, S, XL, XXL",1,1,genero,Unisex,1,1,color,Arena,1,1,,,,,,,,,,,,,,,,,,,,,,,,,,,,,,sync-and-show,updated,synced,1773716491,,approved,yes,yes,yes,,,,,,,,,,,,,,,,,,,,,,,,,,,,,,
20383,variation,76615B3E2F1,,"Camiseta BMW Motorrad GS de manga larga, Unisex",1,0,visible,,,,,taxable,parent,1,1,,0,0,,,,,0,,,1560.14,,,,,,,76615B3E2E9,,,,,,1,,talla,L,,1,genero,Unisex,,1,color,Arena,,1,,,,,,,,,,,,,,,,,,,,,,,,,,,,,,,,synced,1773716491,Arena,approved,,,,,,,,,,,,,,,,,,,,,,,,,,,,,,,,,
20384,variation,76615B3E2F0,,"Camiseta BMW Motorrad GS de manga larga, Unisex",1,0,visible,,,,,taxable,parent,1,2,,0,0,,,,,0,,,1560.14,,,,,,,76615B3E2E9,,,,,,2,,talla,M,,1,genero,Unisex,,1,color,Arena,,1,,,,,,,,,,,,,,,,,,,,,,,,,,,,,,,,synced,1773716491,Arena,approved,,,,,,,,,,,,,,,,,,,,,,,,,,,,,,,,,
20385,variation,,,"Camiseta BMW Motorrad GS de manga larga, Unisex",1,0,visible,,,,,taxable,parent,1,1,,0,0,,,,,0,,,1560.14,,,,,,,76615B3E2E9,,,,,,3,,talla,S,,1,genero,Unisex,,1,color,Arena,,1,,,,,,,,,,,,,,,,,,,,,,,,,,,,,,,,synced,1773716491,Arena,approved,,,,,,,,,,,,,,,,,,,,,,,,,,,,,,,,,
20386,variation,76615B3E2F2,,"Camiseta BMW Motorrad GS de manga larga, Unisex",1,0,visible,,,,,taxable,parent,1,3,,0,0,,,,,0,,,1560.14,,,,,,,76615B3E2E9,,,,,,4,,talla,XL,,1,genero,Unisex,,1,color,Arena,,1,,,,,,,,,,,,,,,,,,,,,,,,,,,,,,,,synced,1773716491,Arena,approved,,,,,,,,,,,,,,,,,,,,,,,,,,,,,,,,,
20387,variation,76615B3E2F3,,"Camiseta BMW Motorrad GS de manga larga, Unisex",1,0,visible,,,,,taxable,parent,1,3,,0,0,,,,,0,,,1560.14,,,,,,,76615B3E2E9,,,,,,5,,talla,XXL,,1,genero,Unisex,,1,color,Arena,,1,,,,,,,,,,,,,,,,,,,,,,,,,,,,,,,,synced,1773716491,Arena,approved,,,,,,,,,,,,,,,,,,,,,,,,,,,,,,,,,
20391,variable,76615B3E3D1,,"Camiseta BMW Motorrad Boxer, para Hombre",1,0,visible,,"<span data-sheets-root=""1"">Camisa con corte holgado con hombros caídos, perfecto para el uso diario, con logotipo de BMW como detalle auténtico y distintivo. Confeccionado en 100 % algodón orgánico con acabado de carbono (200 g/m²), ofrece una textura suave y una gran durabilidad.</span>",,,taxable,,1,,,0,0,,,,,1,,,,"Rider Gear & Garment > Camisetas, Rider Gear & Garment",,,"https://vecsaboutique.com/wp-content/uploads/2025/08/76615B3E3D1.avif, https://vecsaboutique.com/wp-content/uploads/2025/08/76615B3E3D1_2.avif",,,,,,,,,0,MOTORRAD,talla,"L, M, S",1,1,genero,Hombre,1,1,color,"Azul marino",1,1,,,,,,,,,,,,,,,,,,,,,,,,,,,,,,sync-and-show,updated,synced,1773716491,,approved,yes,yes,yes,,,,,,,,,,,,,,,,,,,,,,,,,,,,,,
20392,variation,76615B3E3D3,,"Camiseta BMW Motorrad Boxer, para Hombre - L",1,0,visible,,,,,taxable,parent,1,4,,0,0,,,,,0,,,1019.38,,,,,,,76615B3E3D1,,,,,,1,,talla,L,,1,,,,,,,,,,,,,,,,,,,,,,,,,,,,,,,,,,,,,,,,synced,1773716491,,approved,,,,,,,,,,,,,,,,,,,,,,,,,,,,,,,,,
20393,variation,76615B3E3D2,,"Camiseta BMW Motorrad Boxer, para Hombre - M",1,0,visible,,,,,taxable,parent,1,3,,0,0,,,,,0,,,1019.38,,,,,,,76615B3E3D1,,,,,,2,,talla,M,,1,,,,,,,,,,,,,,,,,,,,,,,,,,,,,,,,,,,,,,,,synced,1773716491,,approved,,,,,,,,,,,,,,,,,,,,,,,,,,,,,,,,,
20394,variation,,,"Camiseta BMW Motorrad Boxer, para Hombre - S",1,0,visible,,,,,taxable,parent,1,2,,0,0,,,,,0,,,1019.38,,,,,,,76615B3E3D1,,,,,,3,,talla,S,,1,,,,,,,,,,,,,,,,,,,,,,,,,,,,,,,,,,,,,,,,synced,1773716491,,approved,,,,,,,,,,,,,,,,,,,,,,,,,,,,,,,,,
20395,variable,76615B3E2F6,,"Camisa BMW Motorrad Tipo Polo GS, para Hombre",1,0,visible,,"<span data-sheets-root=""1"">Polo clásico con detalles distintivos que reflejan la pasión por la icónica serie GS. Presenta logotipos estampados en la manga, el pecho y la espalda para un estilo auténtico y deportivo. Confeccionado en 100 % algodón organico para brindar comodidad y durabilidad.</span>",,,taxable,,1,,,0,0,,,,,1,,,,"Rider Gear & Garment > Camisetas",,,"https://vecsaboutique.com/wp-content/uploads/2025/08/76615B3E2F6.avif, https://vecsaboutique.com/wp-content/uploads/2025/08/76615B3E2F6_2.avif",,,,,,,,,0,MOTORRAD,talla,"L, M, S, XL",1,1,genero,Hombre,1,1,color,Negro,1,1,,,,,,,,,,,,,,,,,,,,,,,,,,,,,,sync-and-show,created,synced,1773716491,,approved,yes,yes,yes,,,,,,,,,,,,,,,,,,,,,,,,,,,,,,
20398,variation,76615B3E2F8,,"Camisa BMW Motorrad Tipo Polo GS, para Hombre",1,0,visible,,,,,taxable,parent,1,2,,0,0,,,,,0,,,1304.96,,,,,,,76615B3E2F6,,,,,,1,,talla,L,,1,genero,Hombre,,1,color,Negro,,1,,,,,,,,,,,,,,,,,,,,,,,,,,,,,,,,synced,1773716491,Negro,approved,,,,,,,,,,,,,,,,,,,,,,,,,,,,,,,,,
20399,variation,76615B3E2F7,,"Camisa BMW Motorrad Tipo Polo GS, para Hombre",1,0,visible,,,,,taxable,parent,1,2,,0,0,,,,,0,,,1304.96,,,,,,,76615B3E2F6,,,,,,2,,talla,M,,1,genero,Hombre,,1,color,Negro,,1,,,,,,,,,,,,,,,,,,,,,,,,,,,,,,,,synced,1773716491,Negro,approved,,,,,,,,,,,,,,,,,,,,,,,,,,,,,,,,,
20400,variation,,,"Camisa BMW Motorrad Tipo Polo GS, para Hombre",1,0,visible,,,,,taxable,parent,1,2,,0,0,,,,,0,,,1304.96,,,,,,,76615B3E2F6,,,,,,3,,talla,S,,1,genero,Hombre,,1,color,Negro,,1,,,,,,,,,,,,,,,,,,,,,,,,,,,,,,,,synced,1773716491,Negro,approved,,,,,,,,,,,,,,,,,,,,,,,,,,,,,,,,,
20401,variation,76615B3E2F9,,"Camisa BMW Motorrad Tipo Polo GS, para Hombre",1,0,visible,,,,,taxable,parent,1,2,,0,0,,,,,0,,,1304.96,,,,,,,76615B3E2F6,,,,,,4,,talla,XL,,1,genero,Hombre,,1,color,Negro,,1,,,,,,,,,,,,,,,,,,,,,,,,,,,,,,,,synced,1773716491,Negro,approved,,,,,,,,,,,,,,,,,,,,,,,,,,,,,,,,,
20406,variable,76615B3E3C5,,"Camiseta BMW Motorrad Spirit Of GS, para Hombre",1,0,visible,,"<span data-sheets-root=""1"">Camiseta clásica de cuello redondo confeccionada en 100 % algodón orgánico, ofrece comodidad y estilo casual. Presenta un estampado GS destacado tanto en la parte delantera como en la trasera. Un diseño representativo para quienes quieren llevar su pasión por BMW Motorrad con orgullo.</span>",,,taxable,,1,,,0,0,,,,,1,,,,"Rider Gear & Garment > Camisetas, Rider Gear & Garment",,,"https://vecsaboutique.com/wp-content/uploads/2025/08/76615B3E3C5.avif, https://vecsaboutique.com/wp-content/uploads/2025/08/76615B3E3C5_2.avif",,,,,,,,,0,MOTORRAD,talla,"L, M, S, XL",1,1,genero,Hombre,1,1,color,Beige,1,1,,,,,,,,,,,,,,,,,,,,,,,,,,,,,,sync-and-show,updated,synced,1773716492,,approved,yes,yes,yes,,,,,,,,,,,,,,,,,,,,,,,,,,,,,,
20407,variable,76615B3E302,,"Camiseta BMW Motorrad Rugby Berlin Built, para Hombre",1,0,visible,,"<span data-sheets-root=""1"">Camiseta clásica de rugby con estilo icónico y detalles distintivos. Cuenta con el logo BMW Motorrad Twin StriPolyester (PES) en la manga y un estampado grande “Berlin Built” con el logotipo de BMW en la espalda. Fabricada con 100 % algodón orgánico, 200 g/m², corte clásico y cómodo</span>",,,taxable,,1,,,0,0,,,,,1,,,,"Rider Gear & Garment > Camisetas",,,"https://vecsaboutique.com/wp-content/uploads/2025/08/76615B3E302_.avif, https://vecsaboutique.com/wp-content/uploads/2025/08/76615B3E302-_2.avif",,,,,,,,,0,MOTORRAD,talla,"L, M, XL",1,1,genero,Hombre,1,1,color,Verde,1,1,,,,,,,,,,,,,,,,,,,,,,,,,,,,,,sync-and-show,created,synced,1773716492,,approved,yes,yes,yes,,,,,,,,,,,,,,,,,,,,,,,,,,,,,,
20408,variation,76615B3E3C7,,"Camiseta BMW Motorrad Spirit Of GS, para Hombre - L",1,0,visible,,,,,taxable,parent,1,12,,0,0,,,,,0,,,884.47,,,,,,,76615B3E3C5,,,,,,1,,talla,L,,1,,,,,,,,,,,,,,,,,,,,,,,,,,,,,,,,,,,,,,,,synced,1773716492,,approved,,,,,,,,,,,,,,,,,,,,,,,,,,,,,,,,,
20409,variation,76615B3E3C6,,"Camiseta BMW Motorrad Spirit Of GS, para Hombre - M",1,0,visible,,,,,taxable,parent,1,15,,0,0,,,,,0,,,884.47,,,,,,,76615B3E3C5,,,,,,2,,talla,M,,1,,,,,,,,,,,,,,,,,,,,,,,,,,,,,,,,,,,,,,,,synced,1773716492,,approved,,,,,,,,,,,,,,,,,,,,,,,,,,,,,,,,,
20410,variation,,,"Camiseta BMW Motorrad Spirit Of GS, para Hombre - S",1,0,visible,,,,,taxable,parent,1,8,,0,0,,,,,0,,,884.47,,,,,,,76615B3E3C5,,,,,,3,,talla,S,,1,,,,,,,,,,,,,,,,,,,,,,,,,,,,,,,,,,,,,,,,synced,1773716492,,approved,,,,,,,,,,,,,,,,,,,,,,,,,,,,,,,,,
20411,variation,76615B3E3C8,,"Camiseta BMW Motorrad Spirit Of GS, para Hombre - XL",1,0,visible,,,,,taxable,parent,1,7,,0,0,,,,,0,,,884.47,,,,,,,76615B3E3C5,,,,,,4,,talla,XL,,1,,,,,,,,,,,,,,,,,,,,,,,,,,,,,,,,,,,,,,,,synced,1773716492,,approved,,,,,,,,,,,,,,,,,,,,,,,,,,,,,,,,,
20412,variation,76615B3E304,,"Camiseta BMW Motorrad Rugby Berlin Built, para Hombre",1,0,visible,,,,,taxable,parent,1,2,,0,0,,,,,0,,,1785.19,,,,,,,76615B3E302,,,,,,1,,talla,L,,1,genero,Hombre,,1,color,Verde,,1,,,,,,,,,,,,,,,,,,,,,,,,,,,,,,,,synced,1773716492,Verde,approved,,,,,,,,,,,,,,,,,,,,,,,,,,,,,,,,,
20413,variation,76615B3E303,,"Camiseta BMW Motorrad Rugby Berlin Built, para Hombre",1,0,visible,,,,,taxable,parent,1,2,,0,0,,,,,0,,,1785.19,,,,,,,76615B3E302,,,,,,2,,talla,M,,1,genero,Hombre,,1,color,Verde,,1,,,,,,,,,,,,,,,,,,,,,,,,,,,,,,,,synced,1773716492,Verde,approved,,,,,,,,,,,,,,,,,,,,,,,,,,,,,,,,,
20414,variation,76615B3E305,,"Camiseta BMW Motorrad Rugby Berlin Built, para Hombre",1,0,visible,,,,,taxable,parent,1,2,,0,0,,,,,0,,,1785.19,,,,,,,76615B3E302,,,,,,3,,talla,XL,,1,genero,Hombre,,1,color,Verde,,1,,,,,,,,,,,,,,,,,,,,,,,,,,,,,,,,synced,1773716492,Verde,approved,,,,,,,,,,,,,,,,,,,,,,,,,,,,,,,,,
20419,variable,76615B3E3B9,,"Camiseta BMW Motorrad GS Adventure, para Hombre",1,0,visible,,"<span data-sheets-root=""1"">Camiseta de cuello redondo, fabricada con algodón 100% orgánico. Perfecta para los amantes de la aventura. Destaca por su elegante estampado de la motocicleta R 1300 GS Adventur en la parte delantera y la inscripción ""BMW Motorrad"" en la parte trasera.</span>",,,taxable,,1,,,0,0,,,,,1,,,,"Rider Gear & Garment > Camisetas, Rider Gear & Garment",,,"https://vecsaboutique.com/wp-content/uploads/2025/08/76615B3E3B9.avif, https://vecsaboutique.com/wp-content/uploads/2025/08/76615B3E3B9_2.avif",,,,,,,,,0,MOTORRAD,talla,"L, M, S, XL, XXL",1,1,genero,Hombre,1,1,color,"Azul marino",1,1,,,,,,,,,,,,,,,,,,,,,,,,,,,,,,sync-and-show,updated,synced,1773716492,,approved,yes,yes,yes,,,,,,,,,,,,,,,,,,,,,,,,,,,,,,
20420,variable,76615B3E308,,"Sudadera BMW Motorrad Boxer off white, para Hombre",1,0,visible,,"<span data-sheets-root=""1"">Esta sudadera premium combina la herencia y autenticidad de BMW Motorrad con un diseño elegante y sencillo. Con estampado BMW Motorrad Boxer en la espalda, está confeccionada en French Terry 100 % algodón orgánico, suave y resistente. Ideal para quienes aman las motos bicilíndricas y el estilo Soulfuel, es perfecta para lucir con orgullo en la ciudad o la carretera.</span>",,,taxable,,1,,,0,0,,,,,1,,,,"Rider Gear & Garment > Sudaderas",,,"https://vecsaboutique.com/wp-content/uploads/2025/08/76615B3E308.avif, https://vecsaboutique.com/wp-content/uploads/2025/08/76615B3E308_2.avif",,,,,,,,,0,MOTORRAD,talla,"L, M, XL",1,1,genero,Hombre,1,1,color,Beige,1,1,,,,,,,,,,,,,,,,,,,,,,,,,,,,,,sync-and-show,created,synced,1773716492,,approved,yes,yes,yes,,,,,,,,,,,,,,,,,,,,,,,,,,,,,,
20421,variation,76615B3E310,,"Sudadera BMW Motorrad Boxer off white, para Hombre",1,0,visible,,,,,taxable,parent,1,2,,0,0,,,,,0,,,1785.19,,,,,,,76615B3E308,,,,,,1,,talla,L,,1,genero,Hombre,,1,color,Beige,,1,,,,,,,,,,,,,,,,,,,,,,,,,,,,,,,,synced,1773716492,Beige,approved,,,,,,,,,,,,,,,,,,,,,,,,,,,,,,,,,
20422,variation,76615B3E309,,"Sudadera BMW Motorrad Boxer off white, para Hombre",1,0,visible,,,,,taxable,parent,1,2,,0,0,,,,,0,,,1785.19,,,,,,,76615B3E308,,,,,,2,,talla,M,,1,genero,Hombre,,1,color,Beige,,1,,,,,,,,,,,,,,,,,,,,,,,,,,,,,,,,synced,1773716492,Beige,approved,,,,,,,,,,,,,,,,,,,,,,,,,,,,,,,,,
20423,variation,76615B3E311,,"Sudadera BMW Motorrad Boxer off white, para Hombre",1,0,visible,,,,,taxable,parent,1,2,,0,0,,,,,0,,,1785.19,,,,,,,76615B3E308,,,,,,3,,talla,XL,,1,genero,Hombre,,1,color,Beige,,1,,,,,,,,,,,,,,,,,,,,,,,,,,,,,,,,synced,1773716492,Beige,approved,,,,,,,,,,,,,,,,,,,,,,,,,,,,,,,,,
20426,variation,76615B3E3C0,,"Camiseta BMW Motorrad GS Adventure, para Hombre - L",1,0,visible,,,,,taxable,parent,1,9,,0,0,,,,,0,,,884.47,,,,,,,76615B3E3B9,,,,,,1,,talla,L,,1,,,,,,,,,,,,,,,,,,,,,,,,,,,,,,,,,,,,,,,,synced,1773716492,,approved,,,,,,,,,,,,,,,,,,,,,,,,,,,,,,,,,
20427,variation,,,"Camiseta BMW Motorrad GS Adventure, para Hombre - M",1,0,visible,,,,,taxable,parent,1,1,,0,0,,,,,0,,,884.47,,,,,,,76615B3E3B9,,,,,,2,,talla,M,,1,,,,,,,,,,,,,,,,,,,,,,,,,,,,,,,,,,,,,,,,synced,1773716492,,approved,,,,,,,,,,,,,,,,,,,,,,,,,,,,,,,,,
20428,variation,,,"Camiseta BMW Motorrad GS Adventure, para Hombre - S",1,0,visible,,,,,taxable,parent,1,8,,0,0,,,,,0,,,884.47,,,,,,,76615B3E3B9,,,,,,3,,talla,S,,1,,,,,,,,,,,,,,,,,,,,,,,,,,,,,,,,,,,,,,,,synced,1773716492,,approved,,,,,,,,,,,,,,,,,,,,,,,,,,,,,,,,,
20429,variation,76615B3E3C1,,"Camiseta BMW Motorrad GS Adventure, para Hombre - XL",1,0,visible,,,,,taxable,parent,1,11,,0,0,,,,,0,,,884.47,,,,,,,76615B3E3B9,,,,,,4,,talla,XL,,1,,,,,,,,,,,,,,,,,,,,,,,,,,,,,,,,,,,,,,,,synced,1773716492,,approved,,,,,,,,,,,,,,,,,,,,,,,,,,,,,,,,,
20430,variation,76615B3E3C2,,"Camiseta BMW Motorrad GS Adventure, para Hombre - XXL",1,0,visible,,,,,taxable,parent,1,7,,0,0,,,,,0,,,884.47,,,,,,,76615B3E3B9,,,,,,5,,talla,XXL,,1,,,,,,,,,,,,,,,,,,,,,,,,,,,,,,,,,,,,,,,,synced,1773716492,,approved,,,,,,,,,,,,,,,,,,,,,,,,,,,,,,,,,
20431,variable,76615B3E314,,"Sudadera BMW Motorrad Boxer off white, para Mujer",1,0,visible,,"<span data-sheets-root=""1"">Esta sudadera premium combina la herencia y autenticidad de BMW Motorrad con un diseño elegante y sencillo. Con estampado BMW Motorrad Boxer en la espalda, está confeccionada en French Terry 100 % algodón orgánico, suave y resistente. Ideal para quienes aman las motos bicilíndricas y el estilo Soulfuel, es perfecta para lucir con orgullo en la ciudad o la carretera.</span>",,,taxable,,1,,,0,0,,,,,1,,,,"Rider Gear & Garment, Rider Gear & Garment > Sudaderas",,,"https://vecsaboutique.com/wp-content/uploads/2025/08/76615B3E314.avif, https://vecsaboutique.com/wp-content/uploads/2025/08/76615B3E314_2.avif",,,,,,,,,0,MOTORRAD,talla,"M, S, XS",1,1,genero,Mujer,1,1,color,Beige,1,1,,,,,,,,,,,,,,,,,,,,,,,,,,,,,,sync-and-show,updated,synced,1774062029,,approved,yes,yes,yes,,,,,,,,,,,,,,,,,,,,,,,,,,,,,,
20434,variation,76615B3E316,,"Sudadera BMW Motorrad Boxer off white, para Mujer",1,0,visible,,,,,taxable,parent,1,2,,0,0,,,,,0,,,1785.19,,,,,,,76615B3E314,,,,,,1,,talla,M,,1,genero,Mujer,,1,color,Beige,,1,,,,,,,,,,,,,,,,,,,,,,,,,,,,,,,,synced,1774062029,Beige,approved,,,,,,,,,,,,,,,,,,,,,,,,,,,,,,,,,
20435,variation,76615B3E315,,"Sudadera BMW Motorrad Boxer off white, para Mujer",1,0,visible,,,,,taxable,parent,1,4,,0,0,,,,,0,,,1785.19,,,,,,,76615B3E314,,,,,,2,,talla,S,,1,genero,Mujer,,1,color,Beige,,1,,,,,,,,,,,,,,,,,,,,,,,,,,,,,,,,synced,1774062029,Beige,approved,,,,,,,,,,,,,,,,,,,,,,,,,,,,,,,,,
20436,variation,,,"Sudadera BMW Motorrad Boxer off white, para Mujer",1,0,visible,,,,,taxable,parent,1,2,,0,0,,,,,0,,,1785.19,,,,,,,76615B3E314,,,,,,3,,talla,XS,,1,genero,Mujer,,1,color,Beige,,1,,,,,,,,,,,,,,,,,,,,,,,,,,,,,,,,synced,1774062029,Beige,approved,,,,,,,,,,,,,,,,,,,,,,,,,,,,,,,,,
20437,variable,76615B3E3B3,,"Camiseta BMW Motorrad Spirit Of GS, para Hombre",1,0,visible,,"<span data-sheets-root=""1"">Camiseta negra para hombre con un gran gráfico gris en la espalda que destaca la inscripción ""GS R1300"" junto con símbolos representativos de la aventura en motocicleta. Confeccionada en 100 % algodón orgánico con acabado carbono, ofrece comodidad y durabilidad</span>",,,taxable,,1,,,0,0,,,,,1,,,,"Rider Gear & Garment > Camisetas, Rider Gear & Garment",,,"https://vecsaboutique.com/wp-content/uploads/2025/08/76615B3E3B3.avif, https://vecsaboutique.com/wp-content/uploads/2025/08/76615B3E3B3_2.avif",,,,,,,,,0,MOTORRAD,talla,"L, M, S, XL",1,1,genero,Hombre,1,1,color,"Negro / Gris",1,1,,,,,,,,,,,,,,,,,,,,,,,,,,,,,,sync-and-show,updated,synced,1774062029,,approved,yes,yes,yes,,,,,,,,,,,,,,,,,,,,,,,,,,,,,,
20442,variation,80145B4C815,,"Sudadera Deportiva Logotipo BMW M Unisex",1,0,visible,,,,,taxable,parent,1,2,,0,0,,,,,0,,,1890.53,,,,,,,80145B4C814,,,,,,1,,talla,L,,1,color,Negro,,1,genero,Unisex,,1,,,,,,,,,,,,,,,,,,,,,,,,,,,,,,,,synced,1773457528,Negro,approved,,,,,,,,,,,,,,,,,,,,,,,,,,,,,,,,,
20443,variation,,,"Sudadera Deportiva Logotipo BMW M Unisex",1,0,visible,,,,,taxable,parent,1,1,,0,0,,,,,0,,,1890.53,,,,,,,80145B4C814,,,,,,2,,talla,M,,1,color,Negro,,1,genero,Unisex,,1,,,,,,,,,,,,,,,,,,,,,,,,,,,,,,,,synced,1773457528,Negro,approved,,,,,,,,,,,,,,,,,,,,,,,,,,,,,,,,,
20444,variation,76615B3E3B5,,"Camiseta BMW Motorrad Spirit Of GS, para Hombre - L",1,0,visible,,,,,taxable,parent,1,13,,0,0,,,,,0,,,1010.77,,,,,,,76615B3E3B3,,,,,,1,,talla,L,,1,,,,,,,,,,,,,,,,,,,,,,,,,,,,,,,,,,,,,,,,synced,1774062029,,approved,,,,,,,,,,,,,,,,,,,,,,,,,,,,,,,,,
20445,variation,76615B3E3B4,,"Camiseta BMW Motorrad Spirit Of GS, para Hombre - M",1,0,visible,,,,,taxable,parent,1,15,,0,0,,,,,0,,,1010.75,,,,,,,76615B3E3B3,,,,,,2,,talla,M,,1,,,,,,,,,,,,,,,,,,,,,,,,,,,,,,,,,,,,,,,,synced,1774062029,,approved,,,,,,,,,,,,,,,,,,,,,,,,,,,,,,,,,
20446,variation,,,"Camiseta BMW Motorrad Spirit Of GS, para Hombre - S",1,0,visible,,,,,taxable,parent,1,8,,0,0,,,,,0,,,884.47,,,,,,,76615B3E3B3,,,,,,3,,talla,S,,1,,,,,,,,,,,,,,,,,,,,,,,,,,,,,,,,,,,,,,,,synced,1774062029,,approved,,,,,,,,,,,,,,,,,,,,,,,,,,,,,,,,,
20447,variation,76615B3E3B6,,"Camiseta BMW Motorrad Spirit Of GS, para Hombre - XL",1,0,visible,,,,,taxable,parent,1,4,,0,0,,,,,0,,,1010.77,,,,,,,76615B3E3B3,,,,,,4,,talla,XL,,1,,,,,,,,,,,,,,,,,,,,,,,,,,,,,,,,,,,,,,,,synced,1774062029,,approved,,,,,,,,,,,,,,,,,,,,,,,,,,,,,,,,,
20448,variable,76615B3E323,,"Sudadera BMW Motorrad Make Life a Ride, para Mujer",1,0,visible,,"<span data-sheets-root=""1"">La sudadera BMW Make Life A Ride para mujer es una prenda clásica con el monograma BMW Motorrad centrado en el pecho. Las mangas cuentan con una banda que lleva el monograma Make Life A Ride, y en la parte superior de la espalda luce el logotipo de BMW, también centrado. Confeccionada en 100 % algodón orgánico y con una densidad de 320 g/m², esta sudadera es suave, cómoda y duradera.</span>",,,taxable,,1,,,0,0,,,,,1,,,,"Rider Gear & Garment > Sudaderas",,,"https://vecsaboutique.com/wp-content/uploads/2025/08/76615B3E323.avif, https://vecsaboutique.com/wp-content/uploads/2025/08/76615B3E323_2.avif, https://vecsaboutique.com/wp-content/uploads/2025/08/76615B3E323_3.avif",,,,,,,,,0,MOTORRAD,talla,"L, M, S",1,1,genero,Mujer,1,1,color,Negro,1,1,,,,,,,,,,,,,,,,,,,,,,,,,,,,,,sync-and-show,created,synced,1774062029,,approved,yes,yes,yes,,,,,,,,,,,,,,,,,,,,,,,,,,,,,,
20449,variable,76615B3E395,,"Camiseta BMW Motorrad R12 nineT, para Hombre",1,0,visible,,"<span data-sheets-root=""1"">Con un gráfico moderno de la motocicleta R12 nineT y una costura decorativa en la parte trasera, esta camiseta combina estilo auténtico y contemporáneo. Fabricada 100 % en algodón, ofrece una sensación cómoda, ligera y suave, perfecta para el día a día.</span>",,,taxable,,1,,,0,0,,,,,1,,,,"Rider Gear & Garment > Camisetas, Rider Gear & Garment",,,"https://vecsaboutique.com/wp-content/uploads/2025/08/76615B3E395.avif, https://vecsaboutique.com/wp-content/uploads/2025/08/76615B3E395_2.avif",,,,,,,,,0,MOTORRAD,talla,"L, M, S",1,1,genero,Hombre,1,1,color,"Verde Oliva",1,1,,,,,,,,,,,,,,,,,,,,,,,,,,,,,,sync-and-show,updated,synced,1773802831,,approved,yes,yes,yes,,,,,,,,,,,,,,,,,,,,,,,,,,,,,,
20450,variation,76615B3E326,,"Sudadera BMW Motorrad Make Life a Ride, para Mujer",1,0,visible,,,,,taxable,parent,1,1,,0,0,,,,,0,,,2010.50,,,,,,,76615B3E323,,,,,,1,,talla,L,,1,genero,Mujer,,1,color,Negro,,1,,,,,,,,,,,,,,,,,,,,,,,,,,,,,,,,synced,1774062029,Negro,approved,,,,,,,,,,,,,,,,,,,,,,,,,,,,,,,,,
20451,variation,76615B3E325,,"Sudadera BMW Motorrad Make Life a Ride, para Mujer",1,0,visible,,,,,taxable,parent,1,2,,0,0,,,,,0,,,2010.50,,,,,,,76615B3E323,,,,,,2,,talla,M,,1,genero,Mujer,,1,color,Negro,,1,,,,,,,,,,,,,,,,,,,,,,,,,,,,,,,,synced,1774062029,Negro,approved,,,,,,,,,,,,,,,,,,,,,,,,,,,,,,,,,
20452,variation,76615B3E324,,"Sudadera BMW Motorrad Make Life a Ride, para Mujer",1,0,visible,,,,,taxable,parent,1,2,,0,0,,,,,0,,,2010.50,,,,,,,76615B3E323,,,,,,3,,talla,S,,1,genero,Mujer,,1,color,Negro,,1,,,,,,,,,,,,,,,,,,,,,,,,,,,,,,,,synced,1773802831,Negro,approved,,,,,,,,,,,,,,,,,,,,,,,,,,,,,,,,,
20458,variation,,,"Sudadera con cremallera BMW MMS MT7+, para caballero",1,0,visible,,,,,taxable,parent,1,1,,0,0,,,,,0,,,1472.90,,,,,,,80145B5D042,,,,,,1,,talla,L,,1,color,Azul,,1,genero,Hombre,,1,,,,,,,,,,,,,,,,,,,,,,,,,,,,,,,,synced,1773457528,Azul,approved,,,,,,,,,,,,,,,,,,,,,,,,,,,,,,,,,
20459,variation,,,"Sudadera con cremallera BMW MMS MT7+, para caballero",1,0,visible,,,,,taxable,parent,1,1,,0,0,,,,,0,,,1472.90,,,,,,,80145B5D042,,,,,,2,,talla,M,,1,color,Azul,,1,genero,Hombre,,1,,,,,,,,,,,,,,,,,,,,,,,,,,,,,,,,synced,1773457528,Azul,approved,,,,,,,,,,,,,,,,,,,,,,,,,,,,,,,,,
20464,variation,,,"Polo BMW MMS Blue, para caballero",1,0,visible,,,,,taxable,parent,1,1,,0,0,,,,,0,,,806.11,,,,,,,80145B5D052,,,,,,1,,talla,L,,1,color,Azul,,1,genero,Hombre,,1,,,,,,,,,,,,,,,,,,,,,,,,,,,,,,,,synced,1773457528,Azul,approved,,,,,,,,,,,,,,,,,,,,,,,,,,,,,,,,,
20465,variation,,,"Polo BMW MMS Blue, para caballero",1,0,visible,,,,,taxable,parent,1,1,,0,0,,,,,0,,,806.11,,,,,,,80145B5D052,,,,,,2,,talla,M,,1,color,Azul,,1,genero,Hombre,,1,,,,,,,,,,,,,,,,,,,,,,,,,,,,,,,,synced,1773457528,Azul,approved,,,,,,,,,,,,,,,,,,,,,,,,,,,,,,,,,
20466,variation,76615B3E397,,"Camiseta BMW Motorrad R12 nineT, para Hombre - L",1,0,visible,,,,,taxable,parent,1,2,,0,0,,,,,0,,,884.47,,,,,,,76615B3E395,,,,,,1,,talla,L,,1,,,,,,,,,,,,,,,,,,,,,,,,,,,,,,,,,,,,,,,,synced,1773802831,,approved,,,,,,,,,,,,,,,,,,,,,,,,,,,,,,,,,
20467,variation,76615B3E396,,"Camiseta BMW Motorrad R12 nineT, para Hombre - M",1,0,visible,,,,,taxable,parent,1,5,,0,0,,,,,0,,,884.47,,,,,,,76615B3E395,,,,,,2,,talla,M,,1,,,,,,,,,,,,,,,,,,,,,,,,,,,,,,,,,,,,,,,,synced,1773802831,,approved,,,,,,,,,,,,,,,,,,,,,,,,,,,,,,,,,
20468,variation,,,"Camiseta BMW Motorrad R12 nineT, para Hombre - S",1,0,visible,,,,,taxable,parent,1,2,,0,0,,,,,0,,,884.47,,,,,,,76615B3E395,,,,,,3,,talla,S,,1,,,,,,,,,,,,,,,,,,,,,,,,,,,,,,,,,,,,,,,,synced,1773802831,,approved,,,,,,,,,,,,,,,,,,,,,,,,,,,,,,,,,
20471,variable,76615B3E329,,"Sudadera BMW Motorrad Make Life a Ride, para Hombre",1,0,visible,,"<span data-sheets-root=""1"">Sudadera clásica, fabricada de 100% algodón orgánico con el logo de BMW Motorrad en el pecho, la inscripción ""Make Life A Ride"" en la manga y el logotipo de BMW en la parte superior de la espalda.</span>",,,taxable,,1,,,0,0,,,,,1,,,,"Rider Gear & Garment > Sudaderas",,,"https://vecsaboutique.com/wp-content/uploads/2025/08/76615B3E329.avif, https://vecsaboutique.com/wp-content/uploads/2025/08/76615B3E329_2.avif, https://vecsaboutique.com/wp-content/uploads/2025/08/76615B3E329_3.avif",,,,,,,,,0,MOTORRAD,talla,"L, M",1,1,genero,Hombre,1,1,color,Negro,1,1,,,,,,,,,,,,,,,,,,,,,,,,,,,,,,sync-and-show,created,synced,1773802831,,approved,yes,yes,yes,,,,,,,,,,,,,,,,,,,,,,,,,,,,,,
20472,variable,76615B3E389,,"Camiseta BMW Motorrad R 18 Roctane, para Hombre",1,0,visible,,"<span data-sheets-root=""1"">La camiseta Roctane es perfecta para el día a día. Su diseño discreto te acompaña a donde vayas, reflejando tu pasión por BMW Motorrad. En la espalda, un gran estampado de una motocicleta clásica aporta un look auténtico y lleno de energía. Confeccionada en 100 % algodón lo que hace a esta camiseta suave, duradera y cómoda.</span>",,,taxable,,1,,,0,0,,,,,1,,,,"Rider Gear & Garment > Camisetas, Rider Gear & Garment",,,"https://vecsaboutique.com/wp-content/uploads/2025/08/76615B3E389.avif, https://vecsaboutique.com/wp-content/uploads/2025/08/76615B3E389_2.avif",,,,,,,,,0,MOTORRAD,talla,"L, M, S, XL",1,1,genero,Hombre,1,1,color,Blanco,1,1,,,,,,,,,,,,,,,,,,,,,,,,,,,,,,sync-and-show,updated,synced,1773802832,,approved,yes,yes,yes,,,,,,,,,,,,,,,,,,,,,,,,,,,,,,
20473,variation,80145B5D063,,"Sudadera BMW MMS Graphic/PUMA-Black, para caballero",1,0,visible,,,,,taxable,parent,1,1,,0,0,,,,,0,,,1339.44,,,,,,,80145B5D061,,,,,,1,,color,Negro,,1,talla,L,,1,genero,Hombre,,1,,,,,,,,,,,,,,,,,,,,,,,,,,,,,,,,synced,1773457528,Negro,approved,,,,,,,,,,,,,,,,,,,,,,,,,,,,,,,,,
20474,variation,,,"Sudadera BMW MMS Graphic/PUMA-Black, para caballero",1,0,visible,,,,,taxable,parent,1,2,,0,0,,,,,0,,,1339.44,,,,,,,80145B5D061,,,,,,2,,color,Negro,,1,talla,S,,1,genero,Hombre,,1,,,,,,,,,,,,,,,,,,,,,,,,,,,,,,,,synced,1773457528,Negro,approved,,,,,,,,,,,,,,,,,,,,,,,,,,,,,,,,,
20475,variation,76615B3E331,,"Sudadera BMW Motorrad Make Life a Ride, para Hombre",1,0,visible,,,,,taxable,parent,1,2,,0,0,,,,,0,,,2010.50,,,,,,,76615B3E329,,,,,,1,,talla,L,,1,genero,Hombre,,1,color,Negro,,1,,,,,,,,,,,,,,,,,,,,,,,,,,,,,,,,synced,1773802831,Negro,approved,,,,,,,,,,,,,,,,,,,,,,,,,,,,,,,,,
20476,variation,76615B3E330,,"Sudadera BMW Motorrad Make Life a Ride, para Hombre",1,0,visible,,,,,taxable,parent,1,2,,0,0,,,,,0,,,2010.50,,,,,,,76615B3E329,,,,,,2,,talla,M,,1,genero,Hombre,,1,color,Negro,,1,,,,,,,,,,,,,,,,,,,,,,,,,,,,,,,,synced,1773802831,Negro,approved,,,,,,,,,,,,,,,,,,,,,,,,,,,,,,,,,
20484,variation,76615B3E391,,"Camiseta BMW Motorrad R 18 Roctane, para Hombre - L",1,0,visible,,,,,taxable,parent,1,4,,0,0,,,,,0,,,884.47,,,,,,,76615B3E389,,,,,,1,,talla,L,,1,,,,,,,,,,,,,,,,,,,,,,,,,,,,,,,,,,,,,,,,synced,1773802831,,approved,,,,,,,,,,,,,,,,,,,,,,,,,,,,,,,,,
20485,variation,76615B3E390,,"Camiseta BMW Motorrad R 18 Roctane, para Hombre - M",1,0,visible,,,,,taxable,parent,1,2,,0,0,,,,,0,,,884.47,,,,,,,76615B3E389,,,,,,2,,talla,M,,1,,,,,,,,,,,,,,,,,,,,,,,,,,,,,,,,,,,,,,,,synced,1773802831,,approved,,,,,,,,,,,,,,,,,,,,,,,,,,,,,,,,,
20486,variation,,,"Camiseta BMW Motorrad R 18 Roctane, para Hombre - S",1,0,visible,,,,,taxable,parent,1,1,,0,0,,,,,0,,,884.47,,,,,,,76615B3E389,,,,,,3,,talla,S,,1,,,,,,,,,,,,,,,,,,,,,,,,,,,,,,,,,,,,,,,,synced,1773802831,,approved,,,,,,,,,,,,,,,,,,,,,,,,,,,,,,,,,
20487,variation,76615B3E392,,"Camiseta BMW Motorrad R 18 Roctane, para Hombre - XL",1,0,visible,,,,,taxable,parent,1,2,,0,0,,,,,0,,,884.47,,,,,,,76615B3E389,,,,,,4,,talla,XL,,1,,,,,,,,,,,,,,,,,,,,,,,,,,,,,,,,,,,,,,,,synced,1773802831,,approved,,,,,,,,,,,,,,,,,,,,,,,,,,,,,,,,,
20488,variable,76615B3E335,,"Sudadera BMW Motorrad Make Life a Ride, para Hombre",1,0,visible,,"<span data-sheets-root=""1"">Sudadera clásica de la colección más emblemática de BMW Motorrad, con logotipo BMW y monograma Make Life A Ride en pecho, mangas y espalda. Confeccionada en algodón 100% orgánico (320 g/m²), combina suavidad, durabilidad y estilo icónico.</span>",,,taxable,,1,,,0,0,,,,,1,,,,"Rider Gear & Garment > Sudaderas",,,"https://vecsaboutique.com/wp-content/uploads/2025/08/76615B3E335.avif, https://vecsaboutique.com/wp-content/uploads/2025/08/76615B3E335_2.avif, https://vecsaboutique.com/wp-content/uploads/2025/08/76615B3E335_3.avif",,,,,,,,,0,MOTORRAD,talla,L,1,1,genero,Hombre,1,1,color,Negro,1,1,,,,,,,,,,,,,,,,,,,,,,,,,,,,,,sync-and-show,updated,synced,1773802832,,approved,yes,yes,yes,,,,,,,,,,,,,,,,,,,,,,,,,,,,,,
20489,variable,76615B3E383,,"Camiseta BMW Motorrad R 18 Roctane, para Hombre",1,0,visible,,"<span data-sheets-root=""1"">La camiseta Roctane es perfecta para el día a día. Su diseño discreto te acompaña a donde vayas, reflejando tu pasión por BMW Motorrad. En la espalda, un gran estampado de una motocicleta clásica aporta un look auténtico y lleno de energía. Confeccionada en 100 % algodón lo que hace a esta camiseta suave, duradera y cómoda.</span>",,,taxable,,1,,,0,0,,,,,1,,,,"Rider Gear & Garment > Camisetas, Rider Gear & Garment",,,"https://vecsaboutique.com/wp-content/uploads/2025/08/76615B3E383.avif, https://vecsaboutique.com/wp-content/uploads/2025/08/76615B3E383_2.avif",,,,,,,,,0,MOTORRAD,talla,"L, M, S",1,1,genero,Hombre,1,1,color,Gris,1,1,,,,,,,,,,,,,,,,,,,,,,,,,,,,,,sync-and-show,updated,synced,1773802832,,approved,yes,yes,yes,,,,,,,,,,,,,,,,,,,,,,,,,,,,,,
20490,variation,76615B3E337,,"Sudadera BMW Motorrad Make Life a Ride, para Hombre",1,0,visible,,,,,taxable,parent,1,1,,0,0,,,,,0,,,2235.80,,,,,,,76615B3E335,,,,,,1,,talla,L,,1,genero,Hombre,,1,color,Negro,,1,,,,,,,,,,,,,,,,,,,,,,,,,,,,,,,,synced,1773802832,Negro,approved,,,,,,,,,,,,,,,,,,,,,,,,,,,,,,,,,
20491,variation,,,"Camiseta BMW M Motorsport M4, unisex",1,0,visible,,,,,taxable,parent,1,1,,0,0,,,,,0,,,646.15,,,,,,,80145B5D088,,,,,,1,,color,Blanco,,1,talla,L,,1,genero,Unisex,,1,,,,,,,,,,,,,,,,,,,,,,,,,,,,,,,,synced,1773716490,Blanco,approved,,,,,,,,,,,,,,,,,,,,,,,,,,,,,,,,,
20492,variation,,,"Camiseta BMW M Motorsport M4, unisex",1,0,visible,,,,,taxable,parent,1,1,,0,0,,,,,0,,,646.15,,,,,,,80145B5D088,,,,,,2,,color,Blanco,,1,talla,M,,1,genero,Unisex,,1,,,,,,,,,,,,,,,,,,,,,,,,,,,,,,,,synced,1773716490,Blanco,approved,,,,,,,,,,,,,,,,,,,,,,,,,,,,,,,,,
20493,variation,,,"Camiseta BMW M Motorsport M4, unisex",1,0,visible,,,,,taxable,parent,1,2,,0,0,,,,,0,,,646.15,,,,,,,80145B5D088,,,,,,3,,color,Blanco,,1,talla,S,,1,genero,Unisex,,1,,,,,,,,,,,,,,,,,,,,,,,,,,,,,,,,synced,1773716490,Blanco,approved,,,,,,,,,,,,,,,,,,,,,,,,,,,,,,,,,
20500,variable,76615B3E341,,"Sudadera BMW Motorrad Make Life a Ride, para Hombre",1,0,visible,,"<span data-sheets-root=""1"">Diseñada para ofrecer comodidad y un estilo auténtico, esta sudadera con capucha y cremallera está confeccionada en 100% algodón orgánico, perfecta para el día a día. Presenta la inscripción vertical Make Life a Ride junto con BMW Motorrad en la espalda, impresión BMW Motorrad en el pecho y el icónico logotipo BMW en la manga. Una prenda que combina practicidad y la pasión por las dos ruedas.</span>",,,taxable,,1,,,0,0,,,,,1,,,,"Rider Gear & Garment > Sudaderas",,,"https://vecsaboutique.com/wp-content/uploads/2025/08/76615B3E341.avif, https://vecsaboutique.com/wp-content/uploads/2025/08/76615B3E341_2.avif, https://vecsaboutique.com/wp-content/uploads/2025/08/76615B3E341_3.avif",,,,,,,,,0,MOTORRAD,talla,"L, M, XL",1,1,genero,Hombre,1,1,color,"Azul marino",1,1,,,,,,,,,,,,,,,,,,,,,,,,,,,,,,sync-and-show,created,synced,1773802832,,approved,yes,yes,yes,,,,,,,,,,,,,,,,,,,,,,,,,,,,,,
20505,variation,76615B3E343,,"Sudadera BMW Motorrad Make Life a Ride, para Hombre",1,0,visible,,,,,taxable,parent,1,3,,0,0,,,,,0,,,2235.80,,,,,,,76615B3E341,,,,,,1,,talla,L,,1,genero,Hombre,,1,color,"Azul marino",,1,,,,,,,,,,,,,,,,,,,,,,,,,,,,,,,,synced,1773802832,"Azul marino",approved,,,,,,,,,,,,,,,,,,,,,,,,,,,,,,,,,
20506,variation,76615B3E342,,"Sudadera BMW Motorrad Make Life a Ride, para Hombre",1,0,visible,,,,,taxable,parent,1,2,,0,0,,,,,0,,,2235.80,,,,,,,76615B3E341,,,,,,2,,talla,M,,1,genero,Hombre,,1,color,"Azul marino",,1,,,,,,,,,,,,,,,,,,,,,,,,,,,,,,,,synced,1773802832,"Azul marino",approved,,,,,,,,,,,,,,,,,,,,,,,,,,,,,,,,,
20507,variation,76615B3E344,,"Sudadera BMW Motorrad Make Life a Ride, para Hombre",1,0,visible,,,,,taxable,parent,1,2,,0,0,,,,,0,,,2235.80,,,,,,,76615B3E341,,,,,,3,,talla,XL,,1,genero,Hombre,,1,color,"Azul marino",,1,,,,,,,,,,,,,,,,,,,,,,,,,,,,,,,,synced,1773802832,"Azul marino",approved,,,,,,,,,,,,,,,,,,,,,,,,,,,,,,,,,
20508,variation,76615B3E385,,"Camiseta BMW Motorrad R 18 Roctane, para Hombre - L",1,0,visible,,,,,taxable,parent,1,1,,0,0,,,,,0,,,884.47,,,,,,,76615B3E383,,,,,,1,,talla,L,,1,,,,,,,,,,,,,,,,,,,,,,,,,,,,,,,,,,,,,,,,synced,1773802832,,approved,,,,,,,,,,,,,,,,,,,,,,,,,,,,,,,,,
20509,variation,76615B3E384,,"Camiseta BMW Motorrad R 18 Roctane, para Hombre - M",1,0,visible,,,,,taxable,parent,1,2,,0,0,,,,,0,,,884.47,,,,,,,76615B3E383,,,,,,2,,talla,M,,1,,,,,,,,,,,,,,,,,,,,,,,,,,,,,,,,,,,,,,,,synced,1773802832,,approved,,,,,,,,,,,,,,,,,,,,,,,,,,,,,,,,,
20510,variation,,,"Camiseta BMW Motorrad R 18 Roctane, para Hombre - S",1,0,visible,,,,,taxable,parent,1,2,,0,0,,,,,0,,,884.47,,,,,,,76615B3E383,,,,,,3,,talla,S,,1,,,,,,,,,,,,,,,,,,,,,,,,,,,,,,,,,,,,,,,,synced,1773802832,,approved,,,,,,,,,,,,,,,,,,,,,,,,,,,,,,,,,
20514,variable,76615B3E377,,"Camiseta BMW Motorrad Berlin Built, para Mujer",1,0,visible,,"<span data-sheets-root=""1"">Luce con actitud y estilo urbano con la camiseta oversize Berlin Built de BMW Motorrad. Su diseño moderno combina elegancia y funcionalidad, reflejando el ADN auténtico de la marca. Con un corte levemente entallado y cuello redondo, ofrece comodidad todo el día. Confeccionada en 100 % algodón orgánico para un tacto suave y responsable con el medio ambiente.</span>",,,taxable,,1,,,0,0,,,,,1,,,,"Rider Gear & Garment > Camisetas, Rider Gear & Garment",,,"https://vecsaboutique.com/wp-content/uploads/2025/08/76615B3E377.avif, https://vecsaboutique.com/wp-content/uploads/2025/08/76615B3E377_2.avif",,,,,,,,,0,MOTORRAD,talla,"M, S, XS",1,1,genero,Mujer,1,1,color,Negro,1,1,,,,,,,,,,,,,,,,,,,,,,,,,,,,,,sync-and-show,updated,synced,1773802832,,approved,yes,yes,yes,,,,,,,,,,,,,,,,,,,,,,,,,,,,,,
20515,variable,76615B3E353,,"Sudadera BMW Motorrad Make Life a Ride, para Mujer",1,0,visible,,"<span data-sheets-root=""1"">Comodidad y estilo en una sola prenda. Esta sudadera clásica con cremallera, confeccionada en 100% algodón orgánico, es perfecta para el uso diario o para lucir tu pasión por las motos. Con BMW Motorrad estampado en el pecho, la inscripción Make Life a Ride a lo largo de la manga y un gran logotipo BMW con letras circulares en la espalda. Una pieza versátil que refleja la esencia de la conducción.</span>",,,taxable,,1,,,0,0,,,,,1,,,,"Rider Gear & Garment > Sudaderas",,,"https://vecsaboutique.com/wp-content/uploads/2025/08/76615B3E353.avif, https://vecsaboutique.com/wp-content/uploads/2025/08/76615B3E353_2.avif, https://vecsaboutique.com/wp-content/uploads/2025/08/76615B3E353_3.avif",,,,,,,,,0,MOTORRAD,talla,"L, M",1,1,genero,Mujer,1,1,color,Negro,1,1,,,,,,,,,,,,,,,,,,,,,,,,,,,,,,sync-and-show,created,synced,1773802832,,approved,yes,yes,yes,,,,,,,,,,,,,,,,,,,,,,,,,,,,,,
20516,variation,76615B3E379,,"Camiseta BMW Motorrad Berlin Built, para Mujer - M",1,0,visible,,,,,taxable,parent,1,2,,0,0,,,,,0,,,1019.38,,,,,,,76615B3E377,,,,,,1,,talla,M,,1,,,,,,,,,,,,,,,,,,,,,,,,,,,,,,,,,,,,,,,,synced,1773802832,,approved,,,,,,,,,,,,,,,,,,,,,,,,,,,,,,,,,
20517,variation,76615B3E378,,"Camiseta BMW Motorrad Berlin Built, para Mujer - S",1,0,visible,,,,,taxable,parent,1,1,,0,0,,,,,0,,,1019.38,,,,,,,76615B3E377,,,,,,2,,talla,S,,1,,,,,,,,,,,,,,,,,,,,,,,,,,,,,,,,,,,,,,,,synced,1773802832,,approved,,,,,,,,,,,,,,,,,,,,,,,,,,,,,,,,,
20518,variation,,,"Camiseta BMW Motorrad Berlin Built, para Mujer - XS",1,0,visible,,,,,taxable,parent,1,1,,0,0,,,,,0,,,1019.38,,,,,,,76615B3E377,,,,,,3,,talla,XS,,1,,,,,,,,,,,,,,,,,,,,,,,,,,,,,,,,,,,,,,,,synced,1773802832,,approved,,,,,,,,,,,,,,,,,,,,,,,,,,,,,,,,,
20519,variation,76615B3E356,,"Sudadera BMW Motorrad Make Life a Ride, para Mujer",1,0,visible,,,,,taxable,parent,1,2,,0,0,,,,,0,,,2235.80,,,,,,,76615B3E353,,,,,,1,,talla,L,,1,genero,Mujer,,1,color,Negro,,1,,,,,,,,,,,,,,,,,,,,,,,,,,,,,,,,synced,1773802832,Negro,approved,,,,,,,,,,,,,,,,,,,,,,,,,,,,,,,,,
20520,variation,76615B3E355,,"Sudadera BMW Motorrad Make Life a Ride, para Mujer",1,0,visible,,,,,taxable,parent,1,1,,0,0,,,,,0,,,2235.80,,,,,,,76615B3E353,,,,,,2,,talla,M,,1,genero,Mujer,,1,color,Negro,,1,,,,,,,,,,,,,,,,,,,,,,,,,,,,,,,,synced,1773802832,Negro,approved,,,,,,,,,,,,,,,,,,,,,,,,,,,,,,,,,
20526,variable,76615B3E359,,"Sudadera BMW Motorrad Make Life a Ride, para Mujer",1,0,visible,,"<span data-sheets-root=""1"">Diseñada para acompañarte en cada aventura, esta sudadera clásica con capucha y cremallera combina estilo y comodidad. Confeccionada en 100% algodón organico , ofrece una sensación suave y resistente. Presenta letras BMW Motorrad en el pecho, el logotipo BMW en la manga y el icónico lema Make Life a Ride en degradado en la espalda. Perfecta para quienes viven el motociclismo como un estilo de vida.</span>",,,taxable,,1,,,0,0,,,,,1,,,,"Rider Gear & Garment > Sudaderas",,,"https://vecsaboutique.com/wp-content/uploads/2025/08/76615B3E359_.avif, https://vecsaboutique.com/wp-content/uploads/2025/08/76615B3E359-_2.avif, https://vecsaboutique.com/wp-content/uploads/2025/08/76615B3E359-_3.avif",,,,,,,,,0,MOTORRAD,talla,"L, M",1,1,genero,Mujer,1,1,color,"Azul marino",1,1,,,,,,,,,,,,,,,,,,,,,,,,,,,,,,sync-and-show,created,synced,1773802832,,approved,yes,yes,yes,,,,,,,,,,,,,,,,,,,,,,,,,,,,,,
20527,variation,76615B3E362,,"Sudadera BMW Motorrad Make Life a Ride, para Mujer",1,0,visible,,,,,taxable,parent,1,1,,0,0,,,,,0,,,2235.80,,,,,,,76615B3E359,,,,,,1,,talla,L,,1,genero,Mujer,,1,color,"Azul marino",,1,,,,,,,,,,,,,,,,,,,,,,,,,,,,,,,,synced,1773802832,"Azul marino",approved,,,,,,,,,,,,,,,,,,,,,,,,,,,,,,,,,
20528,variation,76615B3E361,,"Sudadera BMW Motorrad Make Life a Ride, para Mujer",1,0,visible,,,,,taxable,parent,1,2,,0,0,,,,,0,,,2235.80,,,,,,,76615B3E359,,,,,,2,,talla,M,,1,genero,Mujer,,1,color,"Azul marino",,1,,,,,,,,,,,,,,,,,,,,,,,,,,,,,,,,synced,1773802832,"Azul marino",approved,,,,,,,,,,,,,,,,,,,,,,,,,,,,,,,,,
20530,variable,76615B3E371,,"Camiseta BMW Motorrad Berlin Built, para Hombre",1,0,visible,,"<span data-sheets-root=""1"">Ideal para el uso diario, esta camiseta BMW Motorrad Berlin Built combina un diseño discreto con un gran estampado ""BMW Motorrad Boxer"" perfecta para quienes buscan un estilo moderno con un toque Heritage.Confeccionada en 100 % algodón orgánico, esta camiseta es suave, cómoda y duradera.</span>",,,taxable,,1,,,0,0,,,,,1,,,,"Rider Gear & Garment > Camisetas, Rider Gear & Garment",,,"https://vecsaboutique.com/wp-content/uploads/2025/08/76615B3E371.avif, https://vecsaboutique.com/wp-content/uploads/2025/08/76615B3E371_2.avif",,,,,,,,,0,MOTORRAD,talla,"L, S",1,1,genero,Hombre,1,1,color,Negro,1,1,,,,,,,,,,,,,,,,,,,,,,,,,,,,,,sync-and-show,updated,synced,1773802832,,approved,yes,yes,yes,,,,,,,,,,,,,,,,,,,,,,,,,,,,,,
20534,variable,76615B3E365,,"Sudadera BMW Motorrad Make Life a Ride, para Mujer",1,0,visible,,"<span data-sheets-root=""1"">Diseñada para acompañarte en cada aventura, esta sudadera clásica con capucha y cremallera combina estilo y comodidad. Confeccionada en 100% algodón organico , ofrece una sensación suave y resistente. Presenta letras BMW Motorrad en el pecho, el logotipo BMW en la manga y el icónico lema Make Life a Ride en degradado en la espalda. Perfecta para quienes viven el motociclismo como un estilo de vida.</span>",,,taxable,,1,,,0,0,,,,,1,,,,"Rider Gear & Garment > Sudaderas",,,"https://vecsaboutique.com/wp-content/uploads/2025/08/76615B3E365.avif, https://vecsaboutique.com/wp-content/uploads/2025/08/76615B3E365_2.avif, https://vecsaboutique.com/wp-content/uploads/2025/08/76615B3E365_3.avif",,,,,,,,,0,MOTORRAD,talla,"L, M",1,1,genero,Mujer,1,1,color,Blanco,1,1,,,,,,,,,,,,,,,,,,,,,,,,,,,,,,sync-and-show,created,synced,1773802832,,approved,yes,yes,yes,,,,,,,,,,,,,,,,,,,,,,,,,,,,,,
20535,variation,76615B3E373,,"Camiseta BMW Motorrad Berlin Built, para Hombre - L",1,0,visible,,,,,taxable,parent,1,1,,0,0,,,,,0,,,1019.38,,,,,,,76615B3E371,,,,,,1,,talla,L,,1,,,,,,,,,,,,,,,,,,,,,,,,,,,,,,,,,,,,,,,,synced,1773802832,,approved,,,,,,,,,,,,,,,,,,,,,,,,,,,,,,,,,
20536,variation,,,"Camiseta BMW Motorrad Berlin Built, para Hombre - S",1,0,visible,,,,,taxable,parent,1,1,,0,0,,,,,0,,,1019.38,,,,,,,76615B3E371,,,,,,2,,talla,S,,1,,,,,,,,,,,,,,,,,,,,,,,,,,,,,,,,,,,,,,,,synced,1773802832,,approved,,,,,,,,,,,,,,,,,,,,,,,,,,,,,,,,,
20539,variation,76615B3E368,,"Sudadera BMW Motorrad Make Life a Ride, para Mujer",1,0,visible,,,,,taxable,parent,1,1,,0,0,,,,,0,,,2235.80,,,,,,,76615B3E365,,,,,,1,,talla,L,,1,genero,Mujer,,1,color,Blanco,,1,,,,,,,,,,,,,,,,,,,,,,,,,,,,,,,,synced,1773802832,Blanco,approved,,,,,,,,,,,,,,,,,,,,,,,,,,,,,,,,,
20540,variation,76615B3E367,,"Sudadera BMW Motorrad Make Life a Ride, para Mujer",1,0,visible,,,,,taxable,parent,1,1,,0,0,,,,,0,,,2235.80,,,,,,,76615B3E365,,,,,,2,,talla,M,,1,genero,Mujer,,1,color,Blanco,,1,,,,,,,,,,,,,,,,,,,,,,,,,,,,,,,,synced,1773802832,Blanco,approved,,,,,,,,,,,,,,,,,,,,,,,,,,,,,,,,,
20576,variation,,,"Botas para motociclista  BMW Motorrad Pro Race Comp GTX, Unisex",1,0,visible,,,,,taxable,parent,0,0,,0,0,,,,,0,,,13249.16,,,,,,,76225A869D8,,,,,,1,,talla,25,,1,genero,Unisex,,1,color,Negro,,1,,,,,,,,,,,,,,,,,,,,,,,,,,,,,,,,,,Negro,,,,,,,,,,,,,,,,,,,,,,,,,,,,,,,,,,
20577,variation,,,"Botas para motociclista  BMW Motorrad Gavia AIR, Unisex",1,0,visible,,,,,taxable,parent,0,0,,0,0,,,,,0,,,7332.06,,,,,,,76225A808E2,,,,,,1,,talla,24,,1,genero,Unisex,,1,color,Gris,,1,,,,,,,,,,,,,,,,,,,,,,,,,,,,,,,,,,Gris,,,,,,,,,,,,,,,,,,,,,,,,,,,,,,,,,,
20578,variation,,,"Botas para motociclista  BMW Motorrad Treptow GTX, para Hombre",1,0,visible,,,,,taxable,parent,0,0,,0,0,,,,,0,,,8432.86,,,,,,,76225A808C6,,,,,,1,,talla,26,,1,genero,Hombre,,1,color,Negro,,1,,,,,,,,,,,,,,,,,,,,,,,,,,,,,,,,,,Negro,,,,,,,,,,,,,,,,,,,,,,,,,,,,,,,,,,
20579,variation,,,"Guantes para motociclista BMW Motorrad GS Rallye, Unisex",1,0,visible,,,,,taxable,parent,0,0,,0,0,,,,,0,,,2845.97,,,,,,,76215B3D054,,,,,,1,,talla,6,,1,genero,Unisex,,1,color,Arena,,1,,,,,,,,,,,,,,,,,,,,,,,,,,,,,,,,,,Arena,,,,,,,,,,,,,,,,,,,,,,,,,,,,,,,,,,
20580,variation,76227913867,,"Tenis para motociclista BMW Motorrad Seoul GTX, Unisex",1,0,visible,,"Zapatillas Seoul GTX negras43",,,taxable,parent,0,0,,0,0,,,,,0,,,7050.08,,,,https://vecsaboutique.com/wp-content/uploads/2024/11/76227913865.avif,,,76227913861,,,,,,2,,talla,27,,1,genero,Unisex,,1,color,Negro,,1,,,,,,,,,,,,,,,,,,,,,,,,,,,,,,,,,,Negro,,,,,,,,,,,,,,,,,,,,,,,,,,,,,,,,,,
20581,simple,36116855108,,"Rin Cosmos Spoke  7Jx17 ET:54 MINI",1,0,visible,,"<span data-sheets-root=""1"">Este es un rin de 17"" de aluminio con un ancho de 7. Tiene 5 orificios para pernos y un patrón de 112 mm. El desplazamiento de esta llanta es de 54 mm.</span>",,,taxable,,1,1,,0,0,,,,,1,,,7831.08,"Llantas y rines > Rines",,,https://vecsaboutique.com/wp-content/uploads/2025/08/36116855108.avif,,,,,,,,,0,MINI,color,Plata,1,1,,,,,,,,,,,,,,,,,,,,,,,,,,,,,,,,,,,,,,sync-and-show,updated,synced,1774062029,Plata,approved,,,,,,,,,,,,,,,,,,,,,,,,,,,,,,,,,
20583,simple,36122447401,,"Juego tapones de válvula BMW",1,0,visible,,"<span data-sheets-root=""1"">Las tapas de válvula de neumáticos son el accesorio perfecto para cualquier entusiasta de BMW. Diseñadas para funcionar con los últimos sistemas de monitoreo de presión de neumáticos, estas tapas ligeras de primera calidad están diseñadas para el estilo y la durabilidad. Con el logotipo característico de la insignia redonda de BMW, se suministran en un juego de cuatro.</span>",,,taxable,,1,6,,0,0,,,,,1,,,647.19,"Accesorios para vehiculo, Llantas y rines",,,"https://vecsaboutique.com/wp-content/uploads/2025/08/36122447401.avif, https://vecsaboutique.com/wp-content/uploads/2025/08/36122447401_1.avif",,,,,,,,,0,BMW,,,,,,,,,,,,,,,,,,,,,,,,,,,,,,,,,,,,,,,,,,sync-and-show,created,synced,1774062029,,approved,,,,,,,,,,,,,,,,,,,,,,,,,,,,,,,,,
20588,simple,83225A4F016,,"Aceite de transmisión 4WD DTF 1, 1L",1,0,visible,,"<span data-sheets-root=""1"">El líquido de caja de transmision original BMW DTF-1, es un aceite formulado específicamente para los sistemas de tracción total xDrive de BMW para garantizar un funcionamiento suave, una lubricación adecuada y protección contra el desgaste.</span>\n\n<span data-sheets-root=""1"">Para garantizar la compatibilidad de este producto con su vehículo por favor envíenos un mensaje con los últimos 7 digitos de su VIN, antes de realizar el pago.</span>",,,taxable,,1,1,,0,0,,,,,1,,,1105.10,"Clean & Care > Aceites",,,https://vecsaboutique.com/wp-content/uploads/2025/08/83225A4F016.avif,,,,,,,,,0,,,,,,,,,,,,,,,,,,,,,,,,,,,,,,,,,,,,,,,,,,,sync-and-show,updated,synced,1774062029,,approved,,,,,,,,,,,,,,,,,,,,,,,,,,,,,,,,,
20591,simple,36317108158,,"Rin Carbono Delantero 3.5x17 (TAPE)",1,0,visible,,"<span data-sheets-root=""1"">Rin Carbono Delantero 3.5x17 (TAPE)</span>",,,taxable,,1,1,,0,0,,,,,1,,,78438.69,"Llantas y rines > Rines",,,https://vecsaboutique.com/wp-content/uploads/2025/08/bmw-carbon-front-rim-35-x-17-tape-s1000rr-k67-m1000r-1.avif,,,,,,,,,0,MOTORRAD,,,,,,,,,,,,,,,,,,,,,,,,,,,,,,,,,,,,,,,,,,sync-and-show,created,synced,1774062029,,approved,,,,,,,,,,,,,,,,,,,,,,,,,,,,,,,,,
20593,simple,77441541705,,"Respaldo Acolchado para Topcase de Aluminio",1,0,visible,,"<span data-sheets-root=""1"">Con el cojín trasero de la caja superior de aluminio, disfruta de una mayor comodidad, tanto en viajes cortos como en recorridos largos.\nMontaje sencillo mediante pegado\nColor: Negro\nVolumen de suministro: 1× juego de cojines de respaldo\nAdecuado para los modelos de la serie R1300GS Adventure</span>\n\n&nbsp;\n\n<span data-sheets-root=""1"">R1300 GS/GSA</span>",,,taxable,,1,3,,0,0,,,,,1,,,2252.57,"Accesorios para vehiculo > Maletas y Alforjas",,,"https://vecsaboutique.com/wp-content/uploads/2025/08/77441541705.avif, https://vecsaboutique.com/wp-content/uploads/2025/08/77441541705_2.avif",,,,,,,,,0,MOTORRAD,,,,,,,,,,,,,,,,,,,,,,,,,,,,,,,,,,,,,,,,,,sync-and-show,created,synced,1774062029,,approved,,,,,,,,,,,,,,,,,,,,,,,,,,,,,,,,,
20596,simple,36125A6AA71,,"Llanta Vredestein Ultrac 205/65 R17 100Y",1,0,visible,,"<span data-sheets-root=""1"">Ultrac es un neumático de verano fabricado por Vredestein en colaboración con Giugiaro Design. La solución de silano sílice del compuesto de la banda de rodadura aumenta la adherencia del neumático en carreteras mojadas. Reduce la resistencia al rodaje y proporciona mayor kilometraje. El control excepcional en carreteras mojadas y secas se obtiene a través de la estructura ""Ultimate Handling Construction (UHC)"" del neumático. El flanco resistente y la estructura del talón, con máxima anchura, ofrecen un control óptimo, una excelente respuesta de la dirección y una buena estabilidad del vehículo. El sistema ""Centre Shift System (CSS)"", situado en el centro del neumático, reduce el nivel de ruido cambiando las partes derecha e izquierda de la banda de rodadura en función de la sección central. El diseño excepcional de Ultrac también complementa el aspecto del vehículo.\nRin:17 Ancho: 205 Perfil: 65</span>",,,taxable,,1,1,,0,0,,,,,1,,,3648.86,"Llantas y rines > Llantas",,,https://vecsaboutique.com/wp-content/uploads/2025/08/36125A6AA71.avif,,,,,,,,,0,BMW,,,,,,,,,,,,,,,,,,,,,,,,,,,,,,,,,,,,,,,,,,sync-and-show,created,synced,1774062029,,approved,,,,,,,,,,,,,,,,,,,,,,,,,,,,,,,,,
20598,variation,,,"Camiseta Logo tonal BMW, para caballero",1,0,visible,,,,,taxable,parent,1,3,,0,0,,,,,0,,,875.49,,,,,,,80142864060,,,,,,2,,talla,S,,1,color,"Azul marino",,1,genero,Hombre,,1,,,,,,,,,,,,,,,,,,,,,,,,,,,,,,,,synced,1773630073,"Azul marino",approved,,,,,,,,,,,,,,,,,,,,,,,,,,,,,,,,,
20599,variation,,,"Camiseta Logo tonal BMW, para caballero",1,0,visible,,,,,taxable,parent,0,0,,0,0,,,,,0,,,875.49,,,,,,,80142864060,,,,,,1,,talla,L,,1,color,"Azul marino",,1,genero,Hombre,,1,,,,,,,,,,,,,,,,,,,,,,,,,,,,,,,,pending,1756165474,"Azul marino",,,,,,,,,,,,,,,,,,,,,,,,,,,,,,,,,,
20600,variation,,,"Guantes para motociclista  BMW Motorrad Furka GTX antracita, Unisex",1,0,visible,,,,,taxable,parent,0,0,,0,0,,,,,0,,,5778.11,,,,,,,76218536374,,,,,,1,,talla,6,,1,genero,Unisex,,1,color,Negro,,1,,,,,,,,,,,,,,,,,,,,,,,,,,,,,,,,,,Negro,,,,,,,,,,,,,,,,,,,,,,,,,,,,,,,,,,
20601,variation,,,"Camiseta BMW Motorrad Spirit of GS, para Hombre",1,0,visible,,,,,taxable,parent,0,0,,0,0,,,,,0,,,1104.80,,,,,,,76617109949,,,,,,1,,talla,S,,1,color,"Verde Oliva",,1,genero,Hombre,,1,,,,,,,,,,,,,,,,,,,,,,,,,,,,,,,,,,"Verde Oliva",,,,,,,,,,,,,,,,,,,,,,,,,,,,,,,,,,
20602,simple,83222344589,,"Aceite de transmisión MTF2 1L",1,0,visible,,"<span data-sheets-root=""1"">El líquido de la transmisión manual es un fluido que no solo lubrica los engranajes, sino que tiene un efecto significativo en el rendimiento del cambio. Una transmisión que es difícil de cambiar cuando hace frío podría ser el resultado del líquido de transmisión que necesita ser reemplazado.\nDebe tener una etiqueta de servicio MTF-2 en la transmisión.</span>\n\n<span data-sheets-root=""1"">Para garantizar la compatibilidad de este producto con su vehículo por favor envíenos un mensaje con los últimos 7 digitos de su VIN, antes de realizar el pago.</span>",,,taxable,,0,0,,0,0,,,,,1,,,736.59,"Clean & Care > Aceites",,,https://vecsaboutique.com/wp-content/uploads/2025/08/83222344589.avif,,,,,,,,,0,BMW,,,,,,,,,,,,,,,,,,,,,,,,,,,,,,,,,,,,,,,,,,sync-and-show,updated,,,,,,,,,,,,,,,,,,,,,,,,,,,,,,1761844077,,,,,,,
20605,variation,,,"Camiseta BMW Motorrad Big Boxer, para Hombre - S",1,0,visible,,,,,taxable,parent,0,0,,0,0,,,,,0,,,1104.80,,,,,,,76618536530,,,,,,1,,talla,S,,1,,,,,,,,,,,,,,,,,,,,,,,,,,,,,,,,,,,,,,,,,,,,,yes,yes,,,,,,,,,,,,product,,,,,,,,,,,,,,,,,,
20606,variation,,,"Pantalón para motociclista BMW Motorrad Gore-Tex Xride, para Hombre",1,0,visible,,,,,taxable,parent,0,0,,0,0,,,,,0,,,16618.74,,,,,,,76117913506,,,,,,1,,talla,31,,1,genero,Hombre,,1,color,Negro,,1,,,,,,,,,,,,,,,,,,,,,,,,,,,,,,,,,,Negro,,,,,,,,,,,,,,,,,,,,,,,,,,,,,,,,,,
20607,variation,,,"Chaleco BMW Motorrad Cool Down, Unisex",1,0,visible,,,,,taxable,parent,0,0,,0,0,,,,,0,,,2918.61,,,,,,,76428504311,,,,,,1,,talla,XS,,1,genero,Unisex,,1,color,Negro,,1,,,,,,,,,,,,,,,,,,,,,,,,,,,,,,,,,,Negro,,,yes,yes,,,,,,,,,,,,product,,,,,,,,,,,,,,,,,,
20608,variation,,,"Tenis para motociclista BMW Motorrad Seoul GTX, Unisex",1,0,visible,,,,,taxable,parent,0,0,,0,0,,,,,0,,,7050.08,,,,,,,76227913874,,,,,,1,,talla,24,,1,genero,Unisex,,1,color,Blanco,,1,,,,,,,,,,,,,,,,,,,,,,,,,,,,,,,,,,Blanco,,,,,,,,,,,,,,,,,,,,,,,,,,,,,,,,,,
20609,variation,,,"Tenis para motociclista BMW Motorrad Seoul GTX, Unisex",1,0,visible,,,,,taxable,parent,0,0,,0,0,,,,,0,,,,,,,,,,76227913861,,,,,,1,,talla,24,,1,genero,Unisex,,1,color,Negro,,1,,,,,,,,,,,,,,,,,,,,,,,,,,,,,,,,,,Negro,,,,,,,,,,,,,,,,,,,,,,,,,,,,,,,,,,
20610,variation,,,"Botas para motociclista BMW Motorrad Gotthard GTX, Unisex - 24, Negro",1,0,visible,,,,,taxable,parent,0,0,,0,0,,,,,0,,,11558.54,,,,,,,76227913910,,,,,,2,,talla,24,,1,color,Negro,,1,,,,,,,,,,,,,,,,,,,,,,,,,,,,,,,,,,,,,,Negro,,,,,,,,,,,,,,,,,,,,,,,,,,,,,,,,,,
20611,variation,,,"Botas para motociclista BMW Motorrad Gotthard GTX, Unisex - 29, Negro",1,0,visible,,,,,taxable,parent,0,0,,0,0,,,,,0,,,11558.54,,,,,,,76227913910,,,,,,1,,talla,29,,1,color,Negro,,1,,,,,,,,,,,,,,,,,,,,,,,,,,,,,,,,,,,,,,Negro,,,,,,,,,,,,,,,,,,,,,,,,,,,,,,,,,,
20612,variation,,,"Pantalón para motociclista BMW Motorrad GS Rallye AIR, para Hombre",1,0,visible,,,,,taxable,parent,0,0,,0,0,,,,,0,,,11317.88,,,,,,,76115A80CE2,,,,,,1,,talla,30,,1,genero,Hombre,,1,color,Negro,,1,,,,,,,,,,,,,,,,,,,,,,,,,,,,,,,,,,Negro,,,,,,,,,,,,,,,,,,,,,,,,,,,,,,,,,,
20613,variation,,,"Guantes para motociclista BMW Motorrad GS Rallye, Unisex - 6, Unisex",1,0,visible,,,,,taxable,parent,0,0,,0,0,,,,,0,,,2630.45,,,,,,,76217913922,,,,,,1,,talla,6,,1,genero,Unisex,,1,,,,,,,,,,,,,,,,,,,,,,,,,,,,,,,,,,,,,,,,,,,,,,,,,,,,,,,,,,,,,,,,,,,,,,,,
20614,variation,,,"Chamarra para motociclista BMW Motorrad Downforce, para Hombre",1,0,visible,,,,,taxable,parent,0,0,,0,0,,,,,0,,,14933.49,,,,,,,76125A80E23,,,,,,1,,talla,30,,1,genero,Hombre,,1,color,Negro,,1,,,,,,,,,,,,,,,,,,,,,,,,,,,,,,,,,,Negro,,,,,,,,,,,,,,,,,,,,,,,,,,,,,,,,,,
20615,simple,36125A88B29,,"Llanta Continental PremiumContact 6 SSR 315/35 R22 111Y BMW",1,0,visible,,"<span data-sheets-root=""1"">Nuestra llanta PremiumContact 6, con su compuesto de sílice, asegura un agarre constante tanto en carreteras secas como mojadas. Gracias a una superficie de contacto mejorada y una banda de rodadura más rígida, no solo reducimos el ruido interior, sino que también mejoramos la eficiencia en el kilometraje y la comodidad\nRin:22 Ancho: 315 Perfil: 35</span>",,,taxable,,1,1,,0,0,,,,,1,,,14636.27,"Llantas y rines > Llantas",,,https://vecsaboutique.com/wp-content/uploads/2025/08/36125A88B29.avif,,,,,,,,,0,BMW,,,,,,,,,,,,,,,,,,,,,,,,,,,,,,,,,,,,,,,,,,sync-and-show,created,synced,1774062029,,approved,,,,,,,,,,,,,,,,,,,,,,,,,,,,,,,,,
20617,variable,76117913480,,"Chamarra BMW Motorrad para motociclista XRide GTX, para hombre",1,0,visible,,"<span data-sheets-root=""1"">Placer de conducción deportiva o aventura de larga distancia: la chaqueta blanca XRide convence por sus amplias características de protección y su alto nivel de comodidad de uso.\nChamarra versátil perfecta para hacer turismo.\nMezcla de materiales y diseño creado para la máxima libertad de movimiento.\nIImpermeable (columna de agua: 10.000 mm) y a prueba de viento con un tamaño de embalaje pequeño.\nAjuste regular deportivo.\nProtectores NP3 ajustables y extraíbles en hombros, codos y espalda.\nEstampado reflectante en la parte superior de los brazos y en la parte posterior de la chaqueta Outsert.\nClase de protección AA.\nCuero duradero forrado con tejido elástico en los hombros y brazos para una libertad de movimiento óptima.\nLos recortes de cuero especialmente posicionados son pliegues ergonómicos.\nNo es necesario ajustar gracias a los banes elásticos en la parte superior de los brazos y la cintura.\nSistema AirVent en la parte delantera con cierre de doble cremallera para una ventilación óptima.\nEl forro de malla de aire 3D en la parte posterior mejora aún más la circulación del aire.\nPasamontañas impermeable integrado en el cuello de la chaqueta Outsert.\nMaterial exterior elástico y resistente a la abrasión.\nCuatro bolsillos delanteros, uno es hermético. Un bolsillo trasero. Dos bolsillos interiores.\nMaterial exterior 1: 100 % piel de vaca\nMaterial exterior 2: 95% poliamida, 5% spandex\nForr: 100% poliéster</span>",,,taxable,,1,,,0,0,,,,,1,,,,"Rider Gear & Garment > Chamarras",,,"https://vecsaboutique.com/wp-content/uploads/2025/08/76117913484.avif, https://vecsaboutique.com/wp-content/uploads/2025/08/76117913484_2.avif, https://vecsaboutique.com/wp-content/uploads/2025/08/76117913484_5.avif, https://vecsaboutique.com/wp-content/uploads/2025/08/76117913484_4.avif, https://vecsaboutique.com/wp-content/uploads/2025/08/76117913484_3.avif",,,,,,,,,0,MOTORRAD,talla,38,1,1,genero,Hombre,1,1,color,"Negro / Plata",1,1,,,,,,,,,,,,,,,,,,,,,,,,,,,,,,sync-and-show,created,synced,1774062029,,approved,yes,yes,yes,,,,,,,,,,,,,,,,,,,,,,,,,,,,,,
20618,variation,76117913484,,"Chamarra BMW Motorrad para motociclista XRide GTX, para hombre",1,0,visible,,,,,taxable,parent,1,1,,0,0,,,,,0,,,20243.67,,,,,,,76117913480,,,,,,1,,talla,38,,1,genero,Hombre,,1,color,"Negro / Plata",,1,,,,,,,,,,,,,,,,,,,,,,,,,,,,,,,,synced,1774062029,"Negro / Plata",approved,,,,,,,,,,,,,,,,,,,,,,,,,,,,,,,,,
20624,simple,51148058881,,"Emblema- M - Autoadhesivo 45x15mm",1,0,visible,,"<span data-sheets-root=""1"">Esta insignia M Performance original (45x15mm) es el toque final para tu BMW</span>",,,taxable,,1,1,,0,0,,,,,1,,,1553.01,"Accesorios para vehiculo > M Performance",,,"https://vecsaboutique.com/wp-content/uploads/2025/08/51148058881.avif, https://vecsaboutique.com/wp-content/uploads/2025/08/51148058881_2.avif",,,,,,,,,0,BMW,,,,,,,,,,,,,,,,,,,,,,,,,,,,,,,,,,,,,,,,,,sync-and-show,created,synced,1774062029,,approved,,,,,,,,,,,,,,,,,,,,,,,,,,,,,,,,,
20627,variable,76315A807C2,,"Casco para motociclista BMW System 7 Carbon Evo ECE Ratchet",1,0,visible,,"<span data-sheets-root=""1"">El casco de motocicleta plegable BMW System 7 Carbon Evo proporciona la máxima comodidad y seguridad. Gracias a la carcasa de fibra de carbono completa, es particularmente ligera con la mejor absorción de impactos. El sistema de protección contra impactos multidireccional (MIPS) reduce la rotación de la cabeza en caso de impacto, reduciendo así el riesgo de lesión cerebral.\nExtremadamente compacto también en condiciones desplegadas\nCarcasa del casco hecha completamente de fibra de carbono\nDos tamaños de carcasas de casco permiten un ajuste perfecto a las necesidades del usuario\nCapacidad de amortiguación de mayor impacto y bajo peso con rigidez óptima\nMIPS reduce el movimiento de rotación de la cabeza al golpear\nRevestimiento interior de poliestireno expandido (EPS) de múltiples segmentos\nInterior de nuevo desarrollo con materiales repelentes al agua\nVisor de doble acristalamiento: vidrio interior a prueba de niebla, vidrio exterior con revestimiento de doble cara resistente a los arañazos\nVentilación efectiva de la cabeza y la visera\nVisera solar integrada, operada por un deslizador\nSpoiler grande y extremadamente efectivo\nAbrir la mandíbula con el botón central\nCorreas de mandíbula con bloqueo de trinquete, correas de cuello integradas que estabilizan el casco en la cabeza\nMecánica optimizada y sello de la visera\nConversión rápida a un casco Jet sin el uso de herramientas\nCasco de mandíbula con bisagra excéntrica\nAerodinámica y aeroacústica optimizadas\nTamaños: 52/53 (76315A807C2), 54/55 (76315A807C3), 56/57 (76315A807C4), 58/59 (76315A807C5), 60/61 (76315A807C6), 62/63 (76315A807C7), 64/65 (76315A807C8)</span>",,,taxable,,1,,,0,0,,,,,1,,,,"Rider Gear & Garment > Cascos",,,"https://vecsaboutique.com/wp-content/uploads/2025/08/76315A807C7.avif, https://vecsaboutique.com/wp-content/uploads/2025/08/76315A807C7_2.avif, https://vecsaboutique.com/wp-content/uploads/2025/08/76315A807C7_3.avif, https://vecsaboutique.com/wp-content/uploads/2025/08/76315A807C7_4.avif",,,,,,,,,0,MOTORRAD,talla,62/63,1,1,genero,Unisex,1,1,color,Azul/blanco,1,1,,,,,,,,,,,,,,,,,,,,,,,,,,,,,,sync-and-show,updated,synced,1774580453,,approved,yes,yes,yes,,,,,default,,,,,,,,,,,,,,,,,,,,1461135295141534,,,,,
20628,variation,76315A807C7,,"Casco para motociclista BMW System 7 Carbon Evo ECE Ratchet",1,0,visible,,,,,taxable,parent,1,1,,0,0,,,,,0,,,26955.35,,,,,,,76315A807C2,,,,,,1,,talla,62/63,,1,genero,Unisex,,1,color,Azul/blanco,,1,,,,,,,,,,,,,,,,,,,,,,,,,,,,,,,,synced,1774580453,Azul/blanco,approved,,,,,,,,,,,,,,,,,,,,,,,,,,,,,,,,,
20633,simple,36122472958,,"Llanta Maxxis M9502 135/80 R17 102M BMW",1,0,visible,,"<span data-sheets-root=""1"">Neumatico tipo dona con propiedades de funcionamiento de emergencia.</span>",,,taxable,,1,1,,0,0,,,,,1,,,3352.62,"Llantas y rines > Llantas",,,https://vecsaboutique.com/wp-content/uploads/2025/08/36122472958.avif,,,,,,,,,0,BMW,,,,,,,,,,,,,,,,,,,,,,,,,,,,,,,,,,,,,,,,,,sync-and-show,updated,synced,1774062029,,approved,,,,,,,,,,,,,,,,,,,,,,,,,,,,,,,,,
20635,simple,36315A65AA5,,"Rin de fundición 3.0X19 para (R1300 GS)",1,0,visible,,"<span data-sheets-root=""1"">Este rin delantero de hierro fundido BMW Motorrad se adapta perfectamente a su motocicleta BMW R1300GS, le permite reemplazar el rin de su motocicleta BMW R1300GS en caso de rotura o daño, pero también se puede utilizar para personalizar su motocicleta.\nLas llantas y rines de la motocicleta no son piezas que deben descuidarse porque son productos de calidad que reducirán el peso de su motocicleta y, por lo tanto, proporcionarán una ganancia real en el rendimiento, todo mientras le dan un aspecto deportivo. La tecnología de BMW hacen posible ofrecer productos cada vez más estéticos para su motocicleta. Los rines BMW Enduro están hechas de materiales que son muy resistentes a los golpes y al desgaste con el tiempo.\nLa Llanta se vende por separado.\nDiámetro: 19 pulgadas\nMaterial: hierro fundido</span>\n\n&nbsp;\n\n<span data-sheets-root=""1"">Compatible con: R1300 GS</span>",,,taxable,,1,1,,0,0,,,,,1,,,30633.85,"Llantas y rines > Rines",,,https://vecsaboutique.com/wp-content/uploads/2025/08/36315A65AA5.avif,,,,,,,,,0,MOTORRAD,,,,,,,,,,,,,,,,,,,,,,,,,,,,,,,,,,,,,,,,,,sync-and-show,updated,synced,1774062029,,approved,,,,,,,,,,,,,,,,,,,,,,,,,,,,,,,,,
20636,simple,62115B570A9,,"Cuadro de instrumentos mini TFT-Display",1,0,visible,,"<span data-sheets-root=""1"">La discreta pantalla digital catapulta la motocicleta a la era digital. Gracias a la presentación clara, toda la información permanece claramente a la vista, especialmente en el modo Pure Ride, aún más compacto. Además de la velocidad, se pueden mostrar, la distancia del recorrido diario, el consumo medio o la temperatura del motor.\nLos tornillos, el soporte, la cubierta y los ojales no están incluidos y deben pedirse por separado si es necesario.</span>\n\nCompatible con: <span data-sheets-root=""1"">CE 02, R12 NineT, R12 </span>\n\n&nbsp;",,,taxable,,1,1,,0,0,,,,,1,,,14387.07,"Accesorios para vehiculo > Pantallas",,,https://vecsaboutique.com/wp-content/uploads/2025/08/62115B570A9.avif,,,,,,,,,0,MOTORRAD,,,,,,,,,,,,,,,,,,,,,,,,,,,,,,,,,,,,,,,,,,sync-and-show,updated,synced,1774062029,,approved,,,,,,,,,,,,,,,,,,,,,,,,,,,,,,,,,
20640,variation,76128504931,,"Pantalón para motociclista BMW Motorrad Gerlos, para Hombre",1,0,visible,,"Pantal n Gerlos caballero negro52",,,taxable,parent,1,1,,0,0,,,,,0,,,9877.44,,,,,,,76128504928,,,,,,2,,talla,36,,1,genero,Hombre,,1,color,Negro,,1,,,,,,,,,,,,,,,,,,,,,,,,,,,,,,,,synced,1773802828,Negro,approved,,yes,yes,,,,,,,,,,,,product,,,,,,,,,,,,,,,,,,
20641,variation,,,"Pantalón para motociclista BMW Motorrad Gerlos, para Hombre",1,0,visible,,,,,taxable,parent,0,0,,0,0,,,,,0,,,9877.44,,,,,,,76128504928,,,,,,1,,talla,31,,1,genero,Hombre,,1,color,Negro,,1,,,,,,,,,,,,,,,,,,,,,,,,,,,,,,,,,,Negro,,,yes,yes,,,,,,,,,,,,product,,,,,,,,,,,,,,,,,,
20642,variation,,,"Guantes para motociclista  BMW Motorrad Reschen GTX, para Mujer",1,0,visible,,,,,taxable,parent,1,1,,0,0,,,,,0,,,4037.82,,,,,,,76217913967,,,,,,1,,talla,8,,1,genero,Mujer,,1,color,"Azul Marino / Verde",,1,,,,,,,,,,,,,,,,,,,,,,,,,,,,,,,,synced,1773802828,"Azul Marino / Verde",approved,,,,,,,,,,,,,,,,,,,,,,,,,,,,,,,,,
20644,simple,77432472170,,"Topcase de Aluminio Negro 32L, (F850 GS/ADV, R1250 GS/ADV)",1,0,visible,,"<span data-sheets-root=""1"">El complemento ideal para tu espíritu explorador. Combinando resistencia, diseño premium y funcionalidad, este topcase de aluminio es ideal para cualquier aventura. Su capacidad permite guardar desde un casco hasta equipo o herramientas. Puede montarse en la rejilla o en lugar del asiento del pasajero, ofreciendo una solución práctica y con estilo para quienes buscan comodidad sin complicaciones. No incluye cilindros de cierre.\nCaracterísticas:\nMaterial: 100% aluminio\nPropiedades: Capacidad ajustable: hasta 32 Litros\nCuenta con dos alojamientos para el cilindro de llave: uno destinado a bloquear la tapa frontal y otro para fijar la maleta de forma segura al soporte.\nResistente a las inclemencias del clima y a la corrosión\nPractico y versátil</span>\n\nCompatible con: <span data-sheets-root=""1"">F850 GS/ADV, R1250 GS/ADV</span>",,,taxable,,1,1,,0,0,,,,,1,,,14232.03,"Accesorios para vehiculo > Maletas y Alforjas",,,"https://vecsaboutique.com/wp-content/uploads/2025/02/77432472170-png.avif, https://vecsaboutique.com/wp-content/uploads/2025/02/77432472170_2-png.avif",,,,,,,,,0,MOTORRAD,,,,,,,,,,,,,,,,,,,,,,,,,,,,,,,,,,,,,,,,,,sync-and-show,created,synced,1774062029,,approved,,,,,,,,,,,,,,,,,,,,,,,,,,,,,,,,,
20647,simple,51475B50A84,,"Alfombrillas 4 Estaciones Traseras, (MINI 3 Puertas F56)",1,0,visible,,"<span data-sheets-root=""1"">Cuide el interior de su MINI de 3 puertas (F56). Estas alfombrillas de goma resistentes al desgaste son la protección perfecta para el interior de su automóvil.\nAdecuado para:\nMINI 3 puertas (F56, F56LCI)\nMINI eléctrico de 3 sed (F56BEV, F56BEV LCI)\nMINI 3 puertas (F66)\nJuego de alfombrillas trasera de dos piezas\nMaterial: Elastómeros termoplásticos (caucho)</span>\n\nCompatible con: <span data-sheets-root=""1"">MINI 3 Puertas F56</span>",,,taxable,,1,4,,0,0,,,,,1,,,1360.27,"Accesorios para vehiculo > Tapetes",,,https://vecsaboutique.com/wp-content/uploads/2025/08/51475B50A84.avif,,,,,,,,,0,MINI,,,,,,,,,,,,,,,,,,,,,,,,,,,,,,,,,,,,,,,,,,sync-and-show,updated,synced,1774062029,,approved,,,,,,,,,,,,,,,,,,,,,,,,,,,,,,,,,
20649,simple,51475A2DA78,,"Alfombrillas Todo Clima Traseros LHD (MINI Coutryman U25)",1,0,visible,,"<span data-sheets-root=""1"">Los pisos de goma impermeables para todo tipo de clima MINI protegen el espacio para los pies traseros contra la humedad y la suciedad. Son extremadamente robustos y diseñados en Essential Black, encajan perfectamente. Las correas de agarre en los laterales llaman la atención y facilitan la extracción de las alfombrillas sin ensuciarse las manos.</span>\n\nCompatible con: <span data-sheets-root=""1"">MINI Countryman U25</span>",,,taxable,,1,4,,0,0,,,,,1,,,1467.49,"Accesorios para vehiculo > Tapetes",,,"https://vecsaboutique.com/wp-content/uploads/2025/08/51475A2DA78.avif, https://vecsaboutique.com/wp-content/uploads/2025/08/51475A2DA78_2.avif, https://vecsaboutique.com/wp-content/uploads/2025/08/51475A2DA78_3.avif",,,,,,51475A2DA77,,,0,MINI,,,,,,,,,,,,,,,,,,,,,,,,,,,,,,,,,,,,,,,,,,sync-and-show,updated,synced,1774062029,,approved,,,,,,,,,,,,,,,,,,,,,,,,,,,,,,,,,
20653,simple,77438555607,,"Carcasa Exterior para Topcas pequeño Racing Red",1,0,visible,,"<span data-sheets-root=""1"">La carcasa superior impermeable se puede combinar fácilmente con el topcase pequeño 30l.\nEl llamativo color en Rojo Racing resalta el aspecto deportivo de la moto y hace que llame la atención en las calles.</span>\n\n<strong>Representado por el número de pieza 1 en el diagrama.</strong>",,,taxable,,1,1,,0,0,,,,,1,,,3563.49,"Accesorios para vehiculo > Maletas y Alforjas",,,"https://vecsaboutique.com/wp-content/uploads/2025/08/77438555607.avif, https://vecsaboutique.com/wp-content/uploads/2025/08/77438555607_2.avif",,,,,,77439829379,,,0,MOTORRAD,,,,,,,,,,,,,,,,,,,,,,,,,,,,,,,,,,,,,,,,,,sync-and-show,updated,synced,1774062029,,approved,,,,,,,,,,,,,,,,,,,,,,,,,,,,,,,,,,
20656,simple,77439829379,,"Topcase pequeño 30 L",1,0,visible,,"<span data-sheets-root=""1"">La maleta superior impermeable de 30 l con tapa lacapa lacada se monta directamente en el portaequipajes opcional.\nCaja superior de plástico resistente al agua\nVolumen: aprox. 30 l, suficiente para un casco\nLas bisagras de cierre suave permiten que la tapa se bajar suavemente\nPeso: aprox. 3,8 kg\nOpcional: bolsillo interior para el maletín superior\nEntrega sin soporte de caja superior y sin cilindro de cierre\nCarcasa exterior Tapa para pedir por separado</span>",,,taxable,,1,1,,0,0,,,,,1,,,7582.33,"Accesorios para vehiculo > Maletas y Alforjas",,,"https://vecsaboutique.com/wp-content/uploads/2025/08/77439829379.avif, https://vecsaboutique.com/wp-content/uploads/2025/08/77439829379_3.avif, https://vecsaboutique.com/wp-content/uploads/2025/08/77439829379_2.avif",,,,,,77438555607,,,0,MOTORRAD,,,,,,,,,,,,,,,,,,,,,,,,,,,,,,,,,,,,,,,,,,sync-and-show,created,synced,1774062029,,approved,,,,,,,,,,,,,,,,,,,,,,,,,,,,,,,,,,
20663,simple,51472450512,,"Alfombrillas Todo Clima Traseras LHD  BMW (X3 G01, F97)",1,0,visible,,"<span data-sheets-root=""1"">Protege el interior de tu BMW con estos tapetes traseros que combinan durabilidad, diseño elegante y superficie antideslizante. Sus bordes elevados bloquean agua, polvo y suciedad, siendo perfectos para cualquier clima y cuidando tu vehículo con un acabado funcional y sofisticado.\n100% polímero\nSuperficie antideslizante\nBordes elevados\nPerfecto para todo clima\nInsignia X3</span>\n\nCompatible con: <span data-sheets-root=""1"">X3 G01, F97</span>",,,taxable,,1,2,,0,0,,,,,1,,,2174.56,"Accesorios para vehiculo > Tapetes",,,"https://vecsaboutique.com/wp-content/uploads/2024/09/51472450512-4.avif, https://vecsaboutique.com/wp-content/uploads/2025/08/51472450512_2.avif, https://vecsaboutique.com/wp-content/uploads/2025/08/51472450512_3.avif",,,,,,,,,0,BMW,,,,,,,,,,,,,,,,,,,,,,,,,,,,,,,,,,,,,,,,,,sync-and-show,created,synced,1774062029,,approved,,,,,,,,,,,,,,,,,,,,,,,,,,,,,,,,,,
20666,simple,77448549334,,"Respaldo Acolchado para Topcase",1,0,visible,,"<span data-sheets-root=""1"">Ofrezca a su pasajero mayor comodidad con el respaldo de BMW. Simplemente atornille desde el interior del topcase.\nAdecuado para\nBMW C400 GT (K08)\nBMW C 400 X (K09)\nBMW S 1000 XR (K49)\nBMW R 1200 R, R 1250 R (K54)\nBMW S 1000 XR (K69)\nBMW F 900 R (K83)\nBMW F 900 XR (K84)\nNúmero de producto: 77448549334</span>\n\n&nbsp;",,,taxable,,1,,,0,0,,,,,1,,,1899.67,"Accesorios para vehiculo > Maletas y Alforjas",,,"https://vecsaboutique.com/wp-content/uploads/2025/08/77448549334.avif, https://vecsaboutique.com/wp-content/uploads/2025/08/77448549334_2.avif, https://vecsaboutique.com/wp-content/uploads/2025/08/77448549334_3.avif",,,,,,77439829379,,,0,MOTORRAD,,,,,,,,,,,,,,,,,,,,,,,,,,,,,,,,,,,,,,,,,,sync-and-show,updated,synced,1774062029,,approved,,,,,,,,,,,,,,,,,,,,,,,,,,,,,,,,,,
20670,simple,51472458555,,"Alfombrillas Todo Clima Traseras (segunda fila) 2.SR  / 6+7-Sitz  BMW X7 G07",1,0,visible,,"<span data-sheets-root=""1"">El Tapete Trasero BMW X7 es la elección perfecta para quienes buscan calidad y funcionalidad en su vehículo. Diseñado específicamente para el modelo X7, este tapete se adapta a la perfección, ofreciendo una cobertura completa que protege el interior de su automóvil de suciedad y desgaste.</span>",,,taxable,,1,2,,0,0,,,,,1,,,2231.26,"Accesorios para vehiculo > Tapetes",,,https://vecsaboutique.com/wp-content/uploads/2025/08/51472458555.avif,,,,,,,,,0,BMW,,,,,,,,,,,,,,,,,,,,,,,,,,,,,,,,,,,,,,,,,,sync-and-show,updated,synced,1774062029,,approved,,,,,,,,,,,,,,,,,,,,,,,,,,,,,,,,,,
20672,simple,51475A2DA77,,"Alfombrillas Todo Clima Delantero LHD (MINI Coutryman U25)",1,0,visible,,"<span data-sheets-root=""1"">Los pisos de goma impermeables para todo tipo de clima MINI protegen el espacio para los pies delantero contra la humedad y la suciedad. Son extremadamente robustos y diseñados en Essential Black, encajan perfectamente. Las correas de agarre en los laterales llaman la atención y facilitan la extracción de las alfombrillas sin ensuciarse las manos.</span>\n\n&nbsp;\n\nCompatible con: <span data-sheets-root=""1"">MINI Countryman U25</span>\n\n&nbsp;",,,taxable,,1,4,,0,0,,,,,1,,,2023.92,"Accesorios para vehiculo > Tapetes",,,"https://vecsaboutique.com/wp-content/uploads/2025/08/51475A2DA77.avif, https://vecsaboutique.com/wp-content/uploads/2025/08/51475A2DA77_2.avif, https://vecsaboutique.com/wp-content/uploads/2025/08/51475A2DA77_3.avif, https://vecsaboutique.com/wp-content/uploads/2025/08/51475A2DA77_4.avif",,,,,,,,,0,MINI,,,,,,,,,,,,,,,,,,,,,,,,,,,,,,,,,,,,,,,,,,sync-and-show,created,synced,1774062029,,approved,,,,,,,,,,,,,,,,,,,,,,,,,,,,,,,,,,
20681,variation,76615A81330,,"Camiseta BMW Motorrad Daredevil, para Hombre",1,0,visible,,,,,taxable,parent,1,1,,0,0,,,,,0,,,1274.14,,,,,,,76615A81319,,,,,,1,,talla,XL,,1,genero,Hombre,,1,color,Blanco,,1,,,,,,,,,,,,,,,,,,,,,,,,,,,,,,,,synced,1773975657,Blanco,approved,,,,,,,,,,,,,,,,,,,,,,,,,,,,,,,,,,
20683,variation,76615A81616,,"Chamarra BMW Motorrad Softshell Motorsport, Unisex",1,0,visible,,,,,taxable,parent,1,1,,0,0,,,,,0,,,4768.00,,,,,,,76615A81610,,,,,,1,,talla,3XL,,1,genero,Unisex,,1,color,Negro,,1,,,,,,,,,,,,,,,,,,,,,,,,,,,,,,,,synced,1773630074,Negro,approved,,,,,,,,,,,,,,,,,,,,,,,,,,,,,,,,,,
20684,simple,51472458554,,"Alfombrillas Todo Clima, Traseras BMW (X6 G06)",1,0,visible,,"<span data-sheets-root=""1"">Las alfombrillas BMW duraderas para todo tipo de clima, de ajuste personalizado y duraderas, con borde elevado y diseño bien formado, protegen el espacidero delantero de la humedad y la suciedad. Están diseñados en negro y equipados con un clip de acero inoxidable.</span>\n\nCompatible con: <span data-sheets-root=""1"">X6 G06</span>",,,taxable,,1,2,,0,0,,,,,1,,,1953.20,"Accesorios para vehiculo > Tapetes",,,https://vecsaboutique.com/wp-content/uploads/2025/08/51472458554.avif,,,,,,,,,0,BMW,,,,,,,,,,,,,,,,,,,,,,,,,,,,,,,,,,,,,,,,,,sync-and-show,created,synced,1774062029,,approved,,,,,,,,,,,,,,,,,,,,,,,,,,,,,,,,,,
20686,simple,51952449251,,"Percha Negra BMW T&C System",1,0,visible,,"<span data-sheets-root=""1"">La percha funcional permite transportar prendas sin arrugas y, gracias a su percha extraíble (función de hotel), también se puede usar fuera del vehículo.</span>\n\nCompatible con: <span data-sheets-root=""1"">Todos los Modelos</span>",,,taxable,,1,2,,0,0,,,,,1,,,2425.80,"Accesorios para vehiculo > Travel & Confort System > Ganchos",,,"https://vecsaboutique.com/wp-content/uploads/2025/08/51952449251_2.avif, https://vecsaboutique.com/wp-content/uploads/2025/08/51952449251.avif",,,,,,51952183852,,,0,BMW,,,,,,,,,,,,,,,,,,,,,,,,,,,,,,,,,,,,,,,,,,sync-and-show,updated,synced,1774062029,,approved,,,,,,,,,,,,,,,,,,,,,,,,,,,,,,,,,,
20689,simple,36122467518,,"Llanta Michelin Pilot Sport 4S 255/40Z R21 102Y BMW",1,0,visible,,"<span data-sheets-root=""1"">El Pilot Sport 4, hecho específicamente para SUV premium, se basa en el éxito de los legendarios neumáticos Pilot Sport 4 y Pilot Sport 4 S. Capaz de manejar el peso más pesado y el centro de gravedad elevado de los SUV, este neumático también se desarrolla en colaboración con algunos de los fabricantes de automóviles más exigentes, incluido BMW.</span>",,,taxable,,1,2,,0,0,,,,,1,,,12452.32,"Llantas y rines > Llantas",,,https://vecsaboutique.com/wp-content/uploads/2025/08/36122467518.avif,,,,,,,,,0,BMW,,,,,,,,,,,,,,,,,,,,,,,,,,,,,,,,,,,,,,,,,,sync-and-show,created,synced,1774062029,,approved,,,,,,,,,,,,,,,,,,,,,,,,,,,,,,,,,,
20691,simple,51137424777,,"Rejilla riñon delantero izquierdo BMW X2 F39",1,0,visible,,"Compatible con: <span data-sheets-root=""1"">X2 F39</span>",,,taxable,,1,1,,0,0,,,,,1,,,2340.30,"Partes Originales > Molduras",,,"https://vecsaboutique.com/wp-content/uploads/2025/08/51137424777.avif, https://vecsaboutique.com/wp-content/uploads/2025/08/51137424777_2.avif",,,,,,,,,0,BMW,,,,,,,,,,,,,,,,,,,,,,,,,,,,,,,,,,,,,,,,,,sync-and-show,created,synced,1774062029,,approved,,yes,yes,,,,,,,,,,,,product,,,,,,,,,,,,,,,,,,,
20694,simple,51117294833,,"Marco de luz antiniebla izquierda parachoques frontal Sport Line",1,0,visible,,"<span data-sheets-root=""1"">Marco de luz antiniebla lado izquierdo, compatible con BMW 420i 428i 435 F32 F33 F36 Rejilla embellecedora de luz antiniebla 51117294833\n- Proporciona protección eficaz para sus luces antiniebla contra rocas y escombros, garantizando una visibilidad óptima.\n- Fabricada con materiales de primera calidad, nuestra rejilla de luz antiniebla es robusta, resistente a la decoloración y duradera, lo que garantiza que pueda soportar los elementos y el uso diario.</span>\n\nCompatible con: <span data-sheets-root=""1"">Serie 4 F32, F33, F36.</span>",,,taxable,,1,1,,0,0,,,,,1,,,1477.58,"Partes Originales > Molduras",,,"https://vecsaboutique.com/wp-content/uploads/2025/08/51117294833.avif, https://vecsaboutique.com/wp-content/uploads/2025/08/51117294833_1.avif, https://vecsaboutique.com/wp-content/uploads/2025/08/51117294833_2.avif, https://vecsaboutique.com/wp-content/uploads/2025/08/51117294833_2_3.avif",,,,,,,,,0,BMW,,,,,,,,,,,,,,,,,,,,,,,,,,,,,,,,,,,,,,,,,,sync-and-show,created,synced,1774062029,,approved,,yes,yes,,,,,,,,,,,,product,,,,,,,,,,,,,,,,,,,
20699,simple,63179898787,,"Panel Proteccion de Faros Led Adicionales",1,0,visible,,"<span data-sheets-root=""1"">La rejilla protectora para el faro adicional LED protege eficazmente contra daños causados, por ejemplo, B. Rocas.\nProtección robusta de acero\nTambién disponible como equipamiento opcional\nMaterial: Acero\nPeso: 65 g\nColor: Lacado negro\nVolumen de suministro 1x panel / rejilla de protección derecha O izquierda, si necesita un juego, por favor pida 2x\nAdecuado para los modelos de la serie BMW R1300GS Adventure KA2</span>\n\nCompatible con: <span data-sheets-root=""1"">R1300 GS/GSA</span>",,,taxable,,1,1,,0,0,,,,,1,,,2666.41,"Accesorios para vehiculo > Luces Delanteras",,,"https://vecsaboutique.com/wp-content/uploads/2025/09/63179898787.avif, https://vecsaboutique.com/wp-content/uploads/2025/09/63179898787_2.avif",,,,,,,,,0,MOTORRAD,,,,,,,,,,,,,,,,,,,,,,,,,,,,,,,,,,,,,,,,,,sync-and-show,created,synced,1774580453,,approved,yes,yes,,,,,,,,,,,,,product,,,,,,,,,,,,,24087543264274366,,,,,,
20703,simple,77492463533,,"Bolsa Bajo Puente Portaequipajes",1,0,visible,,"<span data-sheets-root=""1"">Bolsa de equipaje para motocicletas BMW Motorrad: K50 R1200GS (2013-2018) ; R1250GS (2018-); K80 F750GS (2018-); K81 F850GS (hasta 2019). Una bolsa pequeña y práctica hecha de tela de poliéster resistente al desgaste con revestimiento de PVC. Crea espacio de almacenamiento adicional debajo del portaequipajes.\nCompartimento suave para guardar artículos pequeños.\nVelcro con cierre.\nPropiedades repelentes al agua y al polvo.\nUso perfecto del espacio.\nLa mejor adición a otros accesorios de BMW Motorrad.\nVolumen: 0,7 l. Dimensiones: 20×20×4 cm. Peso: 110 g.\nColor: negro.</span>\n\nCompatible con: <span data-sheets-root=""1"">F750, F850, R1200, R1250</span>",,,taxable,,1,1,,0,0,,,,,1,,,1430.00,"Accesorios para vehiculo > Maletas y Alforjas",,,"https://vecsaboutique.com/wp-content/uploads/2025/09/77492463533.avif, https://vecsaboutique.com/wp-content/uploads/2025/09/77492463533_2.avif, https://vecsaboutique.com/wp-content/uploads/2025/09/77492463533_3.avif",,,,,,,,,0,MOTORRAD,,,,,,,,,,,,,,,,,,,,,,,,,,,,,,,,,,,,,,,,,,sync-and-show,created,synced,1774580453,,approved,yes,yes,,,,,,,,,,,,,product,,,,,,,,,,,,,696215513480115,,,,,,
20707,simple,46635A67605,,"Panel protector guardamanos izquierda",1,0,visible,,"<span data-sheets-root=""1"">La funda protectora de manos original de BMW Motorrad se adapta perfectamente a su motocicleta BMW R1300GS.\nLos materiales utilizados son materiales de alta calidad, su instalación es rápida y sencilla.</span>\n\nCompatible con: <span data-sheets-root=""1"">R1300 GS/GSA</span>",,,taxable,,1,1,,0,0,,,,,1,,,949.17,"Accesorios para vehiculo > Guardamanos",,,"https://vecsaboutique.com/wp-content/uploads/2025/09/46635A67605.avif, https://vecsaboutique.com/wp-content/uploads/2025/09/46635A67605_2.avif, https://vecsaboutique.com/wp-content/uploads/2025/09/46635A67605_3.avif",,,,,,,,,0,MOTORRAD,,,,,,,,,,,,,,,,,,,,,,,,,,,,,,,,,,,,,,,,,,sync-and-show,created,synced,1774580453,,approved,yes,yes,,,,,,,,,,,,,product,,,,,,,,,,,,,2132251507180458,,,,,,
20717,simple,36122351346,,"Llanta Bridgestone Potenza S 001 RFT 245/35 R18 92Y BMW",1,0,visible,,"<span data-sheets-root=""1"">Diseñada para proporcionar movilidad extendida temporal con pérdida de presión de aire completa después de un pinchazo por una distancia de 80 km hasta 80 kph. Desarrollada y probada en las competiciones deportivas más exigentes, la Bridgestone Potenza S001 le permite descubrir el verdadero potencial de su vehículo sin comprometer el confort y la seguridad. Redescubra la pasión por conducir con Bridgestone.\n- Avanzado diseño asimétrico de la banda de rodadura para un rendimiento destacado, tanto en seco como en mojado.\n- Surcos súper inclinados para una rápida evacuación del agua, alta estabilidad y tracción en superficies mojadas.\n- Hombro con bloques de elevada adherencia para un contacto óptimo con el asfalto, alta fuerza de frenada y máxima adherencia en curva.\n- Run flat Tire (RFT).Conducir sin presión.\nRin: 18 Ancho: 225 Perfil: 35</span>",,,taxable,,1,1,,0,0,,,,,1,,,5903.04,"Llantas y rines > Llantas",,,https://vecsaboutique.com/wp-content/uploads/2025/09/36122351346.avif,,,,,,,,,0,BMW,,,,,,,,,,,,,,,,,,,,,,,,,,,,,,,,,,,,,,,,,,sync-and-show,created,synced,1774580453,,approved,yes,yes,,,,,,,,,,,,,product,,,,,,,,,,,,,3259960530820658,,,,,,
20719,simple,77317107771,,"Soporte de faro inferior R12 NineT",1,0,visible,,"<span data-sheets-root=""1"">Este soporte de faro original de BMW Motorrad le permite instalar el carenado de cabina y su parabrisas en su motocicleta BMW R12 NineT.\n</span>\n\nCompatible con: <span data-sheets-root=""1"">R12 NineT</span>",,,taxable,,1,1,,0,0,,,,,1,,,1270.27,"Accesorios para vehiculo > Parabrisas",,,"https://vecsaboutique.com/wp-content/uploads/2025/09/77317107771.avif, https://vecsaboutique.com/wp-content/uploads/2025/09/77317107771_2.avif",,,,,,77317914850,,,0,MOTORRAD,,,,,,,,,,,,,,,,,,,,,,,,,,,,,,,,,,,,,,,,,,sync-and-show,updated,synced,1774580453,,approved,yes,yes,,,,,,,,,,,,,product,,,,,,,,,,,,,1114057454202106,9987760581323610,,,,,
20722,simple,51118069096,,"Rejilla central inferior MSP",1,0,visible,,"<span data-sheets-root=""1"">Rejilla parte inferior media MSP\nModelos de coches: Bmw X2 16d, X2 18d, X2 18dx, X2 18i, X2 20d, X2 20dx, X2 20ix, X2 25dx, X2 25ex, X2 25ix, X2 28i, X2 28ix, X2 M35ix\nChasis: F39\nObservación 2: Para vehículos con paquete aerodinámico M S715A = Sí\nUtilizado en: panel de ajuste M, elementos de ajuste, frente</span>\n\n&nbsp;\n\nCompatible con: <span data-sheets-root=""1"">X2 F39</span>",,,taxable,,1,1,,0,0,,,,,1,,,2323.89,"Partes Originales > Molduras",,,"https://vecsaboutique.com/wp-content/uploads/2025/09/51118069096.avif, https://vecsaboutique.com/wp-content/uploads/2025/09/51118069096_2.avif, https://vecsaboutique.com/wp-content/uploads/2025/09/51118069096_3.avif",,,,,,,,,0,BMW,,,,,,,,,,,,,,,,,,,,,,,,,,,,,,,,,,,,,,,,,,sync-and-show,updated,synced,1774580453,,approved,yes,yes,,,,,,,,,,,,,product,,,,,,,,,,,,,4157242571226619,,,,,,
20726,simple,77317914850,,"Soporte de carenado de cabina",1,0,visible,,"<span data-sheets-root=""1"">Este soporte de carenado de cabina original de BMW Motorrad le permite instalar el carenado de cabina y su parabrisas en su motocicleta BMW R12 NineT.\n</span>\n\n&nbsp;\n\nCompatible con: <span data-sheets-root=""1"">R12 NineT</span>",,,taxable,,1,1,,0,0,,,,,1,,,4728.00,"Accesorios para vehiculo > Parabrisas",,,https://vecsaboutique.com/wp-content/uploads/2025/09/77317914850.avif,,,,,,77317914848,,,0,MOTORRAD,,,,,,,,,,,,,,,,,,,,,,,,,,,,,,,,,,,,,,,,,,sync-and-show,updated,synced,1774580453,,approved,yes,yes,,,,,,,,,,,,,product,,,,,,,,,,,,,1279386173322140,24181589134858781,,,,,
20730,simple,77317914849,,"Parabrisas para cabina R12 NineT",1,0,visible,,"<span data-sheets-root=""1"">Este deflector de viento de cabina original de BMW Motorrad le permite instalar el carenado de cabina en su motocicleta BMW R12 NineT.</span>",,,taxable,,1,1,,0,0,,,,,1,,,4568.20,"Accesorios para vehiculo > Parabrisas",,,https://vecsaboutique.com/wp-content/uploads/2025/09/77317914849.avif,,,,,,77317914848,,,0,MOTORRAD,,,,,,,,,,,,,,,,,,,,,,,,,,,,,,,,,,,,,,,,,,sync-and-show,updated,synced,1774580453,,approved,yes,yes,,,,,,,,,,,,,product,,,,,,,,,,,,,1114325526789241,,,,,,
20732,simple,51137371687,,"Rejilla de adorno izquierda URBAN",1,0,visible,,"<span data-sheets-root=""1"">Para Urban Line (07AD)</span>\n\nCompatible con: <span data-sheets-root=""1"">Serie 1</span>",,,taxable,,1,,,0,0,,,,,1,,,3393.26,"Partes Originales > Molduras",,,"https://vecsaboutique.com/wp-content/uploads/2025/09/51137371687.avif, https://vecsaboutique.com/wp-content/uploads/2025/09/51137371687_3.avif, https://vecsaboutique.com/wp-content/uploads/2025/09/51137371687_2.avif, https://vecsaboutique.com/wp-content/uploads/2025/09/51137371687_4.avif",,,,,,,,,0,BMW,,,,,,,,,,,,,,,,,,,,,,,,,,,,,,,,,,,,,,,,,,sync-and-show,created,synced,1774839652,,approved,yes,yes,,,,,,,,,,,,,product,,,,,,,,,,,,,1276435247028791,,,,,,2025-09-03
20737,simple,77522469294,,"Barra de Sonido Cromada  Bluetooth Original BMW Motorrad (R18)",1,0,visible,,"<span data-sheets-root=""1"">Altavoz Bluetooth original BMW Motorrad de MTX en color cromo para BMW R18 El altavoz se instala en el manillar, ofreciendo un sonido completo incluso a velocidades más altas. Resistente a la intemperie, sonido completo, alto volumen (máximo 110 dB). Interfaz Bluetooth y conector de 3,5 mm. Salida de potencia de 4 x 22 W. Entrada de alimentación de 12,6 VDC 8A</span>\n\n&nbsp;\n\nCompatible con: <span data-sheets-root=""1"">R18</span>",,,taxable,,1,1,,0,0,,,,,1,,,17024.87,"Accesorios para vehiculo > Bocinas",,,https://vecsaboutique.com/wp-content/uploads/2025/09/77522469294.avif,,,,,,,,,0,MOTORRAD,,,,,,,,,,,,,,,,,,,,,,,,,,,,,,,,,,,,,,,,,,sync-and-show,updated,synced,1772938862,,approved,yes,yes,,,,,,default,,,,,,,product,,,,,,,,,,,,,744194905105862,,,,,,
20739,simple,51165B338E2,,"Carcasa del retrovisor derecha MINI JCW (F65,F66,F67,U25)",1,0,visible,,"<span data-sheets-root=""1"">Expresión de fuerza. El estilo inconfundible de John Cooper Works es sinónimo de fuerza y rendimiento sin compromisos. Un anuncio claro que se puede reforzar individualmente con la tapa del espejo exterior. Para una apariencia perfecta. Disponible para modelos MINI seleccionados a partir del año de fabricación 2024.</span>\n\n&nbsp;\n\nCompatible con: <span data-sheets-root=""1"">5 Puertas F65, 3 puertas F66, Convertible F67,Countryman U25</span>",,,taxable,,1,1,,0,0,,,,,1,,,4721.14,"Accesorios para vehiculo > Carcasas de Retrovisor",,,https://vecsaboutique.com/wp-content/uploads/2025/09/51165B338E2.avif,,,,,,,,,0,MINI,,,,,,,,,,,,,,,,,,,,,,,,,,,,,,,,,,,,,,,,,,sync-and-show,created,synced,1774839652,,approved,yes,yes,,,,,,,,,,,,,product,,,,,,,,,,,,,1092177389292138,,,,,,
20742,simple,36136857149,,"Centros de Rin MINI",1,0,visible,,"<span data-sheets-root=""1"">Hecho solo para ruedas MINI de fábrica con orejetas expuestas.\nTapa central exterior de 56 mm, clip de 52 mm en el anillo</span>\n\n&nbsp;",,,taxable,,1,1,,0,0,,,,,1,,,375.11,"Llantas y rines > Centros de Rin",,,https://vecsaboutique.com/wp-content/uploads/2025/09/36136857149.avif,,,,,,,,,0,MINI,,,,,,,,,,,,,,,,,,,,,,,,,,,,,,,,,,,,,,,,,,sync-and-show,updated,synced,1774839652,,approved,yes,yes,,,,,,,,,,,,,product,,,,,,,,,,,,,2885576864959213,31242480462063421,,,,,
20744,simple,36136850834,,"Centros de Rin BMW",1,0,visible,,"<span data-sheets-root=""1"">Adecuado para la mayoría de los modelos BMW con tapa de 56 mm.</span>\n\n&nbsp;",,,taxable,,1,1,,0,0,,,,,1,,,433.82,"Llantas y rines > Centros de Rin, Llantas y rines",,,"https://vecsaboutique.com/wp-content/uploads/2025/09/36136850834.avif, https://vecsaboutique.com/wp-content/uploads/2025/09/36136850834_2.avif, https://vecsaboutique.com/wp-content/uploads/2025/09/36136850834_3.avif",,,,,,,,,0,BMW,,,,,,,,,,,,,,,,,,,,,,,,,,,,,,,,,,,,,,,,,,sync-and-show,created,synced,1774839652,,approved,yes,yes,,,,,,,,,,,,,product,,,,,,,,,,,,,737495969251044,24499419906392046,,,,,
20748,variation,,,"Pantalón para motociclista BMW Motorrad GS Tatacoa, para Hombre",1,0,visible,,,,,taxable,parent,0,0,,0,0,,,,,0,,,9288.96,,,,,,,76115B3D227,,,,,,2,,talla,30,,1,genero,Hombre,,1,color,"Azul marino",,1,,,,,,,,,,,,,,,,,,,,,,,,,,,,,,,,,,"Azul marino",,yes,yes,,,,,,,,,,,,,product,,,,,,,,,,,,,,24675054435423826,,,,,
20749,variation,,,"Guantes para motociclista BMW Motorrad GS Rallye, Unisex",1,0,visible,,,,,taxable,parent,0,0,,0,0,,,,,0,,,2845.97,,,,,,,76215B3D040,,,,,,1,,talla,6,,1,genero,Unisex,,1,color,"Azul marino",,1,,,,,,,,,,,,,,,,,,,,,,,,,,,,,,,,,,"Azul marino",,yes,yes,,,,,,,,,,,,,product,,,,,,,,,,,,,,24883642251240086,,,,,
20750,variation,,,"Pantalón para motociclista BMW Motorrad GS Rallye AIR, para Mujer",1,0,visible,,,,,taxable,parent,0,0,,0,0,,,,,0,,,11317.88,,,,,,,76135A80CF9,,,,,,1,,talla,26,,1,genero,Mujer,,1,color,Negro,,1,,,,,,,,,,,,,,,,,,,,,,,,,,,,,,,,,,Negro,,yes,yes,,,,,,,,,,,,,product,,,,,,,,,,,,,,25780576021542674,,,,,
20751,variation,,,"Chamarra para motociclista BMW Motorrad GS Tatacoa Pro, para Hombre",1,0,visible,,,,,taxable,parent,0,0,,0,0,,,,,0,,,12995.43,,,,,,,76115B3D4C7,,,,,,1,,talla,31,,1,genero,Hombre,,1,color,Negro,,1,,,,,,,,,,,,,,,,,,,,,,,,,,,,,,,,,,Negro,,yes,yes,,,,,,,,,,,,,product,,,,,,,,,,,,,,24838544655761836,,,,,
20752,variation,,,"Chamarra BMW Motorrad GS Tatacoa, para Hombre",1,0,visible,,,,,taxable,parent,0,0,,0,0,,,,,0,,,12114.63,,,,,,,76115B3D4B6,,,,,,1,,talla,31,,1,genero,Hombre,,1,color,Arena,,1,,,,,,,,,,,,,,,,,,,,,,,,,,,,,,,,,,Arena,,yes,yes,,,,,,,,,,,,,product,,,,,,,,,,,,,,24424982350528952,,,,,
20753,variation,,,"Chamarra para motociclista BMW Motorrad GS Karakum GTX, para Hombre",1,0,visible,,,,,taxable,parent,0,0,,0,0,,,,,0,,,28406.41,,,,,,,76115B3D395,,,,,,1,,talla,31,,1,genero,Hombre,,1,color,"Azul marino",,1,,,,,,,,,,,,,,,,,,,,,,,,,,,,,,,,,,"Azul marino",,yes,yes,,,,,,,,,,,,,product,,,,,,,,,,,,,,24497486966604421,,,,,
20755,variation,,,"Camiseta BMW Motorrad Make Life A Ride, para Hombre",1,0,visible,,,,,taxable,parent,0,0,,0,0,,,,,0,,,1104.80,,,,,,,76618536446,,,,,,1,,talla,S,,1,genero,Hombre,,1,color,"Azul marino/blanco",,1,,,,,,,,,,,,,,,,,,,,,,,,,,,,,,,,,,"Azul marino/blanco",,yes,yes,,,,,,,,,,,,,product,,,,,,,,,,,,,,24693086193658777,,,,,
20756,variation,,,"Camiseta BMW Motorrad Jump, para Hombre",1,0,visible,,,,,taxable,parent,0,0,,0,0,,,,,0,,,1104.80,,,,,,,76617109986,,,,,,1,,talla,S,,1,genero,Hombre,,1,color,Verde,,1,,,,,,,,,,,,,,,,,,,,,,,,,,,,,,,,,,Verde,,yes,yes,,,,,,,,,,,,,product,,,,,,,,,,,,,,24470592989299940,,,,,
20757,variation,,,"Chamarra BMW Motorrad PCM, Unisex",1,0,visible,,,,,taxable,parent,0,0,,0,0,,,,,0,,,6549.14,,,,,,,76237109628,,,,,,1,,talla,XS,,1,genero,Unisex,,1,color,Negro,,1,,,,,,,,,,,,,,,,,,,,,,,,,,,,,,,,,,Negro,,yes,yes,,,,,,,,,,,,,product,,,,,,,,,,,,,,24487951797526793,,,,,
20758,variation,,,"Botas para motociclista  BMW Motorrad M Pro Race COMP, Unisex",1,0,visible,,,,,taxable,parent,0,0,,0,0,,,,,0,,,11840.21,,,,,,,76228523069,,,,,,1,,talla,24,,1,genero,Unisex,,1,color,Negro,,1,,,,,,,,,,,,,,,,,,,,,,,,,,,,,,,,,,Negro,,yes,yes,,,,,,,,,,,,,product,,,,,,,,,,,,,,24886269997646009,,,,,
20759,variation,,,"Botas para motociclista BMW Motorrad GS Competition, para Hombre",1,0,visible,,,,,taxable,parent,0,0,,0,0,,,,,0,,,13249.16,,,,,,,76227913900,,,,,,1,,talla,25,,1,genero,Hombre,,1,color,Negro,,1,,,,,,,,,,,,,,,,,,,,,,,,,,,,,,,,,,Negro,,yes,yes,,,,,,,,,,,,,product,,,,,,,,,,,,,,24454446417582746,,,,,
20760,variation,,,"Guantes para motociclista  BMW Motorrad GS Puna GTX, para Mujer",1,0,visible,,,,,taxable,parent,0,0,,0,0,,,,,0,,,4037.81,,,,,,,76217913959,,,,,,1,,talla,6,,1,genero,Mujer,,1,color,"Gris / Azul",,1,,,,,,,,,,,,,,,,,,,,,,,,,,,,,,,,,,"Gris / Azul",,yes,yes,,,,,,,,,,,,,product,,,,,,,,,,,,,,24422126644111018,,,,,
20765,variation,,,"Tenis para motociclista BMW Motorrad Seoul GTX, Unisex",1,0,visible,,,,,taxable,parent,0,,,0,0,,,,,0,,,,,,,,,,76227913874,,,,,,0,,talla,,,1,genero,,,1,color,,,1,,,,,,,,,,,,,,,,,,,,,,,,,,,,,,,,,,,,,,,,,,,,,,,,,,,,,,,,,,,,,,,,,,,,,
20781,simple,46548414477,,"Softbag izquierda",1,0,visible,,"La softbag izquierda de BMW Motorrad es el complemento ideal para tu R 18 Classic. Diseñada exclusivamente para este modelo, combina estilo y funcionalidad con materiales resistentes al desgaste y a la intemperie. Su amplio espacio de almacenamiento te permite llevar tus pertenencias de forma práctica y segura en cada viaje. Incluye los elementos de fijación para una instalación sencilla y un ajuste perfecto en el lado izquierdo de la moto.\n\n&nbsp;\n\nCompatible con: <span data-sheets-root=""1"">R18</span>",,,taxable,,1,1,,0,0,,,,,1,,,16655.26,"Accesorios para vehiculo > Maletas y Alforjas",,,https://vecsaboutique.com/wp-content/uploads/2025/09/46548414477.avif,,,,,,46548414478,,,0,MOTORRAD,,,,,,,,,,,,,,,,,,,,,,,,,,,,,,,,,,,,,,,,,,sync-and-show,updated,synced,1774062029,,approved,,yes,yes,,,,,,,,,,,,product,,,,,,,,,,,,,,,,,,,
20783,simple,46548414478,,"Softbag derecha",1,0,visible,,"<span data-sheets-root=""1"">La softbag de BMW Motorrad es el complemento ideal para tu R 18 Classic. Diseñada exclusivamente para este modelo, combina estilo y funcionalidad con materiales resistentes al desgaste y a la intemperie. Su amplio espacio de almacenamiento te permite llevar tus pertenencias de forma práctica y segura en cada viaje. Incluye los elementos de fijación para una instalación sencilla y un ajuste perfecto en el lado derecho de la moto.</span>\n\n&nbsp;\n\nCompatible con: <span data-sheets-root=""1"">R18</span>",,,taxable,,1,1,,0,0,,,,,1,,,16655.26,"Accesorios para vehiculo > Maletas y Alforjas",,,https://vecsaboutique.com/wp-content/uploads/2025/09/46548414477.avif,,,,,46548414477,,,,0,MOTORRAD,,,,,,,,,,,,,,,,,,,,,,,,,,,,,,,,,,,,,,,,,,sync-and-show,updated,synced,1774062029,,approved,,yes,yes,,,,,,,,,,,,product,,,,,,,,,,,,,,,,,,,
20785,simple,77532468181,,"Distribuidor de cables delantero",1,0,visible,,"<span data-sheets-root=""1"">Distribuidor de cables delantero apara conectar bocina USB</span>\n\nCompatible con: <span data-sheets-root=""1"">R18</span>",,,taxable,,1,2,,0,0,,,,,1,,,1222.81,"Accesorios para vehiculo > Bocinas",,,"https://vecsaboutique.com/wp-content/uploads/2025/09/77532468181.avif, https://vecsaboutique.com/wp-content/uploads/2025/09/77532468181_2.avif",,,,,,,,,0,MOTORRAD,,,,,,,,,,,,,,,,,,,,,,,,,,,,,,,,,,,,,,,,,,sync-and-show,created,synced,1774062029,,approved,,yes,yes,,,,,,,,,,,,product,,,,,,,,,,,,,,,,,,,
20789,simple,51118069089,,"Revestimiento parachoques MSP",1,0,visible,,"Compatible con: <span data-sheets-root=""1"">X2 F39</span>",,,taxable,,1,1,,0,0,,,,,1,,,5119.62,"Partes Originales > Molduras",,,"https://vecsaboutique.com/wp-content/uploads/2025/09/51118069089.avif, https://vecsaboutique.com/wp-content/uploads/2025/09/51118069089_1.avif, https://vecsaboutique.com/wp-content/uploads/2025/09/51118069089_2.avif",,,,,,51118069096,,,0,BMW,,,,,,,,,,,,,,,,,,,,,,,,,,,,,,,,,,,,,,,,,,sync-and-show,created,synced,1774062029,,approved,,yes,yes,,,,,,,,,,,,product,,,,,,,,,,,,,,,,,,,
20793,simple,51118090114,,"Revestimiento parachoques, imprimado, delantero M PDC/PMA",1,0,visible,,"<span data-sheets-root=""1"">Panel, parachoques, imprimado, frontal desde el ajuste del vehículo Bumper, categoría delantera\nPieza de repuesto para la serie Modelo X2 F39\nPara vehículos\nSin sistema de limpieza de faros (Equipo especial No.: 0502)\nCon asistencia de estacionamiento (equipo especial No.: 05DP)\nSin paquete M Aerodynamics (Equipo especial No.: 0715)\nCon moldura exterior M Sport X (Equipo especial No.: 071A)</span>\n\n&nbsp;\n\nCompatible con: <span data-sheets-root=""1"">X2 F39</span>\n\n&nbsp;",,,taxable,,1,1,,0,0,,,,,1,,,22367.44,"Partes Originales > Molduras",,,https://vecsaboutique.com/wp-content/uploads/2025/09/51118090114.avif,,,,,,,,,0,BMW,,,,,,,,,,,,,,,,,,,,,,,,,,,,,,,,,,,,,,,,,,sync-and-show,created,synced,1774062029,,approved,,yes,yes,,,,,,,,,,,,product,,,,,,,,,,,,,,,,,,,
20801,simple,80225B320D9,,"Maleta de cabina MINI con logotipo en relieve",1,0,visible,,"<span data-sheets-root=""1"">Viaja con estilo y practicidad con la maleta de cabina rígida MINI en azul brillante, con el icónico logotipo Wing en relieve. Su diseño inteligente incluye apertura frontal de fácil acceso, funda acolchada para laptop de hasta 13”, divisor de malla y bolsillo extraíble con cremallera para una organización óptima.\nFabricada en policarbonato resistente (30% reciclado), cuenta con cerradura TSA integrada, ruedas silenciosas de alta calidad y forro con estampado pata de gallo MINI. Compacta, ligera y segura: el accesorio perfecto para tus viajes.\nDimensiones: 55 × 33,5 × 22 cm | Volumen: 33 L | Peso: 3,1 kg</span>",,,taxable,,1,2,,0,0,,,,,1,,,5622.56,"Life Style > Maletas",,,"https://vecsaboutique.com/wp-content/uploads/2025/09/80225B320D9.avif, https://vecsaboutique.com/wp-content/uploads/2025/09/80225B320D9_2.avif, https://vecsaboutique.com/wp-content/uploads/2025/09/80225B320D9_3.avif, https://vecsaboutique.com/wp-content/uploads/2025/09/80225B320D9_4.avif, https://vecsaboutique.com/wp-content/uploads/2025/09/80225B320D9_5.avif",,,,,,,,,0,MINI,,,,,,,,,,,,,,,,,,,,,,,,,,,,,,,,,,,,,,,,,,sync-and-show,updated,synced,1773802832,,approved,,yes,yes,,,,,,,,,,,,product,,,,,,,,,,,,,,,,,,,
20876,simple,18307622764,,"Moldura escape cromo negro",1,0,visible,,"<span data-sheets-root=""1"">Esta atractiva punta de escape cromada en negro forma parte del acabado Sport Line de los BMW. Reemplace la punta que le falta o cambie la estética de su vehículo con este atractivo embellecedor de escape</span>",,,taxable,,1,1,,0,0,,,,,1,,,2007.86,"Accesorios para vehiculo > Escapes",,,"https://vecsaboutique.com/wp-content/uploads/2025/10/18307622764.avif, https://vecsaboutique.com/wp-content/uploads/2025/10/18307622764_2.avif, https://vecsaboutique.com/wp-content/uploads/2025/10/18307622764_3.avif, https://vecsaboutique.com/wp-content/uploads/2025/10/18307622764_4.avif, https://vecsaboutique.com/wp-content/uploads/2025/10/18307622764_5.avif",,,,,,,,,0,BMW,,,,,,,,,,,,,,,,,,,,,,,,,,,,,,,,,,,,,,,,,,sync-and-show,created,synced,1774148558,,approved,,yes,yes,,,,,,1,0,'@ALL,,,,product,,,,,,,,,,,,,,,,,,,
20882,simple,36116883523,,"Rin de aleación Vielspeiche 781 18x7,5 ET25",1,0,visible,,"<span data-sheets-root=""1"">Llanta Original BMW de Aleación\nColor: Ferric Grey Metallic\nDiseño: Vielspeiche (Multirradio)\nAncho de llanta: 7.5 pulgadas\nTamaño de llanta: 18 pulgadas\nProfundidad de inserción: 25 mm\nEje: Compatible con eje delantero y trasero\nCompatible con módulos RDC BMW Serie 3\n\n\n</span>\n\nCompatible con: <span data-sheets-root=""1"">BMW 330i 2019-2020\nBMW M340i 2020</span>",,,taxable,,1,2,,0,0,,,,,1,,,11670.42,"Llantas y rines > Rines",,,"https://vecsaboutique.com/wp-content/uploads/2025/10/36116883523.avif, https://vecsaboutique.com/wp-content/uploads/2025/10/36116883523_2.avif",,,,,,,,,0,BMW,,,,,,,,,,,,,,,,,,,,,,,,,,,,,,,,,,,,,,,,,,sync-and-show,created,synced,1774148558,,approved,,yes,yes,,,,,,1,0,'@ALL,,,,product,,,,,,,,,,,,,,,,,,,
20885,simple,36120040550,,"Llanta Hankook Ventus Prime2 K115B HRS 195/55R16 87W",1,0,visible,,"<span data-sheets-root=""1"">Rendimiento y seguridad para tu MINI. La llanta Hankook Ventus ofrece excelente agarre en carretera seca y mojada, mayor estabilidad a altas velocidades y una conducción cómoda en cada trayecto. Diseñada para un equilibrio ideal entre durabilidad, estilo y desempeño.</span>",,,taxable,,1,2,,0,0,,,,,1,,,3974.41,"Llantas y rines > Llantas",,,"https://vecsaboutique.com/wp-content/uploads/2025/10/36120040550.avif, https://vecsaboutique.com/wp-content/uploads/2025/10/36120040550_2.avif",,,,,,,,,0,MINI,,,,,,,,,,,,,,,,,,,,,,,,,,,,,,,,,,,,,,,,,,sync-and-show,updated,synced,1774148558,,approved,,yes,yes,,,,,,1,0,'@ALL,,,,product,,,,,,,,,,,1761001296,,,,,,,,
20888,simple,36122454397,,"Llanta Michelin Latitude Sport3 ZP 245/45R20 103W",1,0,visible,,"<span data-sheets-root=""1"">La llanta Michelin Latitude combina seguridad, confort y durabilidad, ideal para SUVs y crossovers. Su diseño optimiza la tracción en seco y mojado, ofreciendo mayor estabilidad a altas velocidades y una conducción cómoda en todo momento.</span>",,,taxable,,1,2,,0,0,,,,,1,,,11652.08,"Llantas y rines > Llantas",,,"https://vecsaboutique.com/wp-content/uploads/2025/10/36122454397.avif, https://vecsaboutique.com/wp-content/uploads/2025/10/36122454397_2.avif, https://vecsaboutique.com/wp-content/uploads/2025/10/36122454397_3.avif",,,,,,,,,0,BMW,,,,,,,,,,,,,,,,,,,,,,,,,,,,,,,,,,,,,,,,,,sync-and-show,created,synced,1774148558,,approved,,yes,yes,,,,,,1,0,'@ALL,,,,product,,,,,,,,,,,,,,,,,,,
20892,simple,36122454398,,"Llanta Michelin Latitud Sport3 275/40R20 106W",1,0,visible,,"<span data-sheets-root=""1"">La llanta Michelin Latitude está diseñada para SUVs y crossovers que buscan un equilibrio perfecto entre seguridad, rendimiento y confort. Ofrece gran tracción en superficies secas y mojadas, excelente estabilidad a altas velocidades y una durabilidad superior, ideal para viajes largos y conducción diaria.\nFicha técnica:\nMedida: 275/40R20\nÍndice de carga: 106 (950 kg por llanta)\nÍndice de velocidad: W (hasta 270 km/h)\nTipo: SUV / Crossover\nBeneficios: Máximo agarre, estabilidad en carretera y mayor vida útil</span>",,,taxable,,1,2,,0,0,,,,,1,,,9992.71,"Llantas y rines > Llantas",,,"https://vecsaboutique.com/wp-content/uploads/2025/10/36122454398.avif, https://vecsaboutique.com/wp-content/uploads/2025/10/36122454398_2.avif, https://vecsaboutique.com/wp-content/uploads/2025/10/36122454398_3.avif",,,,,,,,,0,BMW,,,,,,,,,,,,,,,,,,,,,,,,,,,,,,,,,,,,,,,,,,sync-and-show,created,synced,1774148558,,approved,,yes,yes,,,,,,1,0,'@ALL,,,,product,,,,,,,,,,,,,,,,,,,
20896,simple,36122469709,,"Tapacubos flotante MINI",1,0,visible,,"<span data-sheets-root=""1"">Dale un toque elegante y distintivo a tu MINI con este tapacubos flotante de diseño sofisticado y aro cromado. Compatible únicamente con MINI de chasis F con ruedas de 5 orejetas, garantiza un ajuste perfecto y una apariencia premium en cada detalle. No compatible con MINI de chasis R con ruedas de 4 o 5 orejetas.</span>\n\n&nbsp;\n\nCompatible con:\n\n<span data-sheets-root=""1"">Mini Cooper Hatchback Base y S (F56) 2014-2022\n\nMini Cooper Base y S de 5 puertas (F55) 2015-2022\n\nMini Cooper Clubman Base, ALL4, S y S ALL4 (F54) 2015-2022\n\nMini Cooper Convertible Base y S (F57) 2016-2022\n\nMini Cooper Countryman Base y S (F60) 2016-2022</span>",,,taxable,,1,4,,0,0,,,,,1,,,2315.50,"Llantas y rines > Centros de Rin",,,"https://vecsaboutique.com/wp-content/uploads/2025/10/36122469709.avif, https://vecsaboutique.com/wp-content/uploads/2025/10/36122469709_2.avif, https://vecsaboutique.com/wp-content/uploads/2025/10/36122469709_3.avif",,,,,,,,,0,MINI,,,,,,,,,,,,,,,,,,,,,,,,,,,,,,,,,,,,,,,,,,sync-and-show,created,synced,1774148558,,approved,,yes,yes,,,,,,1,0,'@ALL,,,,product,,,,,,,,,,,,,,,,,,,
20900,simple,36125A404A6,,"Llanata Pirelli P-Zero I r-f245/45R18 100Y",1,0,visible,,"<span data-sheets-root=""1"">La Pirelli P-Zero Run Flat combina alto rendimiento con seguridad. Ofrece un agarre excepcional en carretera seca y mojada, gran estabilidad a altas velocidades y la tecnología Run Flat, que permite seguir conduciendo incluso en caso de pérdida de presión. Ideal para una experiencia de manejo deportiva y segura.</span>",,,taxable,,1,1,,0,0,,,,,1,,,5647.28,"Llantas y rines > Llantas",,,"https://vecsaboutique.com/wp-content/uploads/2025/10/36125A404A6.avif, https://vecsaboutique.com/wp-content/uploads/2025/10/36125A404A6_2.avif",,,,,,,,,0,BMW,,,,,,,,,,,,,,,,,,,,,,,,,,,,,,,,,,,,,,,,,,sync-and-show,created,synced,1774148558,,approved,,yes,yes,,,,,,1,0,'@ALL,,,,product,,,,,,,,,,,,,,,,,,,
20904,simple,36125A66DF8,,"Llanta Michelin E PRIMACY245/40R20 99Y",1,0,visible,,"<span data-sheets-root=""1"">La Michelin e·Primacy está diseñada para maximizar la eficiencia, el confort y la durabilidad. Ideal para autos eléctricos e híbridos, ofrece menor resistencia al rodaje, lo que ayuda a optimizar la autonomía de la batería y reducir el consumo de energía. Además, proporciona un manejo silencioso, seguro y estable tanto en seco como en mojado, garantizando confianza en cada trayecto.</span>",,,taxable,,1,1,,0,0,,,,,1,,,8411.43,"Llantas y rines > Llantas",,,"https://vecsaboutique.com/wp-content/uploads/2025/10/36125A66DF8.avif, https://vecsaboutique.com/wp-content/uploads/2025/10/36125A66DF8_2.avif, https://vecsaboutique.com/wp-content/uploads/2025/10/36125A66DF8_3.avif",,,,,,,,,0,BMW,,,,,,,,,,,,,,,,,,,,,,,,,,,,,,,,,,,,,,,,,,sync-and-show,updated,synced,1774148558,,approved,,yes,yes,,,,,,1,0,'@ALL,,,,product,,,,,,,,,,,,,,,,,,,
20909,simple,36125A88B75,,"Llanta Continental EcoContact 6275/35R22 104Y",1,0,visible,,"<span data-sheets-root=""1"">La Continental EcoContact 6 ofrece un equilibrio perfecto entre eficiencia, seguridad y confort. Diseñada para SUVs y vehículos de alto desempeño, reduce la resistencia al rodaje para mejorar la eficiencia de combustible y la autonomía en autos eléctricos, al mismo tiempo que brinda un excelente agarre en seco y mojado. Su tecnología avanzada garantiza un desgaste uniforme y mayor durabilidad, ideal para quienes buscan rendimiento con responsabilidad ecológica.</span>",,,taxable,,1,1,,0,0,,,,,1,,,9030.86,"Llantas y rines > Llantas",,,https://vecsaboutique.com/wp-content/uploads/2025/10/36125A88B75.avif,,,,,,,,,0,BMW,,,,,,,,,,,,,,,,,,,,,,,,,,,,,,,,,,,,,,,,,,sync-and-show,updated,synced,1774148558,,approved,,yes,yes,,,,,,1,0,'@ALL,,,,product,,,,,,,,,,,,,,,,,,,
20911,simple,36125B48E49,,"Llanta Vredestein Ultrac215/40R18 89Y",1,0,visible,,"<span data-sheets-root=""1"">La Vredestein Ultrac está diseñada para brindar un equilibrio perfecto entre rendimiento, seguridad y confort. Ideal para autos deportivos y de alto desempeño, ofrece un agarre excelente tanto en seco como en mojado, respuesta precisa en la dirección y gran estabilidad a altas velocidades. Su compuesto avanzado garantiza durabilidad y un desgaste uniforme, asegurando una conducción confiable en cada trayecto.</span>",,,taxable,,1,1,,0,0,,,,,1,,,5109.79,"Llantas y rines > Llantas",,,https://vecsaboutique.com/wp-content/uploads/2025/10/36125B48E49.avif,,,,,,,,,0,MINI,,,,,,,,,,,,,,,,,,,,,,,,,,,,,,,,,,,,,,,,,,sync-and-show,created,synced,1774148558,,approved,,yes,yes,,,,,,1,0,'@ALL,,,,product,,,,,,,,,,,,,,,,,,,
20913,simple,36125B49406,,"Llanta Bridgestone Turanza 6225/55R18 102Y",1,0,visible,,"<span data-sheets-root=""1"">La Bridgestone Turanza T622 está diseñada para ofrecer un equilibrio perfecto entre confort, seguridad y eficiencia en carretera. Ideal para SUVs y vehículos premium, proporciona un manejo silencioso, gran estabilidad a altas velocidades y excelente agarre en superficies secas y mojadas. Su tecnología avanzada garantiza un desgaste uniforme y mayor durabilidad, asegurando una conducción confiable y placentera.</span>",,,taxable,,1,1,,0,0,,,,,1,,,6164.89,"Llantas y rines > Llantas",,,"https://vecsaboutique.com/wp-content/uploads/2025/10/36125B49406.avif, https://vecsaboutique.com/wp-content/uploads/2025/10/36125B49406_2.avif",,,,,,,,,0,BMW,,,,,,,,,,,,,,,,,,,,,,,,,,,,,,,,,,,,,,,,,,sync-and-show,created,synced,1774148558,,approved,,yes,yes,,,,,,1,0,'@ALL,,,,product,,,,,,,,,,,,,,,,,,,
20916,simple,36125B4AE86,,"Llanta Pirelli P-Zero255/45R20 105Y",1,0,visible,,"<span data-sheets-root=""1"">La Pirelli P Zero está diseñada para vehículos de alto desempeño y deportivos que buscan máximo rendimiento y seguridad. Ofrece un agarre excepcional tanto en seco como en mojado, gran estabilidad a altas velocidades y respuesta precisa en la dirección. Su diseño avanzado garantiza durabilidad, control y confort en cada trayecto, combinando seguridad y estilo en la carretera.</span>",,,taxable,,1,1,,0,0,,,,,1,,,11030.00,"Llantas y rines > Llantas",,,https://vecsaboutique.com/wp-content/uploads/2025/10/36125B4AE86.avif,,,,,,,,,0,BMW,,,,,,,,,,,,,,,,,,,,,,,,,,,,,,,,,,,,,,,,,,sync-and-show,created,synced,1774148558,,approved,,yes,yes,,,,,,1,0,'@ALL,,,,product,,,,,,,,,,,,,,,,,,,
20918,simple,36135B30FD0,,"Tapacubos MINI Vibrant Silver wordmark",1,0,visible,,"<span data-sheets-root=""1"">Tapacubos fijos con la marca denominativa MINI, suministrados en un juego en un llamativo color plata vibrante. Estos tapacubos se mantienen horizontales y, por lo tanto, son legibles durante la conducción.\n\nAdecuado para juegos de ruedas con ø 56 mm\nJuego de cuatro tapacubos fijos\n</span>",,,taxable,,1,3,,0,0,,,,,1,,,2143.61,"Llantas y rines > Centros de Rin",,,"https://vecsaboutique.com/wp-content/uploads/2025/10/36135B30FD0.avif, https://vecsaboutique.com/wp-content/uploads/2025/10/36135B30FD0-1.avif",,,,,,,,,0,MINI,,,,,,,,,,,,,,,,,,,,,,,,,,,,,,,,,,,,,,,,,,sync-and-show,created,synced,1774148558,,approved,,yes,yes,,,,,,1,0,'@ALL,,,,product,,,,,,,,,,,,,,,,,,,
20921,simple,51472469099,,"Alfombra para maletero F40",1,0,visible,,"<span data-sheets-root=""1"">La alfombrilla moldeada, de ajuste preciso, protege eficazmente el maletero de la suciedad y la humedad. Esto se garantiza gracias a su borde alto y envolvente y a la excelente calidad de su material resistente y antideslizante. En color negro, la alfombrilla se integra con elegancia en el interior del maletero. Una tira de acero inoxidable le añade un toque elegante. Además, esta alfombrilla de alta calidad para maletero destaca por su practicidad: no restringe el acceso a las argollas de amarre existentes</span>",,,taxable,,1,1,,0,0,,,,,1,,,2973.76,"Accesorios para vehiculo > Tapetes",,,"https://vecsaboutique.com/wp-content/uploads/2025/10/51472469099.avif, https://vecsaboutique.com/wp-content/uploads/2025/10/51472469099_1.avif, https://vecsaboutique.com/wp-content/uploads/2025/10/51472469099_2.avif",,,,,,,,,0,BMW,,,,,,,,,,,,,,,,,,,,,,,,,,,,,,,,,,,,,,,,,,sync-and-show,created,synced,1774148558,,approved,,yes,yes,,,,,,1,0,'@ALL,,,,product,,,,,,,,,,,,,,,,,,,
20926,simple,36125A57362,,"Llanta Michelin Pilot Sport 4 S245/45R19 102Y",1,0,visible,,"<span data-sheets-root=""1"">La Michelin Pilot Sport 4 S es una llanta de alto rendimiento para verano que ofrece un agarre excepcional, precisión en el manejo y frenado confiable incluso en condiciones húmedas. Su diseño tecnológico incorpora componentes derivados del automovilismo para asegurar una conducción deportiva sin comprometer la durabilidad.</span>",,,taxable,,1,2,,0,0,,,,,1,,,7829.34,"Llantas y rines > Llantas",,,"https://vecsaboutique.com/wp-content/uploads/2025/10/36125A57362.avif, https://vecsaboutique.com/wp-content/uploads/2025/10/36125A57362_3.avif",,,,,,,,,0,BMW,,,,,,,,,,,,,,,,,,,,,,,,,,,,,,,,,,,,,,,,,,sync-and-show,created,synced,1774148558,,approved,,yes,yes,,,,,,1,0,'@ALL,,,,product,,,,,,,,,,,,,,,,,,,
20931,simple,36125A5E933,,"Llanta Pirelli P Zero 285/40R20 108Y",1,0,visible,,"<span data-sheets-root=""1"">La Pirelli P Zero es una llanta de ultra alto rendimiento, diseñada para vehículos deportivos, SUVs premium y modelos de altas prestaciones. Ofrece un agarre excepcional tanto en seco como en mojado, respuesta precisa en la dirección y gran estabilidad a altas velocidades. Su diseño avanzado garantiza seguridad, confort y un estilo deportivo en cada trayecto.</span>",,,taxable,,1,1,,0,0,,,,,1,,,11059.59,"Llantas y rines > Llantas",,,https://vecsaboutique.com/wp-content/uploads/2025/10/36125A5E933.avif,,,,,,,,,0,BMW,,,,,,,,,,,,,,,,,,,,,,,,,,,,,,,,,,,,,,,,,,sync-and-show,created,synced,1774839652,,approved,,yes,yes,,,,,,1,0,'@ALL,,,,product,,,,,,,,,,,,,,,,,,,
20938,simple,,,"producto de pureba",0,0,visible,,,,,taxable,,1,,,0,0,,,,,1,,,10,Uncategorized,,,,,,,,,,,,0,,,,,,,,,,,,,,,,,,,,,,,,,,,,,,,,,,,,,,,,,,,sync-and-show,,,,,,,yes,yes,,,,,,1,0,'@ALL,,,,product,,,,,,,,,,,,,,,,,,,
